date,max_temp_c,min_temp_c,relative_humidity_pct,normal_max_temp_c,temp_anomaly_c,risk,duration_days,above_local_p90,imd_like_heat_day,imd_like_severe_day
2015-01-01,23.9,8.07,44.51,22.535333333333337,1.3646666666666611,Low,1,False,False,False
2015-01-02,21.34,11.84,59.67,22.474777777777778,-1.1347777777777779,Low,1,False,False,False
2015-01-03,20.72,8.65,76.62,22.452133333333336,-1.732133333333337,Low,1,False,False,False
2015-01-04,21.5,8.12,62.98,22.437755555555558,-0.9377555555555581,Low,1,False,False,False
2015-01-05,22.76,6.59,44.1,22.431400000000004,0.328599999999998,Low,1,False,False,False
2015-01-06,22.39,6.79,53.13,22.391222222222222,-0.0012222222222213475,Low,1,False,False,False
2015-01-07,21.21,6.26,55.87,22.42482222222222,-1.214822222222221,Low,1,False,False,False
2015-01-08,21.56,5.4,46.51,22.491222222222223,-0.9312222222222246,Low,1,False,False,False
2015-01-09,21.14,4.16,39.9,22.51342222222222,-1.3734222222222208,Low,1,False,False,False
2015-01-10,21.41,3.7,39.1,22.509244444444445,-1.0992444444444445,Low,1,False,False,False
2015-01-11,23.24,4.05,36.93,22.535800000000002,0.7041999999999966,Low,1,False,False,False
2015-01-12,23.75,4.22,36.56,22.5652,1.1847999999999992,Low,1,False,False,False
2015-01-13,21.66,5.77,39.03,22.58406666666666,-0.9240666666666613,Low,1,False,False,False
2015-01-14,18.59,6.95,54.93,22.604177777777775,-4.014177777777775,Low,1,False,False,False
2015-01-15,19.55,4.48,67.56,22.64688888888889,-3.0968888888888877,Low,1,False,False,False
2015-01-16,21.28,5.15,63.7,22.71151111111111,-1.43151111111111,Low,1,False,False,False
2015-01-17,23.07,6.67,55.9,22.784866666666662,0.2851333333333379,Low,1,False,False,False
2015-01-18,22.65,5.81,49.93,22.887088888888886,-0.2370888888888878,Low,1,False,False,False
2015-01-19,22.19,5.4,43.43,23.033711111111106,-0.8437111111111051,Low,1,False,False,False
2015-01-20,20.73,6.31,41.27,23.159355555555553,-2.429355555555553,Low,1,False,False,False
2015-01-21,20.75,6.57,42.38,23.260111111111115,-2.510111111111115,Low,1,False,False,False
2015-01-22,17.75,8.77,77.98,23.339355555555557,-5.5893555555555565,Low,1,False,False,False
2015-01-23,21.22,8.02,76.24,23.456488888888885,-2.2364888888888856,Low,1,False,False,False
2015-01-24,21.91,7.21,65.8,23.577688888888886,-1.6676888888888861,Low,1,False,False,False
2015-01-25,21.4,5.71,45.88,23.7166,-2.316600000000001,Low,1,False,False,False
2015-01-26,18.94,8.32,62.71,23.872511111111113,-4.932511111111111,Low,1,False,False,False
2015-01-27,20.24,6.68,61.75,24.0528,-3.812800000000003,Low,1,False,False,False
2015-01-28,19.39,3.91,49.46,24.255044444444444,-4.865044444444443,Low,1,False,False,False
2015-01-29,19.48,3.25,42.55,24.43764444444444,-4.9576444444444405,Low,1,False,False,False
2015-01-30,20.93,3.67,39.83,24.64611111111111,-3.716111111111111,Low,1,False,False,False
2015-01-31,23.44,4.93,36.8,24.836555555555556,-1.3965555555555547,Low,1,False,False,False
2015-02-01,22.99,8.46,36.56,24.962155555555558,-1.9721555555555597,Low,1,False,False,False
2015-02-02,24.64,8.41,42.78,25.038933333333333,-0.39893333333333203,Low,1,False,False,False
2015-02-03,24.27,10.38,54.67,25.05077777777778,-0.7807777777777787,Low,1,False,False,False
2015-02-04,23.5,7.65,62.64,25.08062222222222,-1.580622222222221,Low,1,False,False,False
2015-02-05,23.98,5.91,48.36,25.21828888888889,-1.2382888888888886,Low,1,False,False,False
2015-02-06,24.44,6.95,39.5,25.346244444444448,-0.9062444444444466,Low,1,False,False,False
2015-02-07,25.35,9.1,41.55,25.447022222222223,-0.0970222222222219,Low,1,False,False,False
2015-02-08,25.63,12.02,44.16,25.5608,0.0691999999999986,Low,1,False,False,False
2015-02-09,25.79,8.59,48.01,25.69815555555556,0.0918444444444404,Low,1,False,False,False
2015-02-10,25.09,7.93,41.84,25.818933333333334,-0.7289333333333339,Low,1,False,False,False
2015-02-11,24.56,8.34,39.12,25.900955555555555,-1.3409555555555563,Low,1,False,False,False
2015-02-12,25.11,7.0,38.18,25.980733333333333,-0.8707333333333338,Low,1,False,False,False
2015-02-13,26.8,7.21,31.5,26.121555555555556,0.6784444444444446,Low,1,False,False,False
2015-02-14,30.06,11.01,36.06,26.23182222222222,3.8281777777777783,Low,1,False,False,False
2015-02-15,28.85,12.35,36.57,26.372622222222223,2.477377777777779,Low,1,False,False,False
2015-02-16,27.8,13.21,38.14,26.5314,1.2685999999999993,Low,1,False,False,False
2015-02-17,28.07,11.5,44.14,26.72222222222222,1.3477777777777789,Low,1,False,False,False
2015-02-18,28.6,13.3,40.01,26.923044444444443,1.6769555555555584,Low,1,False,False,False
2015-02-19,29.97,14.03,38.16,27.12337777777778,2.8466222222222193,Low,1,False,False,False
2015-02-20,30.86,14.05,41.7,27.301733333333335,3.5582666666666647,Low,1,False,False,False
2015-02-21,30.78,14.16,38.26,27.478200000000005,3.3017999999999965,Low,1,False,False,False
2015-02-22,31.7,14.33,43.13,27.628056206088992,4.071943793911007,Moderate,1,True,False,False
2015-02-23,27.64,14.98,41.13,27.868032786885248,-0.22803278688524742,Low,1,False,False,False
2015-02-24,28.3,16.64,37.87,28.07224824355972,0.22775175644028067,Low,1,False,False,False
2015-02-25,30.09,14.51,36.4,28.334262295081967,1.7557377049180332,Low,1,False,False,False
2015-02-26,25.86,8.98,28.45,28.601615925058546,-2.7416159250585466,Low,1,False,False,False
2015-02-27,27.23,7.74,26.4,28.863559718969555,-1.633559718969554,Low,1,False,False,False
2015-02-28,27.38,8.95,31.21,29.11730679156909,-1.7373067915690896,Low,1,False,False,False
2015-03-01,19.81,13.44,83.57,29.60613583138173,-9.796135831381733,Low,1,False,False,False
2015-03-02,21.18,12.51,83.9,29.87288056206089,-8.692880562060889,Low,1,False,False,False
2015-03-03,23.5,10.93,64.28,30.130163934426232,-6.630163934426232,Low,1,False,False,False
2015-03-04,24.18,8.66,48.97,30.42782201405152,-6.247822014051522,Low,1,False,False,False
2015-03-05,26.78,10.2,40.01,30.675995316159256,-3.8959953161592544,Low,1,False,False,False
2015-03-06,27.67,10.7,48.8,30.9004449648712,-3.2304449648711966,Low,1,False,False,False
2015-03-07,28.18,12.13,49.87,31.094121779859485,-2.914121779859485,Low,1,False,False,False
2015-03-08,26.73,14.17,54.08,31.1864,-4.456399999999999,Low,1,False,False,False
2015-03-09,25.17,9.29,47.22,31.4392,-6.269199999999998,Low,1,False,False,False
2015-03-10,26.43,8.3,47.63,31.7304,-5.3004,Low,1,False,False,False
2015-03-11,28.65,9.57,36.23,31.999466666666663,-3.3494666666666646,Low,1,False,False,False
2015-03-12,30.79,12.83,38.12,32.2746,-1.4846000000000004,Low,1,False,False,False
2015-03-13,28.81,15.22,49.15,32.522,-3.7119999999999997,Low,1,False,False,False
2015-03-14,29.03,16.75,54.78,32.714844444444445,-3.684844444444444,Low,1,False,False,False
2015-03-15,24.5,15.03,72.64,32.89988888888889,-8.399888888888889,Low,1,False,False,False
2015-03-16,25.17,14.33,72.76,33.123022222222225,-7.9530222222222235,Low,1,False,False,False
2015-03-17,27.8,12.82,58.38,33.33011111111111,-5.530111111111108,Low,1,False,False,False
2015-03-18,28.07,12.24,53.11,33.50428888888889,-5.4342888888888865,Low,1,False,False,False
2015-03-19,29.55,11.32,43.09,33.67991111111111,-4.1299111111111095,Low,1,False,False,False
2015-03-20,31.7,14.21,36.16,33.88886666666667,-2.188866666666673,Low,1,False,False,False
2015-03-21,32.78,15.89,38.75,34.141866666666665,-1.3618666666666641,Low,1,False,False,False
2015-03-22,33.92,16.08,44.46,34.41535555555556,-0.4953555555555553,Low,1,False,False,False
2015-03-23,34.34,17.84,42.03,34.6516,-0.31159999999999854,Low,1,False,False,False
2015-03-24,36.03,16.88,29.79,34.84142222222223,1.1885777777777733,Low,1,False,False,False
2015-03-25,36.34,21.63,30.21,34.99291111111111,1.3470888888888908,Low,1,False,False,False
2015-03-26,36.73,19.31,36.78,35.14222222222222,1.5877777777777737,Low,1,False,False,False
2015-03-27,36.88,20.55,35.96,35.28031111111111,1.5996888888888918,Low,1,False,False,False
2015-03-28,36.88,18.45,29.79,35.43346666666667,1.4465333333333348,Low,1,False,False,False
2015-03-29,30.64,18.32,40.5,35.61944444444445,-4.979444444444447,Low,1,False,False,False
2015-03-30,28.32,17.67,68.02,35.83931111111111,-7.519311111111108,Low,1,False,False,False
2015-03-31,31.89,16.72,57.66,36.04628888888888,-4.156288888888881,Low,1,False,False,False
2015-04-01,33.86,19.31,44.99,36.27857777777778,-2.4185777777777773,Low,1,False,False,False
2015-04-02,35.98,20.84,40.13,36.52422222222223,-0.5442222222222313,Low,1,False,False,False
2015-04-03,30.63,20.78,52.74,36.733377777777775,-6.1033777777777765,Low,1,False,False,False
2015-04-04,25.46,17.35,72.93,36.97615555555555,-11.51615555555555,Low,1,False,False,False
2015-04-05,31.21,15.56,57.56,37.18664444444445,-5.976644444444446,Low,1,False,False,False
2015-04-06,32.35,16.36,41.36,37.409155555555564,-5.059155555555563,Low,1,False,False,False
2015-04-07,32.2,18.4,38.53,37.60075555555556,-5.4007555555555555,Low,1,False,False,False
2015-04-08,32.78,19.15,42.84,37.809333333333335,-5.029333333333334,Low,1,False,False,False
2015-04-09,33.96,16.35,41.71,38.03431111111111,-4.074311111111108,Low,1,False,False,False
2015-04-10,35.48,16.67,39.39,38.20848888888889,-2.72848888888889,Low,1,False,False,False
2015-04-11,37.14,20.11,31.36,38.400977777777776,-1.260977777777775,Low,1,False,False,False
2015-04-12,33.75,19.78,44.0,38.63024444444444,-4.880244444444443,Low,1,False,False,False
2015-04-13,29.8,20.76,60.72,38.87571111111111,-9.075711111111108,Low,1,False,False,False
2015-04-14,31.78,18.86,54.6,39.07668888888889,-7.2966888888888874,Low,1,False,False,False
2015-04-15,32.91,20.88,51.17,39.27815555555555,-6.368155555555553,Low,1,False,False,False
2015-04-16,34.74,21.06,48.23,39.456488888888885,-4.7164888888888825,Low,1,False,False,False
2015-04-17,35.89,19.85,43.56,39.64866666666667,-3.75866666666667,Low,1,False,False,False
2015-04-18,39.47,20.91,37.8,39.89935555555555,-0.4293555555555528,Moderate,1,False,False,False
2015-04-19,40.86,22.68,33.5,40.11044444444445,0.7495555555555526,Moderate,1,False,False,False
2015-04-20,39.54,23.56,32.27,40.290644444444446,-0.7506444444444469,Moderate,1,False,False,False
2015-04-21,39.23,21.36,31.3,40.50011111111111,-1.2701111111111132,Moderate,1,False,False,False
2015-04-22,39.65,20.05,27.18,40.71031111111112,-1.060311111111119,Moderate,1,False,False,False
2015-04-23,39.96,21.61,24.31,40.933755555555564,-0.973755555555563,Moderate,1,False,False,False
2015-04-24,40.47,27.26,17.76,41.10231111111111,-0.6323111111111146,Moderate,1,False,False,False
2015-04-25,40.43,25.18,20.61,41.282799999999995,-0.8527999999999949,Moderate,1,False,False,False
2015-04-26,36.31,21.6,43.9,41.434333333333335,-5.1243333333333325,Low,1,False,False,False
2015-04-27,38.33,22.16,40.22,41.52704444444444,-3.197044444444444,Moderate,1,False,False,False
2015-04-28,38.9,23.38,41.71,41.64384444444444,-2.7438444444444414,Moderate,1,False,False,False
2015-04-29,38.68,25.95,31.01,41.76173333333333,-3.0817333333333323,Moderate,1,False,False,False
2015-04-30,40.36,23.92,30.15,41.832,-1.4720000000000013,Moderate,1,False,False,False
2015-05-01,37.96,24.94,32.86,41.93557777777777,-3.9755777777777723,Low,1,False,False,False
2015-05-02,38.43,25.02,30.17,42.023155555555554,-3.5931555555555548,Moderate,1,False,False,False
2015-05-03,39.89,23.67,21.83,42.078399999999995,-2.1883999999999943,Moderate,1,False,False,False
2015-05-04,40.75,25.21,18.21,42.13955555555556,-1.3895555555555603,Moderate,1,False,False,False
2015-05-05,41.96,22.83,20.49,42.21975555555555,-0.2597555555555502,Moderate,1,False,False,False
2015-05-06,43.54,22.55,15.9,42.26844444444445,1.271555555555551,Moderate,1,False,False,False
2015-05-07,44.07,24.73,15.73,42.34897777777778,1.7210222222222171,Moderate,1,False,False,False
2015-05-08,43.2,26.72,15.84,42.40802222222222,0.791977777777781,Moderate,1,False,False,False
2015-05-09,42.87,26.35,22.1,42.520022222222224,0.3499777777777737,Moderate,1,False,False,False
2015-05-10,43.43,26.91,22.23,42.63426666666666,0.7957333333333381,Moderate,1,False,False,False
2015-05-11,43.36,28.06,21.17,42.76553333333334,0.594466666666662,Moderate,1,False,False,False
2015-05-12,41.05,29.91,24.32,42.900955555555555,-1.850955555555558,Moderate,1,False,False,False
2015-05-13,40.77,26.96,26.89,42.971399999999996,-2.2013999999999925,Moderate,1,False,False,False
2015-05-14,39.37,26.3,27.4,43.02808888888889,-3.6580888888888907,Moderate,1,False,False,False
2015-05-15,40.34,26.23,28.52,43.13562222222222,-2.795622222222214,Moderate,1,False,False,False
2015-05-16,40.08,28.62,26.33,43.21666666666667,-3.1366666666666703,Moderate,1,False,False,False
2015-05-17,41.48,26.35,23.54,43.31635555555556,-1.8363555555555635,Moderate,1,False,False,False
2015-05-18,43.84,27.88,20.02,43.413399999999996,0.42660000000000764,Moderate,1,False,False,False
2015-05-19,45.73,30.85,16.92,43.49088888888889,2.2391111111111073,High,1,False,True,False
2015-05-20,43.55,28.62,17.14,43.546400000000006,0.00359999999999161,Moderate,1,False,False,False
2015-05-21,44.82,27.82,15.53,43.60217777777778,1.2178222222222175,Moderate,1,False,False,False
2015-05-22,45.41,28.68,15.6,43.64451111111111,1.765488888888889,High,1,False,True,False
2015-05-23,45.93,27.18,13.32,43.66228888888889,2.2677111111111117,High,1,False,True,False
2015-05-24,46.44,27.0,12.83,43.66553333333333,2.774466666666669,High,1,False,True,False
2015-05-25,46.51,27.36,11.1,43.63744444444444,2.8725555555555573,High,1,False,True,False
2015-05-26,46.34,27.23,10.41,43.628688888888895,2.711311111111108,High,1,False,True,False
2015-05-27,44.58,24.59,5.91,43.6098,0.9701999999999984,Moderate,1,False,False,False
2015-05-28,43.77,25.5,9.12,43.64233333333333,0.12766666666666993,Moderate,1,False,False,False
2015-05-29,45.2,27.07,19.41,43.70124444444444,1.4987555555555616,High,1,False,True,False
2015-05-30,44.1,28.7,19.94,43.729311111111116,0.3706888888888855,Moderate,1,False,False,False
2015-05-31,44.21,29.42,19.46,43.714000000000006,0.4959999999999951,Moderate,1,False,False,False
2015-06-01,42.92,29.9,17.44,43.662400000000005,-0.7424000000000035,Moderate,1,False,False,False
2015-06-02,41.92,27.17,25.75,43.63302222222222,-1.7130222222222216,Moderate,1,False,False,False
2015-06-03,41.81,27.57,22.55,43.60995555555555,-1.7999555555555489,Moderate,1,False,False,False
2015-06-04,41.57,29.5,22.1,43.5666,-1.9966000000000008,Moderate,1,False,False,False
2015-06-05,42.29,26.78,23.04,43.53282222222222,-1.2428222222222232,Moderate,1,False,False,False
2015-06-06,41.7,28.45,22.92,43.49028888888889,-1.7902888888888882,Moderate,1,False,False,False
2015-06-07,43.9,27.94,20.99,43.47284444444444,0.42715555555555795,Moderate,1,False,False,False
2015-06-08,45.9,29.52,15.93,43.43511111111112,2.464888888888879,High,1,False,True,False
2015-06-09,46.13,31.6,17.4,43.40673333333333,2.7232666666666745,High,1,False,True,False
2015-06-10,41.78,32.15,28.88,43.328399999999995,-1.5483999999999938,Moderate,1,False,False,False
2015-06-11,43.82,31.31,26.36,43.27304444444445,0.5469555555555488,Moderate,1,False,False,False
2015-06-12,43.79,31.04,30.43,43.14535555555556,0.6446444444444381,Moderate,1,False,False,False
2015-06-13,39.07,29.87,38.4,43.023133333333334,-3.9531333333333336,Moderate,1,False,False,False
2015-06-14,38.93,27.75,41.4,42.9322,-4.002200000000002,Moderate,1,False,False,False
2015-06-15,40.24,27.77,41.44,42.91224444444445,-2.672244444444445,Moderate,1,False,False,False
2015-06-16,40.17,28.13,39.89,42.85815555555555,-2.6881555555555465,Moderate,1,False,False,False
2015-06-17,41.86,28.92,34.04,42.73677777777778,-0.8767777777777823,Moderate,1,False,False,False
2015-06-18,42.51,30.18,27.94,42.58573333333334,-0.0757333333333392,Moderate,1,False,False,False
2015-06-19,43.84,30.48,24.54,42.45753333333333,1.382466666666673,Moderate,1,False,False,False
2015-06-20,42.4,31.21,33.33,42.30004444444445,0.09995555555554603,Moderate,1,False,False,False
2015-06-21,40.14,31.22,39.34,42.15328888888889,-2.013288888888887,Moderate,1,False,False,False
2015-06-22,39.96,30.16,41.82,41.95037777777778,-1.9903777777777805,Moderate,1,False,False,False
2015-06-23,42.37,31.58,36.13,41.75326666666667,0.6167333333333289,Moderate,1,False,False,False
2015-06-24,40.07,29.16,35.92,41.62502222222223,-1.5550222222222274,Moderate,1,False,False,False
2015-06-25,30.14,25.5,70.72,41.52491111111111,-11.384911111111109,Low,1,False,False,False
2015-06-26,39.3,24.52,45.71,41.37497777777777,-2.074977777777775,Moderate,1,False,False,False
2015-06-27,39.86,26.65,50.18,41.24328888888888,-1.3832888888888775,Moderate,1,False,False,False
2015-06-28,41.69,27.14,42.43,41.07826666666667,0.6117333333333264,Moderate,1,False,False,False
2015-06-29,39.55,27.88,44.21,40.90608888888888,-1.356088888888884,Moderate,1,False,False,False
2015-06-30,37.52,26.49,56.14,40.65440000000001,-3.1344000000000065,Low,1,False,False,False
2015-07-01,38.36,26.8,53.1,40.44744444444445,-2.0874444444444507,Moderate,1,False,False,False
2015-07-02,38.65,27.74,47.9,40.257533333333335,-1.6075333333333361,Moderate,1,False,False,False
2015-07-03,40.92,28.25,45.94,40.092933333333335,0.8270666666666671,Moderate,1,False,False,False
2015-07-04,40.67,30.01,44.58,39.89702222222222,0.7729777777777826,Moderate,1,False,False,False
2015-07-05,41.18,29.15,52.07,39.696244444444446,1.483755555555554,Moderate,1,False,False,False
2015-07-06,36.64,28.15,59.65,39.465066666666665,-2.8250666666666646,Low,1,False,False,False
2015-07-07,34.76,29.15,59.36,39.2772,-4.5172000000000025,Low,1,False,False,False
2015-07-08,35.65,28.91,57.21,39.08133333333333,-3.4313333333333347,Low,1,False,False,False
2015-07-09,36.08,29.15,57.66,38.83677777777778,-2.756777777777785,Low,1,False,False,False
2015-07-10,32.39,27.07,72.84,38.58848888888889,-6.198488888888889,Low,1,False,False,False
2015-07-11,31.08,25.52,83.68,38.39811111111111,-7.318111111111115,Low,1,False,False,False
2015-07-12,30.69,25.63,84.73,38.20135555555556,-7.511355555555557,Low,1,False,False,False
2015-07-13,32.62,25.7,81.41,38.00042222222223,-5.380422222222229,Low,1,False,False,False
2015-07-14,34.04,25.26,75.47,37.76537777777777,-3.725377777777773,Low,1,False,False,False
2015-07-15,35.42,26.3,71.28,37.570044444444434,-2.1500444444444327,Low,1,False,False,False
2015-07-16,36.16,25.54,68.61,37.38737777777778,-1.2273777777777823,Low,1,False,False,False
2015-07-17,34.34,26.0,73.01,37.219022222222215,-2.8790222222222113,Low,1,False,False,False
2015-07-18,34.6,26.29,71.25,37.06086666666666,-2.4608666666666608,Low,1,False,False,False
2015-07-19,32.87,26.11,73.89,36.912577777777784,-4.042577777777787,Low,1,False,False,False
2015-07-20,32.67,26.71,74.55,36.76746666666667,-4.097466666666669,Low,1,False,False,False
2015-07-21,34.4,26.52,74.48,36.61904444444444,-2.2190444444444424,Low,1,False,False,False
2015-07-22,33.79,26.3,77.49,36.49357777777778,-2.703577777777781,Low,1,False,False,False
2015-07-23,34.13,26.61,77.08,36.39324444444444,-2.263244444444439,Low,1,False,False,False
2015-07-24,34.62,26.33,73.64,36.31066666666666,-1.6906666666666652,Low,1,False,False,False
2015-07-25,34.42,26.02,72.54,36.208933333333334,-1.7889333333333326,Low,1,False,False,False
2015-07-26,34.05,26.22,76.13,36.05451111111111,-2.004511111111114,Low,1,False,False,False
2015-07-27,34.1,25.1,75.26,35.91702222222222,-1.8170222222222208,Low,1,False,False,False
2015-07-28,34.75,24.79,68.73,35.76773333333333,-1.0177333333333323,Low,1,False,False,False
2015-07-29,34.49,23.76,71.34,35.6622,-1.1721999999999966,Low,1,False,False,False
2015-07-30,35.38,25.67,68.04,35.55608888888889,-0.1760888888888843,Low,1,False,False,False
2015-07-31,33.84,25.55,70.69,35.45731111111111,-1.617311111111107,Low,1,False,False,False
2015-08-01,33.91,25.57,71.7,35.36017777777778,-1.4501777777777818,Low,1,False,False,False
2015-08-02,33.8,25.25,70.87,35.27460000000001,-1.4746000000000095,Low,1,False,False,False
2015-08-03,32.23,24.87,73.28,35.2078,-2.977800000000002,Low,1,False,False,False
2015-08-04,36.38,25.67,59.94,35.15853333333333,1.2214666666666716,Low,1,False,False,False
2015-08-05,36.57,27.65,60.28,35.105244444444445,1.4647555555555556,Low,1,False,False,False
2015-08-06,36.18,27.89,64.01,35.03131111111111,1.1486888888888913,Low,1,False,False,False
2015-08-07,35.34,26.59,71.19,34.92608888888889,0.413911111111112,Low,1,False,False,False
2015-08-08,33.64,26.35,76.37,34.80277777777778,-1.1627777777777766,Low,1,False,False,False
2015-08-09,31.27,25.61,82.51,34.71373333333334,-3.4437333333333378,Low,1,False,False,False
2015-08-10,34.63,25.38,69.25,34.68682222222222,-0.05682222222221611,Low,1,False,False,False
2015-08-11,34.18,26.79,75.39,34.692822222222226,-0.5128222222222263,Low,1,False,False,False
2015-08-12,33.3,25.59,76.23,34.64324444444444,-1.3432444444444442,Low,1,False,False,False
2015-08-13,34.27,26.53,70.9,34.61568888888889,-0.34568888888888694,Low,1,False,False,False
2015-08-14,34.18,27.26,73.42,34.593177777777775,-0.41317777777777565,Low,1,False,False,False
2015-08-15,33.0,27.37,77.49,34.55428888888889,-1.554288888888891,Low,1,False,False,False
2015-08-16,32.64,26.02,81.09,34.51386666666667,-1.8738666666666717,Low,1,False,False,False
2015-08-17,33.8,25.5,75.36,34.4648,-0.6647999999999996,Low,1,False,False,False
2015-08-18,34.64,26.0,74.1,34.3954,0.24459999999999837,Low,1,False,False,False
2015-08-19,33.54,25.65,75.38,34.325044444444444,-0.7850444444444449,Low,1,False,False,False
2015-08-20,33.4,25.33,74.58,34.306688888888885,-0.9066888888888869,Low,1,False,False,False
2015-08-21,32.8,24.19,75.86,34.28442222222222,-1.4844222222222214,Low,1,False,False,False
2015-08-22,32.42,23.62,73.38,34.269244444444446,-1.8492444444444445,Low,1,False,False,False
2015-08-23,31.69,23.99,80.34,34.26082222222222,-2.5708222222222155,Low,1,False,False,False
2015-08-24,32.52,24.13,78.91,34.28026666666666,-1.7602666666666593,Low,1,False,False,False
2015-08-25,33.6,23.9,73.54,34.25842222222222,-0.6584222222222209,Low,1,False,False,False
2015-08-26,34.03,23.25,71.78,34.20153333333333,-0.1715333333333291,Low,1,False,False,False
2015-08-27,33.66,23.58,69.88,34.22771111111111,-0.5677111111111159,Low,1,False,False,False
2015-08-28,34.89,24.07,68.29,34.18877777777778,0.7012222222222206,Low,1,False,False,False
2015-08-29,34.98,24.49,70.99,34.1558,0.8241999999999976,Low,1,False,False,False
2015-08-30,34.93,24.83,68.83,34.111422222222224,0.8185777777777759,Low,1,False,False,False
2015-08-31,35.1,23.14,66.0,34.0478,1.0521999999999991,Low,1,False,False,False
2015-09-01,34.94,23.14,60.38,34.026466666666664,0.9135333333333335,Low,1,False,False,False
2015-09-02,35.11,22.37,58.17,34.02546666666667,1.084533333333333,Low,1,False,False,False
2015-09-03,35.1,21.27,58.59,34.00006666666667,1.0999333333333325,Low,1,False,False,False
2015-09-04,35.93,21.34,53.54,33.942933333333336,1.9870666666666637,Low,1,False,False,False
2015-09-05,36.0,21.18,51.1,33.876000000000005,2.1239999999999952,Low,1,False,False,False
2015-09-06,36.29,21.55,50.86,33.858133333333335,2.4318666666666644,Low,1,False,False,False
2015-09-07,36.45,22.0,52.16,33.84168888888888,2.608311111111121,Low,1,False,False,False
2015-09-08,36.93,22.27,51.16,33.781866666666666,3.148133333333334,Low,1,False,False,False
2015-09-09,37.86,21.73,48.71,33.717666666666666,4.142333333333333,Low,1,False,False,False
2015-09-10,37.39,21.84,46.31,33.6842,3.7058000000000035,Low,1,False,False,False
2015-09-11,37.46,20.89,46.92,33.65893333333334,3.8010666666666637,Low,1,False,False,False
2015-09-12,37.91,23.43,43.63,33.67102222222222,4.238977777777777,Low,1,False,False,False
2015-09-13,36.65,25.79,43.47,33.67057777777778,2.979422222222219,Low,1,False,False,False
2015-09-14,38.55,25.12,38.72,33.681244444444445,4.868755555555552,Moderate,1,True,False,False
2015-09-15,38.98,25.21,37.36,33.70724444444444,5.272755555555555,Moderate,2,True,False,False
2015-09-16,37.74,24.08,42.25,33.68386666666667,4.056133333333335,Low,1,False,False,False
2015-09-17,37.9,26.21,43.6,33.63984444444444,4.260155555555556,Low,1,False,False,False
2015-09-18,34.06,25.12,58.25,33.653866666666666,0.40613333333333657,Low,1,False,False,False
2015-09-19,35.96,23.56,65.12,33.68624444444445,2.273755555555553,Low,1,False,False,False
2015-09-20,34.84,26.77,63.97,33.73446666666667,1.1055333333333337,Low,1,False,False,False
2015-09-21,34.91,26.63,62.78,33.76326666666667,1.14673333333333,Low,1,False,False,False
2015-09-22,35.17,25.81,64.65,33.785111111111114,1.384888888888888,Low,1,False,False,False
2015-09-23,33.63,23.56,65.38,33.812266666666666,-0.18226666666666347,Low,1,False,False,False
2015-09-24,34.22,21.26,49.99,33.852244444444445,0.3677555555555543,Low,1,False,False,False
2015-09-25,34.51,19.12,44.84,33.869955555555556,0.6400444444444418,Low,1,False,False,False
2015-09-26,35.18,20.27,46.05,33.876977777777775,1.303022222222225,Low,1,False,False,False
2015-09-27,35.45,22.57,48.3,33.85371111111111,1.5962888888888926,Low,1,False,False,False
2015-09-28,35.62,21.54,47.6,33.837022222222224,1.7829777777777736,Low,1,False,False,False
2015-09-29,35.82,19.46,44.3,33.81057777777777,2.009422222222227,Low,1,False,False,False
2015-09-30,36.01,19.16,44.65,33.79295555555556,2.21704444444444,Low,1,False,False,False
2015-10-01,36.02,18.74,40.67,33.80177777777778,2.2182222222222236,Low,1,False,False,False
2015-10-02,36.3,18.65,38.82,33.83797777777778,2.462022222222217,Low,1,False,False,False
2015-10-03,36.07,19.45,35.79,33.836644444444445,2.233355555555555,Low,1,False,False,False
2015-10-04,37.28,19.93,35.75,33.79262222222222,3.4873777777777804,Low,1,False,False,False
2015-10-05,37.94,23.0,35.18,33.739222222222224,4.200777777777773,Moderate,1,True,False,False
2015-10-06,36.12,21.88,40.94,33.674622222222226,2.4453777777777717,Low,1,False,False,False
2015-10-07,36.47,20.05,45.07,33.59664444444444,2.8733555555555554,Low,1,False,False,False
2015-10-08,36.28,20.5,43.8,33.52768888888889,2.752311111111112,Low,1,False,False,False
2015-10-09,37.5,20.59,38.83,33.42704444444445,4.072955555555552,Moderate,1,True,False,False
2015-10-10,37.41,19.81,35.41,33.3528,4.057199999999995,Moderate,2,True,False,False
2015-10-11,37.36,20.5,38.05,33.248866666666665,4.111133333333335,Moderate,3,True,False,False
2015-10-12,35.86,20.93,39.86,33.1806,2.679400000000001,Low,1,False,False,False
2015-10-13,34.62,22.49,46.2,33.08891111111111,1.5310888888888883,Low,1,False,False,False
2015-10-14,34.34,21.13,48.75,33.01328888888889,1.3267111111111163,Low,1,False,False,False
2015-10-15,34.07,21.96,47.99,32.931422222222224,1.1385777777777761,Low,1,False,False,False
2015-10-16,35.24,20.84,40.1,32.800066666666666,2.439933333333336,Low,1,False,False,False
2015-10-17,34.55,20.78,41.38,32.659822222222225,1.8901777777777724,Low,1,False,False,False
2015-10-18,35.17,21.84,39.24,32.51526666666666,2.65473333333334,Low,1,False,False,False
2015-10-19,36.06,22.24,35.46,32.42591111111111,3.63408888888889,Moderate,1,True,False,False
2015-10-20,35.71,23.19,38.01,32.321822222222224,3.388177777777777,Moderate,2,True,False,False
2015-10-21,33.61,19.32,43.82,32.220800000000004,1.3891999999999953,Low,1,False,False,False
2015-10-22,33.31,16.06,35.83,32.141777777777776,1.1682222222222265,Low,1,False,False,False
2015-10-23,33.29,14.91,31.16,32.04991111111111,1.2400888888888915,Low,1,False,False,False
2015-10-24,33.41,16.83,30.78,31.9858,1.4241999999999955,Low,1,False,False,False
2015-10-25,34.2,17.34,32.81,31.882377777777776,2.3176222222222265,Low,1,False,False,False
2015-10-26,32.41,18.04,36.48,31.814066666666662,0.5959333333333348,Low,1,False,False,False
2015-10-27,31.52,16.75,42.53,31.70722222222222,-0.1872222222222213,Low,1,False,False,False
2015-10-28,21.97,15.49,64.59,31.621,-9.651,Low,1,False,False,False
2015-10-29,28.49,14.38,57.25,31.512844444444443,-3.022844444444445,Low,1,False,False,False
2015-10-30,29.51,16.15,47.99,31.401288888888892,-1.8912888888888908,Low,1,False,False,False
2015-10-31,30.9,15.61,40.64,31.304266666666667,-0.40426666666666833,Low,1,False,False,False
2015-11-01,30.32,17.01,41.23,31.194844444444442,-0.8748444444444416,Low,1,False,False,False
2015-11-02,30.76,16.32,43.18,31.099111111111107,-0.33911111111110515,Low,1,False,False,False
2015-11-03,30.6,18.12,44.47,30.972644444444445,-0.3726444444444432,Low,1,False,False,False
2015-11-04,30.77,19.54,41.71,30.84648888888889,-0.07648888888888905,Low,1,False,False,False
2015-11-05,30.9,18.02,41.5,30.698422222222224,0.20157777777777497,Low,1,False,False,False
2015-11-06,30.7,19.33,41.03,30.530866666666665,0.1691333333333347,Low,1,False,False,False
2015-11-07,29.91,15.98,41.75,30.36888888888889,-0.45888888888888957,Low,1,False,False,False
2015-11-08,28.6,17.62,44.41,30.216711111111113,-1.6167111111111119,Low,1,False,False,False
2015-11-09,31.28,16.88,44.2,30.088288888888886,1.1917111111111147,Low,1,False,False,False
2015-11-10,30.57,18.77,46.27,29.936999999999998,0.6330000000000027,Low,1,False,False,False
2015-11-11,30.96,16.3,39.76,29.803711111111113,1.1562888888888878,Low,1,False,False,False
2015-11-12,30.91,14.73,42.43,29.650355555555556,1.2596444444444437,Low,1,False,False,False
2015-11-13,30.95,15.49,42.78,29.476444444444443,1.4735555555555564,Low,1,False,False,False
2015-11-14,30.45,16.97,50.59,29.300555555555555,1.1494444444444447,Low,1,False,False,False
2015-11-15,31.16,17.19,40.31,29.14313333333333,2.016866666666669,Low,1,False,False,False
2015-11-16,29.64,16.04,41.01,28.98662222222222,0.6533777777777807,Low,1,False,False,False
2015-11-17,29.02,12.27,27.78,28.77284444444444,0.24715555555555824,Low,1,False,False,False
2015-11-18,28.98,10.45,29.84,28.588733333333334,0.39126666666666665,Low,1,False,False,False
2015-11-19,28.53,11.44,29.49,28.408200000000004,0.1217999999999968,Low,1,False,False,False
2015-11-20,28.84,12.64,29.45,28.232511111111112,0.6074888888888879,Low,1,False,False,False
2015-11-21,28.97,12.41,34.37,28.08188888888889,0.8881111111111082,Low,1,False,False,False
2015-11-22,29.11,12.5,31.29,27.934555555555555,1.1754444444444445,Low,1,False,False,False
2015-11-23,28.58,12.52,27.84,27.75091111111111,0.8290888888888865,Low,1,False,False,False
2015-11-24,28.73,12.29,32.04,27.52846666666667,1.2015333333333302,Low,1,False,False,False
2015-11-25,30.42,12.87,29.82,27.344111111111108,3.075888888888894,Moderate,1,True,False,False
2015-11-26,27.18,15.32,33.03,27.173555555555556,0.006444444444444031,Low,1,False,False,False
2015-11-27,27.75,15.13,47.67,27.019755555555555,0.7302444444444447,Low,1,False,False,False
2015-11-28,27.22,15.9,52.14,26.90706666666667,0.31293333333332995,Low,1,False,False,False
2015-11-29,28.14,12.52,37.87,26.79688888888889,1.34311111111111,Low,1,False,False,False
2015-11-30,29.64,13.61,38.77,26.675022222222218,2.964977777777783,Moderate,1,True,False,False
2015-12-01,29.18,13.24,39.84,26.570155555555555,2.6098444444444446,Moderate,2,True,False,False
2015-12-02,25.56,12.84,43.29,26.477844444444443,-0.9178444444444445,Low,1,False,False,False
2015-12-03,27.19,11.73,41.63,26.311577777777774,0.8784222222222269,Low,1,False,False,False
2015-12-04,27.29,10.6,35.83,26.14382222222222,1.1461777777777797,Low,1,False,False,False
2015-12-05,27.86,12.52,28.37,26.005266666666664,1.8547333333333356,Low,1,False,False,False
2015-12-06,26.97,12.09,24.43,25.860755555555553,1.109244444444446,Low,1,False,False,False
2015-12-07,27.24,12.47,27.09,25.690422222222224,1.549577777777774,Low,1,False,False,False
2015-12-08,28.64,13.68,28.01,25.55206666666667,3.087933333333332,Moderate,1,True,False,False
2015-12-09,26.65,11.13,31.57,25.45042222222222,1.1995777777777796,Low,1,False,False,False
2015-12-10,28.37,11.55,32.99,25.335266666666666,3.0347333333333353,Moderate,1,True,False,False
2015-12-11,25.38,12.91,36.71,25.200733333333332,0.1792666666666669,Low,1,False,False,False
2015-12-12,22.9,8.72,31.61,25.026177777777775,-2.1261777777777766,Low,1,False,False,False
2015-12-13,22.08,7.31,28.44,24.84988888888889,-2.769888888888893,Low,1,False,False,False
2015-12-14,22.3,7.01,26.99,24.67351111111111,-2.3735111111111102,Low,1,False,False,False
2015-12-15,23.77,5.3,21.62,24.513511111111107,-0.7435111111111077,Low,1,False,False,False
2015-12-16,24.45,6.49,18.58,24.31308888888889,0.13691111111111098,Low,1,False,False,False
2015-12-17,22.84,9.04,18.46,24.155755555555555,-1.3157555555555547,Low,1,False,False,False
2015-12-18,22.46,5.75,22.98,24.0546,-1.5945999999999998,Low,1,False,False,False
2015-12-19,23.12,5.11,20.93,23.948666666666664,-0.8286666666666633,Low,1,False,False,False
2015-12-20,22.19,7.77,20.22,23.82611111111111,-1.6361111111111093,Low,1,False,False,False
2015-12-21,21.66,4.72,26.35,23.708155555555557,-2.0481555555555566,Low,1,False,False,False
2015-12-22,20.81,7.48,30.39,23.624844444444445,-2.8148444444444465,Low,1,False,False,False
2015-12-23,20.3,5.26,29.34,23.505444444444446,-3.2054444444444457,Low,1,False,False,False
2015-12-24,20.46,6.88,28.11,23.33804444444445,-2.8780444444444484,Low,1,False,False,False
2015-12-25,21.24,3.26,22.33,23.18155555555556,-1.94155555555556,Low,1,False,False,False
2015-12-26,25.11,5.95,16.66,23.04928888888889,2.060711111111111,Low,1,False,False,False
2015-12-27,25.58,9.66,18.21,22.9332,2.646799999999999,Low,1,False,False,False
2015-12-28,26.72,11.03,30.0,22.826666666666668,3.893333333333331,Moderate,1,True,False,False
2015-12-29,27.01,11.61,30.47,22.74795555555556,4.262044444444442,Moderate,2,True,False,False
2015-12-30,25.98,9.3,24.76,22.659,3.3210000000000015,Moderate,3,True,False,False
2015-12-31,25.67,7.99,28.02,22.60408888888889,3.065911111111113,Moderate,4,True,False,False
2016-01-01,25.45,8.53,22.58,22.535333333333337,2.914666666666662,Low,1,False,False,False
2016-01-02,24.25,10.16,21.66,22.474777777777778,1.7752222222222223,Low,1,False,False,False
2016-01-03,25.5,7.81,19.74,22.452133333333336,3.047866666666664,Moderate,1,True,False,False
2016-01-04,24.77,10.13,26.75,22.437755555555558,2.3322444444444415,Low,1,False,False,False
2016-01-05,27.65,13.68,26.43,22.431400000000004,5.218599999999995,Moderate,1,True,False,False
2016-01-06,26.35,11.52,34.4,22.391222222222222,3.9587777777777795,Moderate,2,True,False,False
2016-01-07,26.6,13.22,35.54,22.42482222222222,4.17517777777778,Moderate,3,True,False,False
2016-01-08,25.88,13.42,37.95,22.491222222222223,3.3887777777777757,Moderate,4,True,False,False
2016-01-09,23.82,8.44,36.47,22.51342222222222,1.306577777777779,Low,1,False,False,False
2016-01-10,24.72,7.89,35.81,22.509244444444445,2.2107555555555543,Low,1,False,False,False
2016-01-11,25.09,11.17,31.98,22.535800000000002,2.554199999999998,Low,1,False,False,False
2016-01-12,25.81,10.71,31.22,22.5652,3.244799999999998,Moderate,1,True,False,False
2016-01-13,25.24,10.61,35.43,22.58406666666666,2.655933333333337,Low,1,False,False,False
2016-01-14,21.76,8.25,36.5,22.604177777777775,-0.844177777777773,Low,1,False,False,False
2016-01-15,22.14,6.43,42.49,22.64688888888889,-0.5068888888888878,Low,1,False,False,False
2016-01-16,22.53,5.93,42.56,22.71151111111111,-0.18151111111111007,Low,1,False,False,False
2016-01-17,21.74,6.76,33.41,22.784866666666662,-1.044866666666664,Low,1,False,False,False
2016-01-18,22.6,6.57,29.39,22.887088888888886,-0.28708888888888495,Low,1,False,False,False
2016-01-19,20.71,7.42,29.92,23.033711111111106,-2.3237111111111055,Low,1,False,False,False
2016-01-20,20.38,4.57,36.96,23.159355555555553,-2.7793555555555542,Low,1,False,False,False
2016-01-21,21.75,3.87,28.96,23.260111111111115,-1.5101111111111152,Low,1,False,False,False
2016-01-22,22.33,4.39,21.73,23.339355555555557,-1.0093555555555582,Low,1,False,False,False
2016-01-23,23.52,8.23,19.54,23.456488888888885,0.06351111111111507,Low,1,False,False,False
2016-01-24,22.78,6.21,22.03,23.577688888888886,-0.7976888888888851,Low,1,False,False,False
2016-01-25,21.75,4.28,19.86,23.7166,-1.9665999999999997,Low,1,False,False,False
2016-01-26,25.55,7.53,14.78,23.872511111111113,1.6774888888888881,Low,1,False,False,False
2016-01-27,24.81,9.96,18.43,24.0528,0.7571999999999974,Low,1,False,False,False
2016-01-28,26.63,8.17,25.99,24.255044444444444,2.3749555555555553,Low,1,False,False,False
2016-01-29,27.13,12.92,27.76,24.43764444444444,2.692355555555558,Low,1,False,False,False
2016-01-30,28.3,12.94,38.4,24.64611111111111,3.65388888888889,Moderate,1,True,False,False
2016-01-31,26.7,12.5,37.16,24.836555555555556,1.8634444444444433,Low,1,False,False,False
2016-02-01,25.72,7.79,22.63,24.962155555555558,0.7578444444444408,Low,1,False,False,False
2016-02-02,23.06,6.43,22.38,25.038933333333333,-1.9789333333333339,Low,1,False,False,False
2016-02-03,24.4,6.09,26.41,25.05077777777778,-0.6507777777777797,Low,1,False,False,False
2016-02-04,25.69,6.21,23.3,25.08062222222222,0.6093777777777802,Low,1,False,False,False
2016-02-05,26.28,6.15,20.65,25.21828888888889,1.0617111111111122,Low,1,False,False,False
2016-02-06,27.45,8.46,19.19,25.346244444444448,2.1037555555555514,Low,1,False,False,False
2016-02-07,25.15,9.23,31.47,25.447022222222223,-0.29702222222222474,Low,1,False,False,False
2016-02-08,24.87,8.74,55.07,25.5608,-0.6907999999999994,Low,1,False,False,False
2016-02-09,26.18,8.53,44.03,25.69815555555556,0.48184444444444097,Low,1,False,False,False
2016-02-10,26.68,8.67,32.78,25.818933333333334,0.861066666666666,Low,1,False,False,False
2016-02-11,26.94,9.37,24.23,25.900955555555555,1.0390444444444462,Low,1,False,False,False
2016-02-12,27.03,7.21,13.03,25.980733333333333,1.049266666666668,Low,1,False,False,False
2016-02-13,27.03,9.29,20.17,26.121555555555556,0.908444444444445,Low,1,False,False,False
2016-02-14,26.17,9.0,26.2,26.23182222222222,-0.06182222222221867,Low,1,False,False,False
2016-02-15,24.78,6.84,24.68,26.372622222222223,-1.5926222222222215,Low,1,False,False,False
2016-02-16,26.71,8.23,21.17,26.5314,0.17859999999999943,Low,1,False,False,False
2016-02-17,27.89,11.41,22.78,26.72222222222222,1.1677777777777791,Low,1,False,False,False
2016-02-18,29.97,17.1,28.64,26.923044444444443,3.046955555555556,Low,1,False,False,False
2016-02-19,30.44,17.52,33.07,27.12337777777778,3.3166222222222217,Low,1,False,False,False
2016-02-20,29.02,17.62,42.52,27.301733333333335,1.7182666666666648,Low,1,False,False,False
2016-02-21,29.83,13.73,39.46,27.478200000000005,2.3517999999999937,Low,1,False,False,False
2016-02-22,31.38,10.87,21.39,27.628056206088992,3.751943793911007,Low,1,False,False,False
2016-02-23,31.42,10.4,16.73,27.868032786885248,3.5519672131147537,Low,1,False,False,False
2016-02-24,32.5,12.72,14.54,28.07224824355972,4.42775175644028,Moderate,1,True,False,False
2016-02-25,30.9,12.94,15.57,28.334262295081967,2.565737704918032,Low,1,False,False,False
2016-02-26,31.19,13.14,15.95,28.601615925058546,2.5883840749414553,Low,1,False,False,False
2016-02-27,31.11,15.35,15.37,28.863559718969555,2.246440281030445,Low,1,False,False,False
2016-02-28,30.72,16.52,15.59,29.11730679156909,1.6026932084309102,Low,1,False,False,False
2016-02-29,31.78,15.56,15.73,29.38206088992974,2.3979391100702614,Low,1,False,False,False
2016-03-01,33.16,16.96,15.54,29.60613583138173,3.553864168618265,Low,1,False,False,False
2016-03-02,34.63,18.91,17.31,29.87288056206089,4.757119437939114,Moderate,1,True,False,False
2016-03-03,35.54,16.3,21.12,30.130163934426232,5.409836065573767,Moderate,2,True,False,False
2016-03-04,35.84,17.28,23.27,30.42782201405152,5.412177985948482,Moderate,3,True,False,False
2016-03-05,34.1,17.42,27.8,30.675995316159256,3.424004683840746,Low,1,False,False,False
2016-03-06,32.87,17.28,35.03,30.9004449648712,1.9695550351287991,Low,1,False,False,False
2016-03-07,31.77,15.31,39.69,31.094121779859485,0.6758782201405147,Low,1,False,False,False
2016-03-08,31.86,15.72,34.88,31.1864,0.6736000000000004,Low,1,False,False,False
2016-03-09,31.62,14.89,33.22,31.4392,0.1808000000000014,Low,1,False,False,False
2016-03-10,34.27,15.51,34.58,31.7304,2.5396000000000036,Low,1,False,False,False
2016-03-11,35.03,20.67,37.75,31.999466666666663,3.030533333333338,Low,1,False,False,False
2016-03-12,33.91,19.76,50.16,32.2746,1.635399999999997,Low,1,False,False,False
2016-03-13,30.1,16.08,51.42,32.522,-2.421999999999997,Low,1,False,False,False
2016-03-14,29.63,17.48,41.35,32.714844444444445,-3.084844444444446,Low,1,False,False,False
2016-03-15,28.95,13.93,37.93,32.89988888888889,-3.9498888888888892,Low,1,False,False,False
2016-03-16,31.19,12.35,35.4,33.123022222222225,-1.933022222222224,Low,1,False,False,False
2016-03-17,32.64,15.26,37.12,33.33011111111111,-0.6901111111111078,Low,1,False,False,False
2016-03-18,34.15,17.51,36.11,33.50428888888889,0.6457111111111118,Low,1,False,False,False
2016-03-19,35.25,19.63,33.7,33.67991111111111,1.5700888888888898,Low,1,False,False,False
2016-03-20,34.62,20.52,35.6,33.88886666666667,0.7311333333333252,Low,1,False,False,False
2016-03-21,32.87,16.73,28.03,34.141866666666665,-1.2718666666666678,Low,1,False,False,False
2016-03-22,33.57,13.71,21.89,34.41535555555556,-0.8453555555555567,Low,1,False,False,False
2016-03-23,36.59,12.92,21.64,34.6516,1.9384000000000015,Low,1,False,False,False
2016-03-24,36.61,16.37,20.58,34.84142222222223,1.7685777777777716,Low,1,False,False,False
2016-03-25,36.59,19.97,21.49,34.99291111111111,1.5970888888888908,Low,1,False,False,False
2016-03-26,32.32,18.15,35.94,35.14222222222222,-2.822222222222223,Low,1,False,False,False
2016-03-27,34.22,19.05,26.29,35.28031111111111,-1.0603111111111119,Low,1,False,False,False
2016-03-28,35.43,15.01,22.37,35.43346666666667,-0.0034666666666680612,Low,1,False,False,False
2016-03-29,35.59,17.81,21.09,35.61944444444445,-0.029444444444443718,Low,1,False,False,False
2016-03-30,38.19,18.36,21.84,35.83931111111111,2.3506888888888895,Moderate,1,False,False,False
2016-03-31,39.18,22.73,16.96,36.04628888888888,3.1337111111111184,Moderate,1,False,False,False
2016-04-01,40.31,20.7,19.26,36.27857777777778,4.031422222222226,Moderate,1,True,False,False
2016-04-02,41.15,22.28,23.76,36.52422222222223,4.62577777777777,High,2,True,True,False
2016-04-03,41.92,26.71,24.01,36.733377777777775,5.186622222222226,High,3,True,True,False
2016-04-04,39.58,24.21,21.83,36.97615555555555,2.603844444444448,Moderate,1,False,False,False
2016-04-05,38.41,23.68,27.4,37.18664444444445,1.2233555555555498,Moderate,1,False,False,False
2016-04-06,38.03,23.23,24.82,37.409155555555564,0.6208444444444368,Moderate,1,False,False,False
2016-04-07,38.13,24.22,25.94,37.60075555555556,0.5292444444444442,Moderate,1,False,False,False
2016-04-08,38.05,19.75,17.59,37.809333333333335,0.24066666666666237,Moderate,1,False,False,False
2016-04-09,39.6,20.98,17.01,38.03431111111111,1.565688888888893,Moderate,1,False,False,False
2016-04-10,37.95,24.08,22.14,38.20848888888889,-0.2584888888888841,Low,1,False,False,False
2016-04-11,37.56,22.22,23.04,38.400977777777776,-0.8409777777777734,Low,1,False,False,False
2016-04-12,36.8,21.44,24.28,38.63024444444444,-1.8302444444444461,Low,1,False,False,False
2016-04-13,39.53,21.41,20.08,38.87571111111111,0.6542888888888925,Moderate,1,False,False,False
2016-04-14,41.53,21.61,17.7,39.07668888888889,2.4533111111111126,Moderate,1,False,False,False
2016-04-15,41.57,23.82,17.97,39.27815555555555,2.2918444444444503,Moderate,1,False,False,False
2016-04-16,44.11,25.38,18.88,39.456488888888885,4.653511111111115,Extreme,1,True,True,False
2016-04-17,43.28,26.02,20.12,39.64866666666667,3.6313333333333304,Moderate,2,True,False,False
2016-04-18,41.7,27.11,26.96,39.89935555555555,1.8006444444444512,Moderate,1,False,False,False
2016-04-19,41.07,27.23,22.07,40.11044444444445,0.9595555555555535,Moderate,1,False,False,False
2016-04-20,40.95,26.8,19.29,40.290644444444446,0.6593555555555568,Moderate,1,False,False,False
2016-04-21,41.28,25.06,17.88,40.50011111111111,0.7798888888888911,Moderate,1,False,False,False
2016-04-22,42.0,25.54,18.01,40.71031111111112,1.2896888888888824,Moderate,1,False,False,False
2016-04-23,39.2,24.09,14.91,40.933755555555564,-1.733755555555561,Moderate,1,False,False,False
2016-04-24,40.03,22.23,8.65,41.10231111111111,-1.0723111111111123,Moderate,1,False,False,False
2016-04-25,40.62,22.02,9.3,41.282799999999995,-0.6627999999999972,Moderate,1,False,False,False
2016-04-26,41.81,25.35,7.77,41.434333333333335,0.3756666666666675,Moderate,1,False,False,False
2016-04-27,42.64,25.64,10.21,41.52704444444444,1.1129555555555584,Moderate,1,False,False,False
2016-04-28,42.49,23.82,12.35,41.64384444444444,0.846155555555562,Moderate,1,False,False,False
2016-04-29,42.55,25.33,10.86,41.76173333333333,0.7882666666666651,Moderate,1,False,False,False
2016-04-30,42.04,24.13,7.64,41.832,0.2079999999999984,Moderate,1,False,False,False
2016-05-01,44.36,24.51,8.44,41.93557777777777,2.4244222222222263,Moderate,1,False,False,False
2016-05-02,45.76,25.19,10.5,42.023155555555554,3.7368444444444435,High,1,True,True,False
2016-05-03,42.31,29.39,21.67,42.078399999999995,0.23160000000000736,Moderate,1,False,False,False
2016-05-04,41.63,25.18,28.25,42.13955555555556,-0.5095555555555578,Moderate,1,False,False,False
2016-05-05,38.84,27.32,32.67,42.21975555555555,-3.3797555555555476,Moderate,1,False,False,False
2016-05-06,37.93,24.51,36.17,42.26844444444445,-4.338444444444448,Low,1,False,False,False
2016-05-07,37.25,24.53,32.94,42.34897777777778,-5.098977777777783,Low,1,False,False,False
2016-05-08,40.78,25.31,28.63,42.40802222222222,-1.6280222222222207,Moderate,1,False,False,False
2016-05-09,40.78,28.8,28.53,42.520022222222224,-1.7400222222222226,Moderate,1,False,False,False
2016-05-10,41.68,28.3,28.23,42.63426666666666,-0.9542666666666619,Moderate,1,False,False,False
2016-05-11,40.97,29.1,30.0,42.76553333333334,-1.7955333333333385,Moderate,1,False,False,False
2016-05-12,41.27,28.68,27.62,42.900955555555555,-1.630955555555552,Moderate,1,False,False,False
2016-05-13,43.81,28.75,22.87,42.971399999999996,0.8386000000000067,Moderate,1,False,False,False
2016-05-14,44.64,30.0,17.55,43.02808888888889,1.6119111111111124,Moderate,1,False,False,False
2016-05-15,44.86,28.04,19.35,43.13562222222222,1.7243777777777822,Moderate,1,False,False,False
2016-05-16,45.31,28.45,16.33,43.21666666666667,2.0933333333333337,High,1,False,True,False
2016-05-17,45.39,29.03,14.28,43.31635555555556,2.07364444444444,High,1,False,True,False
2016-05-18,45.87,28.31,12.95,43.413399999999996,2.4566000000000017,High,1,False,True,False
2016-05-19,46.22,29.58,12.94,43.49088888888889,2.7291111111111093,High,1,False,True,False
2016-05-20,45.79,29.55,15.59,43.546400000000006,2.2435999999999936,High,1,False,True,False
2016-05-21,46.15,29.11,15.99,43.60217777777778,2.5478222222222158,High,1,False,True,False
2016-05-22,47.12,30.91,20.08,43.64451111111111,3.47548888888889,Extreme,1,True,True,True
2016-05-23,43.23,29.95,30.45,43.66228888888889,-0.43228888888889117,Moderate,1,False,False,False
2016-05-24,39.89,31.13,39.7,43.66553333333333,-3.7755333333333283,Moderate,1,False,False,False
2016-05-25,41.24,27.69,33.43,43.63744444444444,-2.3974444444444387,Moderate,1,False,False,False
2016-05-26,42.13,27.81,30.93,43.628688888888895,-1.4986888888888927,Moderate,1,False,False,False
2016-05-27,44.57,29.67,26.75,43.6098,0.9602000000000004,Moderate,1,False,False,False
2016-05-28,43.19,30.49,26.95,43.64233333333333,-0.4523333333333355,Moderate,1,False,False,False
2016-05-29,38.28,29.01,40.26,43.70124444444444,-5.42124444444444,Moderate,1,False,False,False
2016-05-30,38.22,27.47,45.31,43.729311111111116,-5.509311111111117,Moderate,1,False,False,False
2016-05-31,41.43,26.77,38.9,43.714000000000006,-2.284000000000006,Moderate,1,False,False,False
2016-06-01,42.03,29.34,36.51,43.662400000000005,-1.632400000000004,Moderate,1,False,False,False
2016-06-02,43.8,29.62,28.41,43.63302222222222,0.1669777777777739,Moderate,1,False,False,False
2016-06-03,44.28,28.58,26.93,43.60995555555555,0.67004444444445,Moderate,1,False,False,False
2016-06-04,44.9,29.44,24.02,43.5666,1.3333999999999975,Moderate,1,False,False,False
2016-06-05,45.15,30.89,22.35,43.53282222222222,1.6171777777777763,High,1,False,True,False
2016-06-06,44.8,31.19,24.21,43.49028888888889,1.3097111111111062,Moderate,1,False,False,False
2016-06-07,43.33,29.17,25.55,43.47284444444444,-0.14284444444444233,Moderate,1,False,False,False
2016-06-08,45.33,28.28,22.25,43.43511111111112,1.8948888888888789,High,1,False,True,False
2016-06-09,45.36,30.3,20.45,43.40673333333333,1.9532666666666714,High,1,False,True,False
2016-06-10,45.55,31.63,21.9,43.328399999999995,2.2216000000000022,High,1,False,True,False
2016-06-11,44.33,32.54,27.07,43.27304444444445,1.0569555555555468,Moderate,1,False,False,False
2016-06-12,43.87,32.61,31.55,43.14535555555556,0.7246444444444364,Moderate,1,False,False,False
2016-06-13,43.71,32.41,36.83,43.023133333333334,0.686866666666667,Moderate,1,False,False,False
2016-06-14,41.28,30.54,39.85,42.9322,-1.6522000000000006,Moderate,1,False,False,False
2016-06-15,38.45,31.02,44.32,42.91224444444445,-4.462244444444444,Moderate,1,False,False,False
2016-06-16,39.34,29.39,44.85,42.85815555555555,-3.518155555555545,Moderate,1,False,False,False
2016-06-17,41.67,30.01,36.03,42.73677777777778,-1.06677777777778,Moderate,1,False,False,False
2016-06-18,42.05,29.52,34.3,42.58573333333334,-0.5357333333333401,Moderate,1,False,False,False
2016-06-19,40.97,31.04,41.89,42.45753333333333,-1.4875333333333316,Moderate,1,False,False,False
2016-06-20,40.93,31.84,43.78,42.30004444444445,-1.3700444444444528,Moderate,1,False,False,False
2016-06-21,39.74,30.4,47.99,42.15328888888889,-2.4132888888888857,Moderate,1,False,False,False
2016-06-22,38.73,30.29,46.74,41.95037777777778,-3.2203777777777844,Moderate,1,False,False,False
2016-06-23,41.17,29.82,45.0,41.75326666666667,-0.5832666666666668,Moderate,1,False,False,False
2016-06-24,43.08,32.05,34.57,41.62502222222223,1.4549777777777706,Moderate,1,False,False,False
2016-06-25,42.61,30.5,35.44,41.52491111111111,1.0850888888888903,Moderate,1,False,False,False
2016-06-26,39.2,31.06,43.46,41.37497777777777,-2.1749777777777695,Moderate,1,False,False,False
2016-06-27,40.22,30.74,49.68,41.24328888888888,-1.023288888888878,Moderate,1,False,False,False
2016-06-28,36.1,30.6,59.54,41.07826666666667,-4.97826666666667,Low,1,False,False,False
2016-06-29,39.94,29.58,51.56,40.90608888888888,-0.9660888888888834,Moderate,1,False,False,False
2016-06-30,41.74,31.54,44.94,40.65440000000001,1.0855999999999923,Moderate,1,False,False,False
2016-07-01,39.61,31.12,55.79,40.44744444444445,-0.8374444444444507,Moderate,1,False,False,False
2016-07-02,37.05,29.11,62.5,40.257533333333335,-3.2075333333333376,Low,1,False,False,False
2016-07-03,36.29,28.58,60.86,40.092933333333335,-3.8029333333333355,Low,1,False,False,False
2016-07-04,34.15,27.78,69.97,39.89702222222222,-5.7470222222222205,Low,1,False,False,False
2016-07-05,40.21,27.83,55.72,39.696244444444446,0.5137555555555551,Moderate,1,False,False,False
2016-07-06,40.31,30.18,52.01,39.465066666666665,0.8449333333333371,Moderate,1,False,False,False
2016-07-07,40.01,28.74,50.97,39.2772,0.7327999999999975,Moderate,1,False,False,False
2016-07-08,40.52,28.78,49.35,39.08133333333333,1.4386666666666699,Moderate,1,False,False,False
2016-07-09,39.62,28.83,54.42,38.83677777777778,0.7832222222222143,Moderate,1,False,False,False
2016-07-10,37.44,28.95,59.42,38.58848888888889,-1.1484888888888918,Low,1,False,False,False
2016-07-11,37.58,28.36,61.79,38.39811111111111,-0.818111111111115,Low,1,False,False,False
2016-07-12,35.65,27.58,66.83,38.20135555555556,-2.55135555555556,Low,1,False,False,False
2016-07-13,35.55,29.19,63.68,38.00042222222223,-2.4504222222222296,Low,1,False,False,False
2016-07-14,33.71,28.8,69.6,37.76537777777777,-4.055377777777771,Low,1,False,False,False
2016-07-15,35.12,27.34,70.55,37.570044444444434,-2.450044444444437,Low,1,False,False,False
2016-07-16,32.27,27.09,81.88,37.38737777777778,-5.117377777777776,Low,1,False,False,False
2016-07-17,30.7,26.16,87.15,37.219022222222215,-6.519022222222215,Low,1,False,False,False
2016-07-18,32.04,25.39,84.32,37.06086666666666,-5.020866666666663,Low,1,False,False,False
2016-07-19,34.3,25.72,77.61,36.912577777777784,-2.612577777777787,Low,1,False,False,False
2016-07-20,36.36,25.35,71.21,36.76746666666667,-0.40746666666667153,Low,1,False,False,False
2016-07-21,36.13,26.11,71.14,36.61904444444444,-0.4890444444444384,Low,1,False,False,False
2016-07-22,31.22,26.23,81.5,36.49357777777778,-5.273577777777781,Low,1,False,False,False
2016-07-23,33.99,26.31,78.56,36.39324444444444,-2.4032444444444394,Low,1,False,False,False
2016-07-24,33.37,24.93,77.99,36.31066666666666,-2.940666666666665,Low,1,False,False,False
2016-07-25,34.46,25.78,75.06,36.208933333333334,-1.7489333333333335,Low,1,False,False,False
2016-07-26,31.79,26.34,84.37,36.05451111111111,-4.264511111111112,Low,1,False,False,False
2016-07-27,30.19,25.82,86.92,35.91702222222222,-5.727022222222221,Low,1,False,False,False
2016-07-28,30.17,25.31,84.38,35.76773333333333,-5.597733333333331,Low,1,False,False,False
2016-07-29,31.8,25.24,83.55,35.6622,-3.862199999999998,Low,1,False,False,False
2016-07-30,31.01,25.51,85.52,35.55608888888889,-4.546088888888885,Low,1,False,False,False
2016-07-31,31.13,25.48,83.1,35.45731111111111,-4.327311111111111,Low,1,False,False,False
2016-08-01,31.14,25.62,86.98,35.36017777777778,-4.220177777777778,Low,1,False,False,False
2016-08-02,31.04,25.4,84.89,35.27460000000001,-4.2346000000000075,Low,1,False,False,False
2016-08-03,31.75,25.18,83.6,35.2078,-3.457799999999999,Low,1,False,False,False
2016-08-04,32.86,25.37,83.27,35.15853333333333,-2.2985333333333315,Low,1,False,False,False
2016-08-05,33.79,25.75,80.12,35.105244444444445,-1.3152444444444455,Low,1,False,False,False
2016-08-06,32.53,26.53,80.7,35.03131111111111,-2.5013111111111073,Low,1,False,False,False
2016-08-07,32.03,25.82,83.21,34.92608888888889,-2.8960888888888903,Low,1,False,False,False
2016-08-08,32.74,25.47,82.91,34.80277777777778,-2.062777777777775,Low,1,False,False,False
2016-08-09,32.01,26.29,85.91,34.71373333333334,-2.7037333333333393,Low,1,False,False,False
2016-08-10,31.86,25.69,87.19,34.68682222222222,-2.8268222222222192,Low,1,False,False,False
2016-08-11,30.88,25.77,87.84,34.692822222222226,-3.812822222222227,Low,1,False,False,False
2016-08-12,32.57,24.67,83.33,34.64324444444444,-2.073244444444441,Low,1,False,False,False
2016-08-13,32.68,24.73,80.88,34.61568888888889,-1.9356888888888903,Low,1,False,False,False
2016-08-14,32.44,25.46,80.0,34.593177777777775,-2.1531777777777776,Low,1,False,False,False
2016-08-15,34.13,24.93,76.25,34.55428888888889,-0.4242888888888885,Low,1,False,False,False
2016-08-16,34.4,24.21,76.76,34.51386666666667,-0.11386666666667367,Low,1,False,False,False
2016-08-17,33.11,23.76,78.62,34.4648,-1.3547999999999973,Low,1,False,False,False
2016-08-18,31.93,25.24,81.57,34.3954,-2.4654000000000025,Low,1,False,False,False
2016-08-19,33.15,25.19,77.59,34.325044444444444,-1.1750444444444454,Low,1,False,False,False
2016-08-20,32.94,25.56,81.44,34.306688888888885,-1.3666888888888877,Low,1,False,False,False
2016-08-21,32.47,24.71,83.62,34.28442222222222,-1.8144222222222197,Low,1,False,False,False
2016-08-22,33.4,24.33,81.1,34.269244444444446,-0.8692444444444476,Low,1,False,False,False
2016-08-23,32.53,25.19,80.62,34.26082222222222,-1.7308222222222156,Low,1,False,False,False
2016-08-24,31.17,25.13,85.8,34.28026666666666,-3.1102666666666607,Low,1,False,False,False
2016-08-25,33.06,24.81,79.6,34.25842222222222,-1.19842222222222,Low,1,False,False,False
2016-08-26,33.68,25.56,77.01,34.20153333333333,-0.5215333333333305,Low,1,False,False,False
2016-08-27,32.03,25.72,80.07,34.22771111111111,-2.1977111111111114,Low,1,False,False,False
2016-08-28,31.16,25.68,79.99,34.18877777777778,-3.02877777777778,Low,1,False,False,False
2016-08-29,32.41,25.37,78.93,34.1558,-1.7458000000000027,Low,1,False,False,False
2016-08-30,32.14,25.33,78.95,34.111422222222224,-1.9714222222222233,Low,1,False,False,False
2016-08-31,29.73,25.45,90.66,34.0478,-4.317800000000002,Low,1,False,False,False
2016-09-01,31.94,24.75,83.31,34.026466666666664,-2.086466666666663,Low,1,False,False,False
2016-09-02,32.77,23.45,76.07,34.02546666666667,-1.2554666666666634,Low,1,False,False,False
2016-09-03,33.08,22.12,74.78,34.00006666666667,-0.9200666666666706,Low,1,False,False,False
2016-09-04,32.73,22.02,75.17,33.942933333333336,-1.2129333333333392,Low,1,False,False,False
2016-09-05,33.0,22.15,74.78,33.876000000000005,-0.8760000000000048,Low,1,False,False,False
2016-09-06,33.14,22.28,74.36,33.858133333333335,-0.7181333333333342,Low,1,False,False,False
2016-09-07,33.0,22.24,72.28,33.84168888888888,-0.841688888888882,Low,1,False,False,False
2016-09-08,33.79,22.46,69.81,33.781866666666666,0.008133333333333326,Low,1,False,False,False
2016-09-09,34.53,22.67,64.39,33.717666666666666,0.8123333333333349,Low,1,False,False,False
2016-09-10,34.67,22.55,64.56,33.6842,0.9858000000000047,Low,1,False,False,False
2016-09-11,34.82,22.23,62.6,33.65893333333334,1.1610666666666631,Low,1,False,False,False
2016-09-12,35.3,22.78,59.73,33.67102222222222,1.6289777777777772,Low,1,False,False,False
2016-09-13,34.48,23.29,61.66,33.67057777777778,0.8094222222222172,Low,1,False,False,False
2016-09-14,34.45,24.54,62.49,33.681244444444445,0.7687555555555576,Low,1,False,False,False
2016-09-15,35.53,23.52,59.02,33.70724444444444,1.8227555555555597,Low,1,False,False,False
2016-09-16,36.29,22.87,52.06,33.68386666666667,2.6061333333333323,Low,1,False,False,False
2016-09-17,36.45,22.43,48.23,33.63984444444444,2.8101555555555606,Low,1,False,False,False
2016-09-18,35.49,23.78,53.1,33.653866666666666,1.8361333333333363,Low,1,False,False,False
2016-09-19,35.73,23.48,54.64,33.68624444444445,2.043755555555549,Low,1,False,False,False
2016-09-20,37.2,24.91,51.81,33.73446666666667,3.465533333333333,Low,1,False,False,False
2016-09-21,36.66,26.38,57.36,33.76326666666667,2.89673333333333,Low,1,False,False,False
2016-09-22,32.15,24.27,74.89,33.785111111111114,-1.6351111111111152,Low,1,False,False,False
2016-09-23,34.79,23.42,60.37,33.812266666666666,0.9777333333333331,Low,1,False,False,False
2016-09-24,34.56,22.36,62.43,33.852244444444445,0.7077555555555577,Low,1,False,False,False
2016-09-25,35.07,22.81,57.43,33.869955555555556,1.200044444444444,Low,1,False,False,False
2016-09-26,35.22,23.39,55.0,33.876977777777775,1.3430222222222241,Low,1,False,False,False
2016-09-27,35.59,21.98,59.37,33.85371111111111,1.7362888888888932,Low,1,False,False,False
2016-09-28,36.31,23.59,49.52,33.837022222222224,2.4729777777777784,Low,1,False,False,False
2016-09-29,35.13,22.37,54.9,33.81057777777777,1.3194222222222294,Low,1,False,False,False
2016-09-30,36.04,23.84,52.91,33.79295555555556,2.247044444444441,Low,1,False,False,False
2016-10-01,36.15,25.29,50.05,33.80177777777778,2.348222222222219,Low,1,False,False,False
2016-10-02,36.46,26.39,54.75,33.83797777777778,2.6220222222222205,Low,1,False,False,False
2016-10-03,36.76,25.36,55.86,33.836644444444445,2.9233555555555526,Low,1,False,False,False
2016-10-04,35.52,26.46,57.24,33.79262222222222,1.7273777777777823,Low,1,False,False,False
2016-10-05,35.58,24.44,54.31,33.739222222222224,1.8407777777777738,Low,1,False,False,False
2016-10-06,34.43,23.88,54.84,33.674622222222226,0.7553777777777739,Low,1,False,False,False
2016-10-07,36.17,22.3,49.43,33.59664444444444,2.5733555555555583,Low,1,False,False,False
2016-10-08,36.53,22.31,44.62,33.52768888888889,3.002311111111112,Low,1,False,False,False
2016-10-09,36.25,21.23,40.84,33.42704444444445,2.822955555555552,Low,1,False,False,False
2016-10-10,35.49,20.95,43.12,33.3528,2.1372,Low,1,False,False,False
2016-10-11,35.74,20.11,39.31,33.248866666666665,2.4911333333333374,Low,1,False,False,False
2016-10-12,35.51,18.15,33.94,33.1806,2.3293999999999997,Low,1,False,False,False
2016-10-13,36.15,18.23,32.52,33.08891111111111,3.0610888888888894,Low,1,False,False,False
2016-10-14,35.24,17.18,37.89,33.01328888888889,2.226711111111115,Low,1,False,False,False
2016-10-15,34.85,17.03,33.44,32.931422222222224,1.9185777777777773,Low,1,False,False,False
2016-10-16,34.51,16.9,34.37,32.800066666666666,1.709933333333332,Low,1,False,False,False
2016-10-17,34.59,18.59,36.25,32.659822222222225,1.9301777777777787,Low,1,False,False,False
2016-10-18,33.83,16.89,33.28,32.51526666666666,1.3147333333333364,Low,1,False,False,False
2016-10-19,34.16,16.97,32.65,32.42591111111111,1.7340888888888841,Low,1,False,False,False
2016-10-20,35.08,16.84,35.77,32.321822222222224,2.7581777777777745,Low,1,False,False,False
2016-10-21,34.63,17.69,37.98,32.220800000000004,2.4091999999999985,Low,1,False,False,False
2016-10-22,34.71,17.74,36.82,32.141777777777776,2.568222222222225,Low,1,False,False,False
2016-10-23,33.28,17.38,33.75,32.04991111111111,1.2300888888888935,Low,1,False,False,False
2016-10-24,33.9,16.14,33.47,31.9858,1.9141999999999975,Low,1,False,False,False
2016-10-25,33.46,17.11,40.79,31.882377777777776,1.5776222222222245,Low,1,False,False,False
2016-10-26,33.55,16.53,34.75,31.814066666666662,1.7359333333333353,Low,1,False,False,False
2016-10-27,33.61,15.69,31.67,31.70722222222222,1.9027777777777786,Low,1,False,False,False
2016-10-28,32.38,14.01,29.07,31.621,0.7590000000000039,Low,1,False,False,False
2016-10-29,32.4,17.52,24.61,31.512844444444443,0.8871555555555553,Low,1,False,False,False
2016-10-30,30.34,16.45,30.86,31.401288888888892,-1.0612888888888925,Low,1,False,False,False
2016-10-31,31.07,14.9,35.06,31.304266666666667,-0.23426666666666662,Low,1,False,False,False
2016-11-01,30.97,15.34,34.55,31.194844444444442,-0.22484444444444307,Low,1,False,False,False
2016-11-02,31.02,15.72,32.21,31.099111111111107,-0.07911111111110714,Low,1,False,False,False
2016-11-03,31.27,15.04,34.27,30.972644444444445,0.29735555555555493,Low,1,False,False,False
2016-11-04,31.48,14.26,33.15,30.84648888888889,0.6335111111111118,Low,1,False,False,False
2016-11-05,29.36,15.02,37.12,30.698422222222224,-1.3384222222222242,Low,1,False,False,False
2016-11-06,29.81,14.01,37.23,30.530866666666665,-0.7208666666666659,Low,1,False,False,False
2016-11-07,30.0,14.41,31.92,30.36888888888889,-0.3688888888888897,Low,1,False,False,False
2016-11-08,30.62,12.02,30.02,30.216711111111113,0.4032888888888877,Low,1,False,False,False
2016-11-09,31.01,11.68,29.66,30.088288888888886,0.9217111111111151,Low,1,False,False,False
2016-11-10,30.22,10.89,23.26,29.936999999999998,0.28300000000000125,Low,1,False,False,False
2016-11-11,30.09,14.29,23.33,29.803711111111113,0.2862888888888868,Low,1,False,False,False
2016-11-12,30.07,13.11,25.71,29.650355555555556,0.4196444444444438,Low,1,False,False,False
2016-11-13,30.08,15.65,30.31,29.476444444444443,0.6035555555555554,Low,1,False,False,False
2016-11-14,28.99,14.61,34.2,29.300555555555555,-0.31055555555555614,Low,1,False,False,False
2016-11-15,28.39,13.64,35.38,29.14313333333333,-0.7531333333333308,Low,1,False,False,False
2016-11-16,28.41,11.93,33.05,28.98662222222222,-0.5766222222222197,Low,1,False,False,False
2016-11-17,28.5,11.08,29.61,28.77284444444444,-0.27284444444444134,Low,1,False,False,False
2016-11-18,27.76,10.52,30.37,28.588733333333334,-0.8287333333333322,Low,1,False,False,False
2016-11-19,29.17,10.18,27.44,28.408200000000004,0.7617999999999974,Low,1,False,False,False
2016-11-20,29.67,13.51,22.62,28.232511111111112,1.4374888888888897,Low,1,False,False,False
2016-11-21,30.45,15.48,22.77,28.08188888888889,2.3681111111111086,Low,1,False,False,False
2016-11-22,31.0,11.73,27.34,27.934555555555555,3.065444444444445,Moderate,1,True,False,False
2016-11-23,30.77,12.63,31.7,27.75091111111111,3.019088888888888,Moderate,2,True,False,False
2016-11-24,29.81,12.91,24.88,27.52846666666667,2.2815333333333285,Low,1,False,False,False
2016-11-25,32.15,13.71,21.21,27.344111111111108,4.805888888888891,Moderate,1,True,False,False
2016-11-26,31.68,14.3,26.35,27.173555555555556,4.506444444444444,Moderate,2,True,False,False
2016-11-27,31.35,13.3,25.98,27.019755555555555,4.330244444444446,Moderate,3,True,False,False
2016-11-28,31.0,13.24,23.32,26.90706666666667,4.092933333333331,Moderate,4,True,False,False
2016-11-29,30.37,11.92,17.11,26.79688888888889,3.5731111111111105,Moderate,5,True,False,False
2016-11-30,27.59,11.62,22.65,26.675022222222218,0.9149777777777821,Low,1,False,False,False
2016-12-01,27.43,12.98,30.87,26.570155555555555,0.8598444444444446,Low,1,False,False,False
2016-12-02,27.4,10.88,29.46,26.477844444444443,0.9221555555555554,Low,1,False,False,False
2016-12-03,27.85,10.01,29.78,26.311577777777774,1.538422222222227,Low,1,False,False,False
2016-12-04,27.33,9.76,24.43,26.14382222222222,1.1861777777777789,Low,1,False,False,False
2016-12-05,27.18,9.5,24.06,26.005266666666664,1.1747333333333358,Low,1,False,False,False
2016-12-06,28.01,12.04,22.85,25.860755555555553,2.1492444444444487,Low,1,False,False,False
2016-12-07,27.05,12.84,24.19,25.690422222222224,1.3595777777777762,Low,1,False,False,False
2016-12-08,27.59,11.33,26.13,25.55206666666667,2.0379333333333314,Low,1,False,False,False
2016-12-09,27.62,10.42,26.35,25.45042222222222,2.169577777777782,Low,1,False,False,False
2016-12-10,28.81,12.2,27.53,25.335266666666666,3.474733333333333,Moderate,1,True,False,False
2016-12-11,28.76,13.52,34.85,25.200733333333332,3.5592666666666695,Moderate,2,True,False,False
2016-12-12,27.36,11.26,35.18,25.026177777777775,2.3338222222222242,Low,1,False,False,False
2016-12-13,27.01,12.44,35.92,24.84988888888889,2.16011111111111,Low,1,False,False,False
2016-12-14,26.28,11.67,29.57,24.67351111111111,1.6064888888888902,Low,1,False,False,False
2016-12-15,25.25,9.2,27.15,24.513511111111107,0.7364888888888927,Low,1,False,False,False
2016-12-16,25.02,8.35,26.33,24.31308888888889,0.7069111111111113,Low,1,False,False,False
2016-12-17,23.93,8.4,27.56,24.155755555555555,-0.22575555555555482,Low,1,False,False,False
2016-12-18,24.82,8.06,28.04,24.0546,0.7653999999999996,Low,1,False,False,False
2016-12-19,25.32,7.21,25.9,23.948666666666664,1.371333333333336,Low,1,False,False,False
2016-12-20,26.59,8.83,27.57,23.82611111111111,2.7638888888888893,Low,1,False,False,False
2016-12-21,27.36,8.06,28.06,23.708155555555557,3.6518444444444427,Moderate,1,True,False,False
2016-12-22,26.84,6.82,24.5,23.624844444444445,3.2151555555555547,Moderate,2,True,False,False
2016-12-23,26.45,9.33,18.23,23.505444444444446,2.944555555555553,Moderate,3,True,False,False
2016-12-24,26.09,11.04,20.96,23.33804444444445,2.7519555555555506,Low,1,False,False,False
2016-12-25,24.53,7.14,31.03,23.18155555555556,1.3484444444444428,Low,1,False,False,False
2016-12-26,24.57,7.21,26.62,23.04928888888889,1.5207111111111118,Low,1,False,False,False
2016-12-27,25.68,6.42,18.28,22.9332,2.7468000000000004,Low,1,False,False,False
2016-12-28,25.52,8.25,17.81,22.826666666666668,2.6933333333333316,Low,1,False,False,False
2016-12-29,24.15,8.7,21.48,22.74795555555556,1.4020444444444387,Low,1,False,False,False
2016-12-30,23.2,6.81,30.47,22.659,0.5410000000000004,Low,1,False,False,False
2016-12-31,21.23,7.0,38.74,22.60408888888889,-1.3740888888888882,Low,1,False,False,False
2017-01-01,22.83,8.3,54.12,22.535333333333337,0.29466666666666086,Low,1,False,False,False
2017-01-02,23.94,9.86,57.95,22.474777777777778,1.4652222222222235,Low,1,False,False,False
2017-01-03,25.48,8.39,47.56,22.452133333333336,3.0278666666666645,Moderate,1,True,False,False
2017-01-04,25.38,11.02,42.65,22.437755555555558,2.942244444444441,Moderate,2,True,False,False
2017-01-05,26.5,12.12,33.62,22.431400000000004,4.068599999999996,Moderate,3,True,False,False
2017-01-06,25.86,8.89,35.62,22.391222222222222,3.4687777777777775,Moderate,4,True,False,False
2017-01-07,21.33,11.12,57.35,22.42482222222222,-1.0948222222222235,Low,1,False,False,False
2017-01-08,20.86,8.24,61.14,22.491222222222223,-1.631222222222224,Low,1,False,False,False
2017-01-09,19.59,6.59,45.86,22.51342222222222,-2.9234222222222215,Low,1,False,False,False
2017-01-10,19.13,3.6,32.59,22.509244444444445,-3.3792444444444456,Low,1,False,False,False
2017-01-11,18.71,1.51,29.23,22.535800000000002,-3.825800000000001,Low,1,False,False,False
2017-01-12,18.66,2.48,31.12,22.5652,-3.9052000000000007,Low,1,False,False,False
2017-01-13,20.04,3.55,30.34,22.58406666666666,-2.5440666666666623,Low,1,False,False,False
2017-01-14,21.18,3.24,28.28,22.604177777777775,-1.4241777777777749,Low,1,False,False,False
2017-01-15,23.47,6.46,27.27,22.64688888888889,0.8231111111111105,Low,1,False,False,False
2017-01-16,23.29,7.23,31.32,22.71151111111111,0.5784888888888879,Low,1,False,False,False
2017-01-17,19.13,4.14,48.37,22.784866666666662,-3.6548666666666634,Low,1,False,False,False
2017-01-18,22.52,4.61,41.31,22.887088888888886,-0.3670888888888868,Low,1,False,False,False
2017-01-19,22.32,5.86,38.21,23.033711111111106,-0.7137111111111061,Low,1,False,False,False
2017-01-20,21.69,4.54,41.31,23.159355555555553,-1.469355555555552,Low,1,False,False,False
2017-01-21,21.81,7.22,29.41,23.260111111111115,-1.4501111111111165,Low,1,False,False,False
2017-01-22,26.66,9.66,34.56,23.339355555555557,3.3206444444444436,Moderate,1,True,False,False
2017-01-23,26.34,9.37,35.81,23.456488888888885,2.8835111111111154,Low,1,False,False,False
2017-01-24,26.47,9.23,39.07,23.577688888888886,2.8923111111111126,Low,1,False,False,False
2017-01-25,27.45,12.45,39.07,23.7166,3.7333999999999996,Moderate,1,True,False,False
2017-01-26,27.57,13.09,52.57,23.872511111111113,3.6974888888888877,Moderate,2,True,False,False
2017-01-27,19.49,10.16,75.14,24.0528,-4.562800000000003,Low,1,False,False,False
2017-01-28,22.9,6.99,66.4,24.255044444444444,-1.3550444444444452,Low,1,False,False,False
2017-01-29,25.33,8.71,51.96,24.43764444444444,0.8923555555555573,Low,1,False,False,False
2017-01-30,25.62,8.39,43.57,24.64611111111111,0.9738888888888901,Low,1,False,False,False
2017-01-31,25.3,9.13,46.66,24.836555555555556,0.46344444444444477,Low,1,False,False,False
2017-02-01,24.21,8.28,50.75,24.962155555555558,-0.7521555555555572,Low,1,False,False,False
2017-02-02,24.4,8.77,41.73,25.038933333333333,-0.638933333333334,Low,1,False,False,False
2017-02-03,25.92,7.13,44.22,25.05077777777778,0.8692222222222235,Low,1,False,False,False
2017-02-04,25.92,10.76,41.04,25.08062222222222,0.8393777777777807,Low,1,False,False,False
2017-02-05,25.63,11.63,45.41,25.21828888888889,0.41171111111111003,Low,1,False,False,False
2017-02-06,23.68,9.65,47.81,25.346244444444448,-1.6662444444444482,Low,1,False,False,False
2017-02-07,23.99,6.4,38.55,25.447022222222223,-1.4570222222222249,Low,1,False,False,False
2017-02-08,25.36,8.4,36.61,25.5608,-0.20080000000000098,Low,1,False,False,False
2017-02-09,23.25,8.32,38.15,25.69815555555556,-2.4481555555555587,Low,1,False,False,False
2017-02-10,24.14,6.52,43.06,25.818933333333334,-1.6789333333333332,Low,1,False,False,False
2017-02-11,25.53,6.99,37.6,25.900955555555555,-0.37095555555555393,Low,1,False,False,False
2017-02-12,25.25,7.23,38.12,25.980733333333333,-0.7307333333333332,Low,1,False,False,False
2017-02-13,25.77,7.58,38.29,26.121555555555556,-0.3515555555555565,Low,1,False,False,False
2017-02-14,27.73,7.42,38.09,26.23182222222222,1.49817777777778,Low,1,False,False,False
2017-02-15,29.03,9.43,36.3,26.372622222222223,2.6573777777777785,Low,1,False,False,False
2017-02-16,30.71,13.38,38.53,26.5314,4.178599999999999,Low,1,False,False,False
2017-02-17,30.4,14.39,42.52,26.72222222222222,3.677777777777777,Low,1,False,False,False
2017-02-18,31.56,12.76,43.36,26.923044444444443,4.636955555555556,Moderate,1,True,False,False
2017-02-19,32.29,15.41,39.41,27.12337777777778,5.16662222222222,Moderate,2,True,False,False
2017-02-20,32.41,15.37,35.97,27.301733333333335,5.108266666666662,Moderate,3,True,False,False
2017-02-21,27.18,11.93,32.3,27.478200000000005,-0.2982000000000049,Low,1,False,False,False
2017-02-22,28.51,11.85,20.49,27.628056206088992,0.8819437939110095,Low,1,False,False,False
2017-02-23,28.16,8.6,23.18,27.868032786885248,0.29196721311475216,Low,1,False,False,False
2017-02-24,28.28,9.39,21.47,28.07224824355972,0.2077517564402811,Low,1,False,False,False
2017-02-25,30.29,10.63,20.67,28.334262295081967,1.9557377049180324,Low,1,False,False,False
2017-02-26,30.52,10.56,21.57,28.601615925058546,1.9183840749414536,Low,1,False,False,False
2017-02-27,31.1,10.38,21.27,28.863559718969555,2.236440281030447,Low,1,False,False,False
2017-02-28,32.79,15.17,18.66,29.11730679156909,3.6726932084309105,Low,1,False,False,False
2017-03-01,31.87,17.9,26.68,29.60613583138173,2.2638641686182694,Low,1,False,False,False
2017-03-02,29.53,16.63,32.2,29.87288056206089,-0.3428805620608877,Low,1,False,False,False
2017-03-03,29.71,13.65,20.99,30.130163934426232,-0.4201639344262311,Low,1,False,False,False
2017-03-04,28.78,11.0,23.5,30.42782201405152,-1.6478220140515205,Low,1,False,False,False
2017-03-05,30.03,10.2,23.07,30.675995316159256,-0.6459953161592544,Low,1,False,False,False
2017-03-06,30.79,11.65,23.7,30.9004449648712,-0.11044496487119915,Low,1,False,False,False
2017-03-07,31.11,15.51,23.0,31.094121779859485,0.015878220140514543,Low,1,False,False,False
2017-03-08,30.21,15.21,30.99,31.1864,-0.9763999999999982,Low,1,False,False,False
2017-03-09,30.08,14.73,41.66,31.4392,-1.3592000000000013,Low,1,False,False,False
2017-03-10,26.92,14.17,56.13,31.7304,-4.810399999999998,Low,1,False,False,False
2017-03-11,24.64,11.71,54.8,31.999466666666663,-7.359466666666663,Low,1,False,False,False
2017-03-12,25.12,10.09,30.92,32.2746,-7.1545999999999985,Low,1,False,False,False
2017-03-13,26.44,8.64,28.52,32.522,-6.081999999999997,Low,1,False,False,False
2017-03-14,28.24,10.13,26.9,32.714844444444445,-4.474844444444447,Low,1,False,False,False
2017-03-15,30.34,10.73,28.98,32.89988888888889,-2.5598888888888887,Low,1,False,False,False
2017-03-16,30.8,13.12,30.84,33.123022222222225,-2.3230222222222245,Low,1,False,False,False
2017-03-17,30.19,13.57,35.91,33.33011111111111,-3.140111111111107,Low,1,False,False,False
2017-03-18,31.7,13.1,29.24,33.50428888888889,-1.8042888888888875,Low,1,False,False,False
2017-03-19,32.57,13.82,28.53,33.67991111111111,-1.10991111111111,Low,1,False,False,False
2017-03-20,33.14,14.58,24.56,33.88886666666667,-0.7488666666666717,Low,1,False,False,False
2017-03-21,35.46,15.69,22.16,34.141866666666665,1.3181333333333356,Low,1,False,False,False
2017-03-22,38.61,17.59,21.7,34.41535555555556,4.194644444444442,Moderate,1,True,False,False
2017-03-23,38.16,19.7,22.44,34.6516,3.5083999999999946,Moderate,1,False,False,False
2017-03-24,38.07,20.04,24.2,34.84142222222223,3.2285777777777724,Moderate,1,False,False,False
2017-03-25,37.27,17.74,17.02,34.99291111111111,2.2770888888888905,Low,1,False,False,False
2017-03-26,38.48,19.88,19.1,35.14222222222222,3.3377777777777737,Moderate,1,False,False,False
2017-03-27,40.88,19.64,23.73,35.28031111111111,5.599688888888892,High,1,True,True,False
2017-03-28,40.55,21.56,22.01,35.43346666666667,5.116533333333329,High,2,True,True,False
2017-03-29,41.66,22.51,19.56,35.61944444444445,6.0405555555555495,Extreme,3,True,True,False
2017-03-30,41.73,22.98,21.48,35.83931111111111,5.890688888888889,Extreme,4,True,True,False
2017-03-31,40.46,23.91,19.92,36.04628888888888,4.41371111111112,Moderate,5,True,False,False
2017-04-01,41.11,22.05,15.61,36.27857777777778,4.831422222222223,High,6,True,True,False
2017-04-02,40.94,22.63,16.64,36.52422222222223,4.41577777777777,Moderate,7,True,False,False
2017-04-03,40.94,21.55,15.56,36.733377777777775,4.206622222222222,Moderate,8,True,False,False
2017-04-04,40.19,22.09,17.89,36.97615555555555,3.2138444444444474,Moderate,1,False,False,False
2017-04-05,39.24,24.73,25.9,37.18664444444445,2.053355555555555,Moderate,1,False,False,False
2017-04-06,40.08,22.89,25.72,37.409155555555564,2.670844444444434,Moderate,1,False,False,False
2017-04-07,35.67,18.99,17.23,37.60075555555556,-1.9307555555555567,Low,1,False,False,False
2017-04-08,36.5,17.4,12.93,37.809333333333335,-1.3093333333333348,Low,1,False,False,False
2017-04-09,35.34,16.74,15.29,38.03431111111111,-2.694311111111105,Low,1,False,False,False
2017-04-10,36.54,17.18,13.74,38.20848888888889,-1.6684888888888878,Low,1,False,False,False
2017-04-11,39.0,17.83,15.43,38.400977777777776,0.5990222222222243,Moderate,1,False,False,False
2017-04-12,40.98,19.14,14.79,38.63024444444444,2.3497555555555536,Moderate,1,False,False,False
2017-04-13,41.9,20.85,13.16,38.87571111111111,3.02428888888889,Moderate,1,False,False,False
2017-04-14,42.5,24.92,9.8,39.07668888888889,3.4233111111111114,Moderate,1,False,False,False
2017-04-15,43.41,25.6,12.57,39.27815555555555,4.131844444444447,Moderate,1,True,False,False
2017-04-16,44.9,22.72,11.53,39.456488888888885,5.443511111111114,Extreme,2,True,True,False
2017-04-17,44.01,26.87,10.82,39.64866666666667,4.361333333333327,Moderate,3,True,False,False
2017-04-18,44.87,26.43,11.3,39.89935555555555,4.970644444444446,Extreme,4,True,True,False
2017-04-19,44.81,26.14,11.89,40.11044444444445,4.6995555555555555,Extreme,5,True,True,False
2017-04-20,45.59,25.47,14.25,40.290644444444446,5.299355555555557,Extreme,6,True,True,False
2017-04-21,44.95,27.01,17.82,40.50011111111111,4.449888888888893,Extreme,7,True,False,False
2017-04-22,44.16,28.78,17.66,40.71031111111112,3.449688888888879,Moderate,8,True,False,False
2017-04-23,41.44,26.84,20.07,40.933755555555564,0.5062444444444338,Moderate,1,False,False,False
2017-04-24,40.05,27.4,21.23,41.10231111111111,-1.0523111111111163,Moderate,1,False,False,False
2017-04-25,40.21,24.05,21.29,41.282799999999995,-1.0727999999999938,Moderate,1,False,False,False
2017-04-26,40.35,23.5,21.48,41.434333333333335,-1.0843333333333334,Moderate,1,False,False,False
2017-04-27,40.99,23.53,19.24,41.52704444444444,-0.5370444444444402,Moderate,1,False,False,False
2017-04-28,41.31,25.03,22.02,41.64384444444444,-0.3338444444444377,Moderate,1,False,False,False
2017-04-29,41.67,26.12,22.01,41.76173333333333,-0.09173333333333034,Moderate,1,False,False,False
2017-04-30,41.2,27.6,25.56,41.832,-0.6319999999999979,Moderate,1,False,False,False
2017-05-01,40.12,24.95,20.08,41.93557777777777,-1.8155777777777757,Moderate,1,False,False,False
2017-05-02,42.24,26.58,10.45,42.023155555555554,0.2168444444444475,Moderate,1,False,False,False
2017-05-03,42.79,27.52,15.56,42.078399999999995,0.7116000000000042,Moderate,1,False,False,False
2017-05-04,41.1,25.78,20.58,42.13955555555556,-1.039555555555559,Moderate,1,False,False,False
2017-05-05,42.79,25.6,17.15,42.21975555555555,0.5702444444444481,Moderate,1,False,False,False
2017-05-06,43.95,26.04,15.59,42.26844444444445,1.6815555555555548,Moderate,1,False,False,False
2017-05-07,45.7,28.18,13.68,42.34897777777778,3.3510222222222197,High,1,True,True,False
2017-05-08,45.6,28.47,15.21,42.40802222222222,3.1919777777777796,High,1,False,True,False
2017-05-09,45.64,29.33,15.91,42.520022222222224,3.119977777777777,High,1,False,True,False
2017-05-10,44.34,28.89,22.74,42.63426666666666,1.7057333333333418,Moderate,1,False,False,False
2017-05-11,43.6,28.98,20.72,42.76553333333334,0.834466666666664,Moderate,1,False,False,False
2017-05-12,44.6,29.47,17.28,42.900955555555555,1.6990444444444464,Moderate,1,False,False,False
2017-05-13,45.06,28.76,18.36,42.971399999999996,2.0886000000000067,High,1,False,True,False
2017-05-14,45.93,30.71,18.31,43.02808888888889,2.9019111111111116,High,1,False,True,False
2017-05-15,45.76,29.59,17.06,43.13562222222222,2.624377777777781,High,1,False,True,False
2017-05-16,44.86,30.59,19.47,43.21666666666667,1.6433333333333309,Moderate,1,False,False,False
2017-05-17,41.49,29.7,24.05,43.31635555555556,-1.8263555555555584,Moderate,1,False,False,False
2017-05-18,41.54,28.19,25.38,43.413399999999996,-1.8733999999999966,Moderate,1,False,False,False
2017-05-19,43.65,30.3,22.17,43.49088888888889,0.15911111111110898,Moderate,1,False,False,False
2017-05-20,42.91,29.02,24.17,43.546400000000006,-0.636400000000009,Moderate,1,False,False,False
2017-05-21,43.45,29.83,23.47,43.60217777777778,-0.15217777777777997,Moderate,1,False,False,False
2017-05-22,38.66,27.47,35.41,43.64451111111111,-4.984511111111111,Moderate,1,False,False,False
2017-05-23,41.59,26.8,29.95,43.66228888888889,-2.0722888888888846,Moderate,1,False,False,False
2017-05-24,43.0,30.87,26.57,43.66553333333333,-0.6655333333333289,Moderate,1,False,False,False
2017-05-25,44.16,31.11,22.33,43.63744444444444,0.5225555555555559,Moderate,1,False,False,False
2017-05-26,45.99,31.25,18.58,43.628688888888895,2.3613111111111067,High,1,False,True,False
2017-05-27,46.16,31.19,17.13,43.6098,2.5501999999999967,High,1,False,True,False
2017-05-28,41.09,29.73,29.56,43.64233333333333,-2.55233333333333,Moderate,1,False,False,False
2017-05-29,39.36,26.04,39.07,43.70124444444444,-4.341244444444442,Moderate,1,False,False,False
2017-05-30,38.93,27.11,38.2,43.729311111111116,-4.799311111111116,Moderate,1,False,False,False
2017-05-31,40.34,28.19,31.63,43.714000000000006,-3.3740000000000023,Moderate,1,False,False,False
2017-06-01,38.96,27.35,37.52,43.662400000000005,-4.702400000000004,Moderate,1,False,False,False
2017-06-02,42.02,25.54,29.2,43.63302222222222,-1.6130222222222201,Moderate,1,False,False,False
2017-06-03,45.27,28.62,25.04,43.60995555555555,1.660044444444452,High,1,False,True,False
2017-06-04,47.71,29.72,20.07,43.5666,4.1434,Extreme,1,True,True,True
2017-06-05,46.02,33.4,24.48,43.53282222222222,2.487177777777781,High,1,False,True,False
2017-06-06,44.94,33.06,28.51,43.49028888888889,1.4497111111111067,Moderate,1,False,False,False
2017-06-07,40.0,30.13,43.82,43.47284444444444,-3.4728444444444406,Moderate,1,False,False,False
2017-06-08,37.93,28.67,46.2,43.43511111111112,-5.50511111111112,Low,1,False,False,False
2017-06-09,39.54,27.58,36.92,43.40673333333333,-3.866733333333329,Moderate,1,False,False,False
2017-06-10,41.4,30.08,30.6,43.328399999999995,-1.9283999999999963,Moderate,1,False,False,False
2017-06-11,41.43,29.84,30.63,43.27304444444445,-1.8430444444444518,Moderate,1,False,False,False
2017-06-12,42.11,27.06,30.63,43.14535555555556,-1.0353555555555616,Moderate,1,False,False,False
2017-06-13,43.62,29.88,29.76,43.023133333333334,0.5968666666666635,Moderate,1,False,False,False
2017-06-14,44.93,30.38,27.04,42.9322,1.997799999999998,Moderate,1,False,False,False
2017-06-15,41.32,31.11,35.96,42.91224444444445,-1.5922444444444466,Moderate,1,False,False,False
2017-06-16,40.28,30.45,35.09,42.85815555555555,-2.578155555555547,Moderate,1,False,False,False
2017-06-17,40.64,28.97,35.43,42.73677777777778,-2.096777777777781,Moderate,1,False,False,False
2017-06-18,41.4,31.17,40.1,42.58573333333334,-1.1857333333333386,Moderate,1,False,False,False
2017-06-19,36.26,30.78,60.21,42.45753333333333,-6.1975333333333325,Low,1,False,False,False
2017-06-20,38.33,28.94,55.27,42.30004444444445,-3.9700444444444543,Moderate,1,False,False,False
2017-06-21,37.49,27.42,59.7,42.15328888888889,-4.663288888888886,Low,1,False,False,False
2017-06-22,37.25,26.31,48.81,41.95037777777778,-4.700377777777781,Low,1,False,False,False
2017-06-23,40.05,26.78,43.78,41.75326666666667,-1.7032666666666714,Moderate,1,False,False,False
2017-06-24,40.89,28.52,41.73,41.62502222222223,-0.7350222222222271,Moderate,1,False,False,False
2017-06-25,41.96,29.72,37.57,41.52491111111111,0.43508888888889174,Moderate,1,False,False,False
2017-06-26,41.59,30.38,41.79,41.37497777777777,0.2150222222222311,Moderate,1,False,False,False
2017-06-27,40.9,31.34,44.42,41.24328888888888,-0.3432888888888783,Moderate,1,False,False,False
2017-06-28,36.77,28.8,59.1,41.07826666666667,-4.308266666666668,Low,1,False,False,False
2017-06-29,33.15,27.26,75.12,40.90608888888888,-7.756088888888883,Low,1,False,False,False
2017-06-30,34.84,27.94,68.09,40.65440000000001,-5.814400000000006,Low,1,False,False,False
2017-07-01,35.59,27.06,67.91,40.44744444444445,-4.857444444444447,Low,1,False,False,False
2017-07-02,35.79,27.83,66.68,40.257533333333335,-4.467533333333336,Low,1,False,False,False
2017-07-03,36.3,27.19,66.23,40.092933333333335,-3.7929333333333375,Low,1,False,False,False
2017-07-04,37.97,27.63,63.86,39.89702222222222,-1.9270222222222202,Low,1,False,False,False
2017-07-05,38.55,27.91,60.47,39.696244444444446,-1.1462444444444486,Moderate,1,False,False,False
2017-07-06,36.61,27.38,61.49,39.465066666666665,-2.8550666666666658,Low,1,False,False,False
2017-07-07,36.31,26.38,62.72,39.2772,-2.9671999999999983,Low,1,False,False,False
2017-07-08,38.62,26.78,57.8,39.08133333333333,-0.4613333333333358,Moderate,1,False,False,False
2017-07-09,39.09,28.34,54.15,38.83677777777778,0.25322222222222024,Moderate,1,False,False,False
2017-07-10,40.24,28.36,51.5,38.58848888888889,1.6515111111111125,Moderate,1,False,False,False
2017-07-11,36.48,27.47,63.61,38.39811111111111,-1.9181111111111164,Low,1,False,False,False
2017-07-12,34.07,26.54,73.08,38.20135555555556,-4.131355555555558,Low,1,False,False,False
2017-07-13,35.16,26.02,69.53,38.00042222222223,-2.84042222222223,Low,1,False,False,False
2017-07-14,34.98,26.6,69.63,37.76537777777777,-2.785377777777775,Low,1,False,False,False
2017-07-15,35.09,27.07,71.22,37.570044444444434,-2.480044444444431,Low,1,False,False,False
2017-07-16,34.95,27.35,70.19,37.38737777777778,-2.437377777777776,Low,1,False,False,False
2017-07-17,33.1,27.83,72.68,37.219022222222215,-4.119022222222213,Low,1,False,False,False
2017-07-18,36.36,26.72,67.62,37.06086666666666,-0.7008666666666628,Low,1,False,False,False
2017-07-19,38.33,27.77,57.69,36.912577777777784,1.4174222222222141,Moderate,1,False,False,False
2017-07-20,31.07,26.65,76.08,36.76746666666667,-5.697466666666671,Low,1,False,False,False
2017-07-21,33.75,26.97,71.75,36.61904444444444,-2.869044444444441,Low,1,False,False,False
2017-07-22,32.41,26.85,76.63,36.49357777777778,-4.0835777777777835,Low,1,False,False,False
2017-07-23,34.85,25.94,74.23,36.39324444444444,-1.54324444444444,Low,1,False,False,False
2017-07-24,32.68,26.56,82.37,36.31066666666666,-3.630666666666663,Low,1,False,False,False
2017-07-25,33.76,25.55,77.09,36.208933333333334,-2.4489333333333363,Low,1,False,False,False
2017-07-26,34.86,26.05,71.65,36.05451111111111,-1.1945111111111117,Low,1,False,False,False
2017-07-27,34.8,26.66,69.8,35.91702222222222,-1.117022222222225,Low,1,False,False,False
2017-07-28,35.13,26.0,69.38,35.76773333333333,-0.6377333333333297,Low,1,False,False,False
2017-07-29,33.91,26.49,73.08,35.6622,-1.752200000000002,Low,1,False,False,False
2017-07-30,33.95,26.08,75.22,35.55608888888889,-1.606088888888884,Low,1,False,False,False
2017-07-31,30.01,26.05,84.14,35.45731111111111,-5.447311111111109,Low,1,False,False,False
2017-08-01,32.33,25.38,82.33,35.36017777777778,-3.03017777777778,Low,1,False,False,False
2017-08-02,33.47,25.43,75.62,35.27460000000001,-1.8046000000000078,Low,1,False,False,False
2017-08-03,34.43,26.08,67.55,35.2078,-0.7777999999999992,Low,1,False,False,False
2017-08-04,35.95,25.66,64.02,35.15853333333333,0.7914666666666719,Low,1,False,False,False
2017-08-05,36.12,25.53,62.42,35.105244444444445,1.0147555555555527,Low,1,False,False,False
2017-08-06,35.49,27.23,63.1,35.03131111111111,0.4586888888888936,Low,1,False,False,False
2017-08-07,34.26,26.5,72.64,34.92608888888889,-0.6660888888888934,Low,1,False,False,False
2017-08-08,35.32,26.78,69.79,34.80277777777778,0.5172222222222231,Low,1,False,False,False
2017-08-09,33.3,28.3,72.18,34.71373333333334,-1.4137333333333402,Low,1,False,False,False
2017-08-10,35.92,26.86,70.68,34.68682222222222,1.233177777777783,Low,1,False,False,False
2017-08-11,37.54,25.77,63.46,34.692822222222226,2.847177777777773,Low,1,False,False,False
2017-08-12,37.26,26.78,62.64,34.64324444444444,2.6167555555555566,Low,1,False,False,False
2017-08-13,36.41,26.4,64.31,34.61568888888889,1.7943111111111065,Low,1,False,False,False
2017-08-14,36.0,25.85,63.41,34.593177777777775,1.4068222222222246,Low,1,False,False,False
2017-08-15,37.29,26.77,59.0,34.55428888888889,2.735711111111108,Low,1,False,False,False
2017-08-16,38.02,26.66,54.07,34.51386666666667,3.506133333333331,Moderate,1,False,False,False
2017-08-17,38.04,26.15,53.6,34.4648,3.5752000000000024,Moderate,1,False,False,False
2017-08-18,38.46,25.6,50.65,34.3954,4.064599999999999,Moderate,1,False,False,False
2017-08-19,32.51,26.26,72.4,34.325044444444444,-1.815044444444446,Low,1,False,False,False
2017-08-20,35.92,25.49,71.12,34.306688888888885,1.6133111111111162,Low,1,False,False,False
2017-08-21,35.84,26.02,68.13,34.28442222222222,1.5555777777777848,Low,1,False,False,False
2017-08-22,36.49,26.6,64.21,34.269244444444446,2.220755555555556,Low,1,False,False,False
2017-08-23,32.9,26.63,74.85,34.26082222222222,-1.3608222222222182,Low,1,False,False,False
2017-08-24,34.2,25.35,73.63,34.28026666666666,-0.0802666666666596,Low,1,False,False,False
2017-08-25,34.82,26.33,66.83,34.25842222222222,0.561577777777778,Low,1,False,False,False
2017-08-26,34.25,26.35,73.47,34.20153333333333,0.048466666666669767,Low,1,False,False,False
2017-08-27,35.38,26.0,69.4,34.22771111111111,1.15228888888889,Low,1,False,False,False
2017-08-28,32.29,25.74,77.48,34.18877777777778,-1.8987777777777808,Low,1,False,False,False
2017-08-29,33.16,25.43,74.19,34.1558,-0.9958000000000027,Low,1,False,False,False
2017-08-30,34.05,26.15,75.6,34.111422222222224,-0.06142222222222671,Low,1,False,False,False
2017-08-31,30.91,26.38,86.71,34.0478,-3.137800000000002,Low,1,False,False,False
2017-09-01,32.03,25.65,83.37,34.026466666666664,-1.996466666666663,Low,1,False,False,False
2017-09-02,32.25,23.68,77.44,34.02546666666667,-1.7754666666666665,Low,1,False,False,False
2017-09-03,33.54,23.1,68.41,34.00006666666667,-0.46006666666666973,Low,1,False,False,False
2017-09-04,34.63,24.74,64.81,33.942933333333336,0.6870666666666665,Low,1,False,False,False
2017-09-05,35.05,24.69,68.94,33.876000000000005,1.1739999999999924,Low,1,False,False,False
2017-09-06,34.87,24.46,66.8,33.858133333333335,1.0118666666666627,Low,1,False,False,False
2017-09-07,33.6,24.8,73.78,33.84168888888888,-0.24168888888888063,Low,1,False,False,False
2017-09-08,34.36,24.31,69.38,33.781866666666666,0.5781333333333336,Low,1,False,False,False
2017-09-09,35.55,23.29,62.11,33.717666666666666,1.832333333333331,Low,1,False,False,False
2017-09-10,36.44,24.2,57.55,33.6842,2.7558000000000007,Low,1,False,False,False
2017-09-11,36.24,24.87,60.46,33.65893333333334,2.581066666666665,Low,1,False,False,False
2017-09-12,35.85,23.9,55.01,33.67102222222222,2.1789777777777815,Low,1,False,False,False
2017-09-13,36.46,24.25,55.41,33.67057777777778,2.789422222222221,Low,1,False,False,False
2017-09-14,36.0,24.34,61.07,33.681244444444445,2.318755555555555,Low,1,False,False,False
2017-09-15,36.18,24.95,57.38,33.70724444444444,2.4727555555555583,Low,1,False,False,False
2017-09-16,35.42,24.44,56.83,33.68386666666667,1.7361333333333349,Low,1,False,False,False
2017-09-17,37.01,22.97,53.04,33.63984444444444,3.370155555555556,Low,1,False,False,False
2017-09-18,37.63,22.6,47.12,33.653866666666666,3.976133333333337,Low,1,False,False,False
2017-09-19,37.09,23.76,45.15,33.68624444444445,3.4037555555555556,Low,1,False,False,False
2017-09-20,38.2,22.4,42.69,33.73446666666667,4.465533333333333,Moderate,1,False,False,False
2017-09-21,36.4,23.29,59.02,33.76326666666667,2.636733333333332,Low,1,False,False,False
2017-09-22,30.14,24.34,86.52,33.785111111111114,-3.645111111111113,Low,1,False,False,False
2017-09-23,29.53,21.4,86.14,33.812266666666666,-4.282266666666665,Low,1,False,False,False
2017-09-24,30.12,18.18,76.85,33.852244444444445,-3.7322444444444436,Low,1,False,False,False
2017-09-25,32.71,19.25,67.3,33.869955555555556,-1.1599555555555554,Low,1,False,False,False
2017-09-26,32.91,20.1,60.3,33.876977777777775,-0.9669777777777782,Low,1,False,False,False
2017-09-27,33.47,20.9,54.52,33.85371111111111,-0.38371111111111134,Low,1,False,False,False
2017-09-28,33.75,22.23,53.05,33.837022222222224,-0.08702222222222389,Low,1,False,False,False
2017-09-29,33.49,22.99,51.37,33.81057777777777,-0.3205777777777712,Low,1,False,False,False
2017-09-30,34.11,21.52,50.63,33.79295555555556,0.31704444444444135,Low,1,False,False,False
2017-10-01,34.01,19.22,47.34,33.80177777777778,0.20822222222221853,Low,1,False,False,False
2017-10-02,34.87,20.43,49.96,33.83797777777778,1.032022222222217,Low,1,False,False,False
2017-10-03,34.07,20.91,47.9,33.836644444444445,0.23335555555555487,Low,1,False,False,False
2017-10-04,34.05,20.97,49.57,33.79262222222222,0.2573777777777764,Low,1,False,False,False
2017-10-05,34.34,19.7,54.46,33.739222222222224,0.600777777777779,Low,1,False,False,False
2017-10-06,35.28,18.96,51.26,33.674622222222226,1.6053777777777753,Low,1,False,False,False
2017-10-07,34.1,18.2,49.74,33.59664444444444,0.503355555555558,Low,1,False,False,False
2017-10-08,34.27,21.9,45.79,33.52768888888889,0.742311111111114,Low,1,False,False,False
2017-10-09,35.23,21.79,42.2,33.42704444444445,1.802955555555549,Low,1,False,False,False
2017-10-10,34.92,21.2,41.88,33.3528,1.5671999999999997,Low,1,False,False,False
2017-10-11,34.59,22.07,45.54,33.248866666666665,1.3411333333333388,Low,1,False,False,False
2017-10-12,33.99,21.59,44.99,33.1806,0.8094000000000037,Low,1,False,False,False
2017-10-13,34.55,20.16,43.96,33.08891111111111,1.461088888888888,Low,1,False,False,False
2017-10-14,36.11,20.82,38.83,33.01328888888889,3.0967111111111123,Low,1,False,False,False
2017-10-15,35.79,18.96,36.41,32.931422222222224,2.858577777777775,Low,1,False,False,False
2017-10-16,35.76,18.97,34.44,32.800066666666666,2.959933333333332,Low,1,False,False,False
2017-10-17,34.45,17.52,39.03,32.659822222222225,1.790177777777778,Low,1,False,False,False
2017-10-18,34.2,17.36,39.85,32.51526666666666,1.684733333333341,Low,1,False,False,False
2017-10-19,36.07,18.26,40.69,32.42591111111111,3.644088888888888,Moderate,1,True,False,False
2017-10-20,35.97,20.86,40.34,32.321822222222224,3.648177777777775,Moderate,2,True,False,False
2017-10-21,34.5,19.17,40.51,32.220800000000004,2.279199999999996,Low,1,False,False,False
2017-10-22,34.7,20.0,31.48,32.141777777777776,2.558222222222227,Low,1,False,False,False
2017-10-23,35.04,19.32,34.2,32.04991111111111,2.9900888888888915,Moderate,1,True,False,False
2017-10-24,33.74,16.74,37.52,31.9858,1.7542000000000009,Low,1,False,False,False
2017-10-25,32.35,14.72,33.04,31.882377777777776,0.46762222222222505,Low,1,False,False,False
2017-10-26,32.4,16.43,31.8,31.814066666666662,0.5859333333333367,Low,1,False,False,False
2017-10-27,32.22,16.61,32.96,31.70722222222222,0.512777777777778,Low,1,False,False,False
2017-10-28,32.84,17.65,36.16,31.621,1.2190000000000047,Low,1,False,False,False
2017-10-29,31.11,16.5,40.83,31.512844444444443,-0.4028444444444439,Low,1,False,False,False
2017-10-30,30.61,17.3,39.43,31.401288888888892,-0.7912888888888929,Low,1,False,False,False
2017-10-31,30.16,18.26,42.19,31.304266666666667,-1.1442666666666668,Low,1,False,False,False
2017-11-01,31.13,15.63,47.98,31.194844444444442,-0.06484444444444293,Low,1,False,False,False
2017-11-02,31.57,16.59,49.27,31.099111111111107,0.4708888888888936,Low,1,False,False,False
2017-11-03,29.98,17.57,47.05,30.972644444444445,-0.9926444444444442,Low,1,False,False,False
2017-11-04,30.12,18.06,50.72,30.84648888888889,-0.7264888888888876,Low,1,False,False,False
2017-11-05,30.17,18.29,49.29,30.698422222222224,-0.5284222222222219,Low,1,False,False,False
2017-11-06,29.9,15.64,49.41,30.530866666666665,-0.630866666666666,Low,1,False,False,False
2017-11-07,29.22,14.59,48.33,30.36888888888889,-1.1488888888888908,Low,1,False,False,False
2017-11-08,29.32,13.76,44.83,30.216711111111113,-0.896711111111113,Low,1,False,False,False
2017-11-09,30.93,14.75,43.15,30.088288888888886,0.8417111111111133,Low,1,False,False,False
2017-11-10,30.1,13.74,40.98,29.936999999999998,0.1630000000000038,Low,1,False,False,False
2017-11-11,29.63,15.18,38.35,29.803711111111113,-0.17371111111111404,Low,1,False,False,False
2017-11-12,28.42,13.62,40.3,29.650355555555556,-1.2303555555555548,Low,1,False,False,False
2017-11-13,28.9,13.99,39.97,29.476444444444443,-0.5764444444444443,Low,1,False,False,False
2017-11-14,27.82,12.89,47.73,29.300555555555555,-1.4805555555555543,Low,1,False,False,False
2017-11-15,27.74,12.81,49.91,29.14313333333333,-1.403133333333333,Low,1,False,False,False
2017-11-16,27.88,14.11,49.27,28.98662222222222,-1.1066222222222208,Low,1,False,False,False
2017-11-17,25.98,13.49,51.64,28.77284444444444,-2.792844444444441,Low,1,False,False,False
2017-11-18,26.49,13.68,52.74,28.588733333333334,-2.0987333333333353,Low,1,False,False,False
2017-11-19,25.93,12.67,44.7,28.408200000000004,-2.4782000000000046,Low,1,False,False,False
2017-11-20,25.33,9.65,37.82,28.232511111111112,-2.9025111111111137,Low,1,False,False,False
2017-11-21,24.69,8.18,40.19,28.08188888888889,-3.3918888888888894,Low,1,False,False,False
2017-11-22,25.97,8.95,37.13,27.934555555555555,-1.964555555555556,Low,1,False,False,False
2017-11-23,25.94,8.08,32.43,27.75091111111111,-1.8109111111111105,Low,1,False,False,False
2017-11-24,26.12,7.78,31.79,27.52846666666667,-1.4084666666666692,Low,1,False,False,False
2017-11-25,26.19,8.29,29.8,27.344111111111108,-1.1541111111111064,Low,1,False,False,False
2017-11-26,26.88,11.78,30.0,27.173555555555556,-0.2935555555555567,Low,1,False,False,False
2017-11-27,25.65,8.24,35.95,27.019755555555555,-1.3697555555555567,Low,1,False,False,False
2017-11-28,27.41,8.78,33.3,26.90706666666667,0.5029333333333312,Low,1,False,False,False
2017-11-29,26.99,11.08,30.54,26.79688888888889,0.1931111111111079,Low,1,False,False,False
2017-11-30,26.91,11.0,34.88,26.675022222222218,0.2349777777777824,Low,1,False,False,False
2017-12-01,26.32,9.29,35.18,26.570155555555555,-0.2501555555555548,Low,1,False,False,False
2017-12-02,26.21,11.12,32.18,26.477844444444443,-0.26784444444444233,Low,1,False,False,False
2017-12-03,24.9,12.45,34.29,26.311577777777774,-1.4115777777777758,Low,1,False,False,False
2017-12-04,23.47,11.39,35.76,26.14382222222222,-2.6738222222222205,Low,1,False,False,False
2017-12-05,25.31,13.14,36.53,26.005266666666664,-0.6952666666666651,Low,1,False,False,False
2017-12-06,26.18,10.37,39.05,25.860755555555553,0.3192444444444469,Low,1,False,False,False
2017-12-07,25.78,12.76,30.49,25.690422222222224,0.08957777777777665,Low,1,False,False,False
2017-12-08,26.05,9.22,27.57,25.55206666666667,0.49793333333333223,Low,1,False,False,False
2017-12-09,26.42,8.78,29.24,25.45042222222222,0.9695777777777828,Low,1,False,False,False
2017-12-10,26.11,11.21,33.87,25.335266666666666,0.7747333333333337,Low,1,False,False,False
2017-12-11,24.52,10.62,40.84,25.200733333333332,-0.6807333333333325,Low,1,False,False,False
2017-12-12,22.65,12.35,67.13,25.026177777777775,-2.3761777777777766,Low,1,False,False,False
2017-12-13,22.19,9.32,67.77,24.84988888888889,-2.65988888888889,Low,1,False,False,False
2017-12-14,21.37,6.53,55.24,24.67351111111111,-3.30351111111111,Low,1,False,False,False
2017-12-15,23.25,5.94,53.96,24.513511111111107,-1.2635111111111073,Low,1,False,False,False
2017-12-16,21.93,5.21,42.99,24.31308888888889,-2.3830888888888886,Low,1,False,False,False
2017-12-17,24.16,4.62,38.56,24.155755555555555,0.004244444444445605,Low,1,False,False,False
2017-12-18,25.54,5.68,39.41,24.0546,1.4853999999999985,Low,1,False,False,False
2017-12-19,23.41,7.17,42.04,23.948666666666664,-0.5386666666666642,Low,1,False,False,False
2017-12-20,23.84,8.56,45.97,23.82611111111111,0.013888888888889284,Low,1,False,False,False
2017-12-21,25.99,9.72,47.62,23.708155555555557,2.2818444444444417,Low,1,False,False,False
2017-12-22,25.31,9.73,47.53,23.624844444444445,1.6851555555555535,Low,1,False,False,False
2017-12-23,25.39,8.54,42.16,23.505444444444446,1.8845555555555542,Low,1,False,False,False
2017-12-24,25.04,8.37,41.09,23.33804444444445,1.70195555555555,Low,1,False,False,False
2017-12-25,23.04,7.93,47.17,23.18155555555556,-0.1415555555555592,Low,1,False,False,False
2017-12-26,23.92,6.2,40.33,23.04928888888889,0.8707111111111132,Low,1,False,False,False
2017-12-27,24.45,6.92,34.81,22.9332,1.5168,Low,1,False,False,False
2017-12-28,25.49,10.23,36.95,22.826666666666668,2.6633333333333304,Low,1,False,False,False
2017-12-29,25.07,8.74,42.32,22.74795555555556,2.3220444444444404,Low,1,False,False,False
2017-12-30,22.7,7.53,37.8,22.659,0.04100000000000037,Low,1,False,False,False
2017-12-31,22.41,7.0,34.28,22.60408888888889,-0.19408888888888853,Low,1,False,False,False
2018-01-01,21.21,6.25,34.58,22.535333333333337,-1.3253333333333366,Low,1,False,False,False
2018-01-02,19.78,3.91,38.48,22.474777777777778,-2.6947777777777766,Low,1,False,False,False
2018-01-03,21.66,4.32,39.62,22.452133333333336,-0.7921333333333358,Low,1,False,False,False
2018-01-04,22.78,4.14,33.59,22.437755555555558,0.342244444444443,Low,1,False,False,False
2018-01-05,22.5,6.66,30.96,22.431400000000004,0.06859999999999644,Low,1,False,False,False
2018-01-06,22.02,4.54,40.49,22.391222222222222,-0.37122222222222234,Low,1,False,False,False
2018-01-07,21.89,4.35,41.2,22.42482222222222,-0.5348222222222212,Low,1,False,False,False
2018-01-08,21.9,3.98,38.28,22.491222222222223,-0.5912222222222248,Low,1,False,False,False
2018-01-09,22.85,4.04,38.1,22.51342222222222,0.3365777777777801,Low,1,False,False,False
2018-01-10,24.14,4.85,32.67,22.509244444444445,1.630755555555556,Low,1,False,False,False
2018-01-11,25.05,5.02,29.87,22.535800000000002,2.514199999999999,Low,1,False,False,False
2018-01-12,25.39,6.48,28.98,22.5652,2.8247999999999998,Low,1,False,False,False
2018-01-13,24.42,8.21,32.37,22.58406666666666,1.8359333333333403,Low,1,False,False,False
2018-01-14,24.74,6.49,31.34,22.604177777777775,2.135822222222224,Low,1,False,False,False
2018-01-15,24.11,5.57,31.28,22.64688888888889,1.463111111111111,Low,1,False,False,False
2018-01-16,26.17,4.64,24.56,22.71151111111111,3.4584888888888905,Moderate,1,True,False,False
2018-01-17,25.33,4.58,27.04,22.784866666666662,2.545133333333336,Low,1,False,False,False
2018-01-18,27.65,9.54,26.77,22.887088888888886,4.762911111111112,Moderate,1,True,False,False
2018-01-19,26.04,7.78,33.84,23.033711111111106,3.006288888888893,Low,1,False,False,False
2018-01-20,25.46,6.06,26.3,23.159355555555553,2.3006444444444476,Low,1,False,False,False
2018-01-21,24.47,4.71,24.45,23.260111111111115,1.2098888888888837,Low,1,False,False,False
2018-01-22,25.29,7.99,21.64,23.339355555555557,1.9506444444444426,Low,1,False,False,False
2018-01-23,20.29,8.27,41.81,23.456488888888885,-3.1664888888888854,Low,1,False,False,False
2018-01-24,20.15,7.17,70.48,23.577688888888886,-3.4276888888888877,Low,1,False,False,False
2018-01-25,21.93,5.85,60.18,23.7166,-1.7866,Low,1,False,False,False
2018-01-26,23.69,6.26,42.25,23.872511111111113,-0.1825111111111113,Low,1,False,False,False
2018-01-27,22.88,4.34,37.45,24.0528,-1.1728000000000023,Low,1,False,False,False
2018-01-28,24.72,4.64,31.78,24.255044444444444,0.4649555555555551,Low,1,False,False,False
2018-01-29,25.84,5.8,30.36,24.43764444444444,1.402355555555559,Low,1,False,False,False
2018-01-30,29.11,8.89,26.93,24.64611111111111,4.463888888888889,Moderate,1,True,False,False
2018-01-31,26.74,10.78,29.82,24.836555555555556,1.9034444444444425,Low,1,False,False,False
2018-02-01,29.02,11.43,32.69,24.962155555555558,4.0578444444444415,Moderate,1,True,False,False
2018-02-02,28.6,10.39,37.02,25.038933333333333,3.561066666666669,Low,1,False,False,False
2018-02-03,27.12,10.56,28.47,25.05077777777778,2.0692222222222227,Low,1,False,False,False
2018-02-04,26.56,6.87,23.35,25.08062222222222,1.4793777777777777,Low,1,False,False,False
2018-02-05,26.25,7.8,15.58,25.21828888888889,1.031711111111111,Low,1,False,False,False
2018-02-06,26.13,11.16,14.95,25.346244444444448,0.7837555555555511,Low,1,False,False,False
2018-02-07,27.5,6.45,15.84,25.447022222222223,2.0529777777777767,Low,1,False,False,False
2018-02-08,25.71,7.87,14.3,25.5608,0.14920000000000044,Low,1,False,False,False
2018-02-09,26.42,6.55,17.23,25.69815555555556,0.721844444444443,Low,1,False,False,False
2018-02-10,27.52,8.57,17.2,25.818933333333334,1.7010666666666658,Low,1,False,False,False
2018-02-11,28.25,11.54,19.29,25.900955555555555,2.349044444444445,Low,1,False,False,False
2018-02-12,24.03,12.51,61.11,25.980733333333333,-1.950733333333332,Low,1,False,False,False
2018-02-13,25.22,10.62,61.56,26.121555555555556,-0.9015555555555572,Low,1,False,False,False
2018-02-14,25.48,8.36,41.62,26.23182222222222,-0.75182222222222,Low,1,False,False,False
2018-02-15,26.13,9.64,44.8,26.372622222222223,-0.24262222222222363,Low,1,False,False,False
2018-02-16,27.68,11.2,43.27,26.5314,1.1485999999999983,Low,1,False,False,False
2018-02-17,30.29,12.66,34.18,26.72222222222222,3.5677777777777777,Low,1,False,False,False
2018-02-18,29.63,10.77,23.4,26.923044444444443,2.706955555555556,Low,1,False,False,False
2018-02-19,29.7,12.39,19.23,27.12337777777778,2.5766222222222197,Low,1,False,False,False
2018-02-20,31.01,11.77,27.18,27.301733333333335,3.708266666666667,Low,1,False,False,False
2018-02-21,32.69,16.05,27.47,27.478200000000005,5.211799999999993,Moderate,1,True,False,False
2018-02-22,33.09,15.13,30.98,27.628056206088992,5.461943793911011,Moderate,2,True,False,False
2018-02-23,33.42,17.58,23.58,27.868032786885248,5.551967213114754,Moderate,3,True,False,False
2018-02-24,32.23,17.37,23.92,28.07224824355972,4.157751756440277,Low,1,False,False,False
2018-02-25,32.07,17.44,29.62,28.334262295081967,3.7357377049180336,Low,1,False,False,False
2018-02-26,30.2,12.69,34.58,28.601615925058546,1.5983840749414533,Low,1,False,False,False
2018-02-27,32.67,15.0,37.43,28.863559718969555,3.806440281030447,Low,1,False,False,False
2018-02-28,32.68,15.96,32.45,29.11730679156909,3.562693208430911,Low,1,False,False,False
2018-03-01,33.68,16.46,27.39,29.60613583138173,4.073864168618268,Low,1,False,False,False
2018-03-02,34.56,15.73,30.03,29.87288056206089,4.6871194379391135,Moderate,1,True,False,False
2018-03-03,34.49,16.77,30.14,30.130163934426232,4.35983606557377,Moderate,2,True,False,False
2018-03-04,32.88,17.32,39.67,30.42782201405152,2.452177985948481,Low,1,False,False,False
2018-03-05,30.84,13.89,34.39,30.675995316159256,0.1640046838407443,Low,1,False,False,False
2018-03-06,30.51,13.63,28.9,30.9004449648712,-0.39044496487119673,Low,1,False,False,False
2018-03-07,33.06,12.38,26.07,31.094121779859485,1.9658782201405174,Low,1,False,False,False
2018-03-08,33.72,15.35,22.7,31.1864,2.5336,Low,1,False,False,False
2018-03-09,34.33,16.81,23.63,31.4392,2.8907999999999987,Low,1,False,False,False
2018-03-10,34.84,15.33,25.3,31.7304,3.109600000000004,Low,1,False,False,False
2018-03-11,34.57,15.28,28.41,31.999466666666663,2.570533333333337,Low,1,False,False,False
2018-03-12,35.78,16.34,26.39,32.2746,3.5054000000000016,Low,1,False,False,False
2018-03-13,37.41,16.38,19.11,32.522,4.887999999999998,Moderate,1,True,False,False
2018-03-14,37.46,17.74,16.57,32.714844444444445,4.745155555555556,Moderate,2,True,False,False
2018-03-15,34.83,16.63,20.77,32.89988888888889,1.9301111111111098,Low,1,False,False,False
2018-03-16,34.02,17.61,23.87,33.123022222222225,0.8969777777777779,Low,1,False,False,False
2018-03-17,32.42,15.13,20.86,33.33011111111111,-0.9101111111111067,Low,1,False,False,False
2018-03-18,35.41,13.85,15.55,33.50428888888889,1.9057111111111098,Low,1,False,False,False
2018-03-19,36.54,16.39,17.47,33.67991111111111,2.860088888888889,Low,1,False,False,False
2018-03-20,37.64,16.85,20.98,33.88886666666667,3.7511333333333283,Low,1,False,False,False
2018-03-21,35.79,21.78,26.6,34.141866666666665,1.648133333333334,Low,1,False,False,False
2018-03-22,33.88,17.31,35.58,34.41535555555556,-0.5353555555555545,Low,1,False,False,False
2018-03-23,32.85,16.9,30.57,34.6516,-1.8016000000000005,Low,1,False,False,False
2018-03-24,34.71,16.27,25.77,34.84142222222223,-0.131422222222227,Low,1,False,False,False
2018-03-25,36.13,17.58,22.24,34.99291111111111,1.13708888888889,Low,1,False,False,False
2018-03-26,36.55,17.28,15.95,35.14222222222222,1.407777777777774,Low,1,False,False,False
2018-03-27,39.21,16.72,12.78,35.28031111111111,3.92968888888889,Moderate,1,False,False,False
2018-03-28,40.51,22.67,9.59,35.43346666666667,5.07653333333333,High,1,True,True,False
2018-03-29,38.2,18.22,14.36,35.61944444444445,2.5805555555555557,Moderate,1,False,False,False
2018-03-30,39.11,17.55,12.72,35.83931111111111,3.270688888888891,Moderate,1,False,False,False
2018-03-31,39.0,17.42,11.26,36.04628888888888,2.9537111111111187,Moderate,1,False,False,False
2018-04-01,36.91,18.29,21.41,36.27857777777778,0.6314222222222199,Low,1,False,False,False
2018-04-02,37.82,19.47,26.81,36.52422222222223,1.2957777777777721,Low,1,False,False,False
2018-04-03,39.17,21.76,26.52,36.733377777777775,2.4366222222222262,Moderate,1,False,False,False
2018-04-04,41.09,24.06,23.78,36.97615555555555,4.113844444444453,Moderate,1,True,False,False
2018-04-05,40.16,24.21,23.3,37.18664444444445,2.9733555555555498,Moderate,1,False,False,False
2018-04-06,39.28,25.34,26.93,37.409155555555564,1.8708444444444368,Moderate,1,False,False,False
2018-04-07,37.68,21.89,33.95,37.60075555555556,0.07924444444444134,Low,1,False,False,False
2018-04-08,37.55,21.88,38.13,37.809333333333335,-0.25933333333333763,Low,1,False,False,False
2018-04-09,35.18,22.26,44.64,38.03431111111111,-2.854311111111109,Low,1,False,False,False
2018-04-10,36.34,19.95,43.68,38.20848888888889,-1.8684888888888835,Low,1,False,False,False
2018-04-11,37.22,23.18,38.74,38.400977777777776,-1.1809777777777768,Low,1,False,False,False
2018-04-12,35.37,21.73,42.36,38.63024444444444,-3.260244444444446,Low,1,False,False,False
2018-04-13,36.45,19.01,27.31,38.87571111111111,-2.425711111111106,Low,1,False,False,False
2018-04-14,38.31,19.5,25.29,39.07668888888889,-0.7666888888888863,Moderate,1,False,False,False
2018-04-15,39.85,21.32,26.41,39.27815555555555,0.5718444444444515,Moderate,1,False,False,False
2018-04-16,41.24,25.23,25.03,39.456488888888885,1.7835111111111175,Moderate,1,False,False,False
2018-04-17,40.63,25.19,24.26,39.64866666666667,0.9813333333333318,Moderate,1,False,False,False
2018-04-18,40.21,25.53,24.04,39.89935555555555,0.31064444444444916,Moderate,1,False,False,False
2018-04-19,40.94,24.21,21.16,40.11044444444445,0.8295555555555509,Moderate,1,False,False,False
2018-04-20,41.74,25.04,17.83,40.290644444444446,1.449355555555556,Moderate,1,False,False,False
2018-04-21,36.88,19.07,15.34,40.50011111111111,-3.6201111111111075,Low,1,False,False,False
2018-04-22,37.16,19.67,18.21,40.71031111111112,-3.550311111111121,Low,1,False,False,False
2018-04-23,38.8,19.64,16.13,40.933755555555564,-2.1337555555555667,Moderate,1,False,False,False
2018-04-24,41.99,20.6,12.46,41.10231111111111,0.8876888888888885,Moderate,1,False,False,False
2018-04-25,43.42,22.39,11.03,41.282799999999995,2.137200000000007,Moderate,1,False,False,False
2018-04-26,43.56,25.15,10.14,41.434333333333335,2.1256666666666675,Moderate,1,False,False,False
2018-04-27,41.4,23.66,16.51,41.52704444444444,-0.12704444444444363,Moderate,1,False,False,False
2018-04-28,43.47,26.19,20.6,41.64384444444444,1.8261555555555589,Moderate,1,False,False,False
2018-04-29,43.87,25.5,20.63,41.76173333333333,2.1082666666666654,Moderate,1,False,False,False
2018-04-30,43.13,26.63,19.13,41.832,1.2980000000000018,Moderate,1,False,False,False
2018-05-01,43.01,25.34,23.39,41.93557777777777,1.0744222222222248,Moderate,1,False,False,False
2018-05-02,39.77,25.37,30.27,42.023155555555554,-2.2531555555555514,Moderate,1,False,False,False
2018-05-03,39.26,25.57,38.08,42.078399999999995,-2.818399999999997,Moderate,1,False,False,False
2018-05-04,39.65,25.31,38.9,42.13955555555556,-2.4895555555555617,Moderate,1,False,False,False
2018-05-05,41.03,27.13,28.73,42.21975555555555,-1.18975555555555,Moderate,1,False,False,False
2018-05-06,41.92,28.01,22.1,42.26844444444445,-0.34844444444444633,Moderate,1,False,False,False
2018-05-07,42.14,26.02,21.37,42.34897777777778,-0.2089777777777826,Moderate,1,False,False,False
2018-05-08,39.4,25.68,28.65,42.40802222222222,-3.0080222222222233,Moderate,1,False,False,False
2018-05-09,39.7,24.16,30.04,42.520022222222224,-2.820022222222221,Moderate,1,False,False,False
2018-05-10,40.81,24.14,26.2,42.63426666666666,-1.8242666666666594,Moderate,1,False,False,False
2018-05-11,43.76,25.95,19.93,42.76553333333334,0.9944666666666606,Moderate,1,False,False,False
2018-05-12,44.94,29.26,18.09,42.900955555555555,2.0390444444444427,Moderate,1,False,False,False
2018-05-13,43.98,29.5,21.22,42.971399999999996,1.0086000000000013,Moderate,1,False,False,False
2018-05-14,41.22,25.16,26.32,43.02808888888889,-1.8080888888888893,Moderate,1,False,False,False
2018-05-15,41.97,26.87,21.54,43.13562222222222,-1.1656222222222183,Moderate,1,False,False,False
2018-05-16,42.92,28.74,22.56,43.21666666666667,-0.29666666666666686,Moderate,1,False,False,False
2018-05-17,44.06,27.2,18.47,43.31635555555556,0.7436444444444419,Moderate,1,False,False,False
2018-05-18,43.17,28.91,18.46,43.413399999999996,-0.24339999999999407,Moderate,1,False,False,False
2018-05-19,43.48,28.18,21.52,43.49088888888889,-0.010888888888892723,Moderate,1,False,False,False
2018-05-20,44.23,28.73,18.41,43.546400000000006,0.6835999999999913,Moderate,1,False,False,False
2018-05-21,44.67,28.13,13.52,43.60217777777778,1.067822222222219,Moderate,1,False,False,False
2018-05-22,46.11,27.93,13.5,43.64451111111111,2.465488888888892,High,1,False,True,False
2018-05-23,46.02,29.12,14.37,43.66228888888889,2.357711111111115,High,1,False,True,False
2018-05-24,45.47,30.68,10.03,43.66553333333333,1.80446666666667,High,1,False,True,False
2018-05-25,45.94,27.39,8.74,43.63744444444444,2.302555555555557,High,1,False,True,False
2018-05-26,46.54,26.73,8.72,43.628688888888895,2.911311111111104,High,1,False,True,False
2018-05-27,46.47,30.7,7.26,43.6098,2.860199999999999,High,1,False,True,False
2018-05-28,45.36,27.07,10.22,43.64233333333333,1.7176666666666662,High,1,False,True,False
2018-05-29,45.7,30.34,11.06,43.70124444444444,1.9987555555555616,High,1,False,True,False
2018-05-30,42.99,28.45,21.08,43.729311111111116,-0.7393111111111139,Moderate,1,False,False,False
2018-05-31,44.21,29.9,24.3,43.714000000000006,0.4959999999999951,Moderate,1,False,False,False
2018-06-01,45.33,31.14,20.45,43.662400000000005,1.667599999999993,High,1,False,True,False
2018-06-02,41.12,28.18,42.16,43.63302222222222,-2.513022222222226,Moderate,1,False,False,False
2018-06-03,42.17,27.61,34.38,43.60995555555555,-1.4399555555555494,Moderate,1,False,False,False
2018-06-04,43.08,29.73,32.14,43.5666,-0.4866000000000028,Moderate,1,False,False,False
2018-06-05,43.53,31.86,33.7,43.53282222222222,-0.0028222222222211713,Moderate,1,False,False,False
2018-06-06,41.09,31.78,43.12,43.49028888888889,-2.4002888888888876,Moderate,1,False,False,False
2018-06-07,42.35,30.24,43.66,43.47284444444444,-1.1228444444444392,Moderate,1,False,False,False
2018-06-08,43.95,30.95,33.4,43.43511111111112,0.5148888888888834,Moderate,1,False,False,False
2018-06-09,40.57,31.68,45.19,43.40673333333333,-2.8367333333333278,Moderate,1,False,False,False
2018-06-10,39.9,30.14,51.0,43.328399999999995,-3.4283999999999963,Moderate,1,False,False,False
2018-06-11,42.25,30.49,38.88,43.27304444444445,-1.0230444444444515,Moderate,1,False,False,False
2018-06-12,45.56,30.19,29.76,43.14535555555556,2.4146444444444413,High,1,False,True,False
2018-06-13,44.6,31.42,27.13,43.023133333333334,1.5768666666666675,Moderate,1,False,False,False
2018-06-14,43.05,32.84,29.15,42.9322,0.11779999999999546,Moderate,1,False,False,False
2018-06-15,42.03,32.29,31.15,42.91224444444445,-0.8822444444444457,Moderate,1,False,False,False
2018-06-16,42.6,32.95,31.85,42.85815555555555,-0.2581555555555468,Moderate,1,False,False,False
2018-06-17,40.76,30.69,38.29,42.73677777777778,-1.9767777777777837,Moderate,1,False,False,False
2018-06-18,42.26,29.58,36.37,42.58573333333334,-0.3257333333333392,Moderate,1,False,False,False
2018-06-19,42.59,28.85,34.97,42.45753333333333,0.13246666666667295,Moderate,1,False,False,False
2018-06-20,43.78,30.85,32.43,42.30004444444445,1.4799555555555486,Moderate,1,False,False,False
2018-06-21,44.76,32.22,30.44,42.15328888888889,2.6067111111111103,Moderate,1,False,False,False
2018-06-22,45.74,33.17,24.76,41.95037777777778,3.7896222222222207,High,1,False,True,False
2018-06-23,46.46,34.2,21.58,41.75326666666667,4.706733333333332,High,1,True,True,False
2018-06-24,45.28,33.5,21.85,41.62502222222223,3.6549777777777734,High,1,False,True,False
2018-06-25,46.26,30.8,26.32,41.52491111111111,4.735088888888889,High,1,True,True,False
2018-06-26,35.36,30.9,49.33,41.37497777777777,-6.014977777777773,Low,1,False,False,False
2018-06-27,38.23,29.08,54.61,41.24328888888888,-3.01328888888888,Moderate,1,False,False,False
2018-06-28,34.83,27.88,69.14,41.07826666666667,-6.248266666666673,Low,1,False,False,False
2018-06-29,38.95,27.52,53.1,40.90608888888888,-1.9560888888888783,Moderate,1,False,False,False
2018-06-30,37.24,29.01,55.85,40.65440000000001,-3.4144000000000077,Low,1,False,False,False
2018-07-01,39.61,29.38,52.51,40.44744444444445,-0.8374444444444507,Moderate,1,False,False,False
2018-07-02,37.27,28.93,60.93,40.257533333333335,-2.9875333333333316,Low,1,False,False,False
2018-07-03,37.09,28.62,58.13,40.092933333333335,-3.0029333333333312,Low,1,False,False,False
2018-07-04,37.67,29.07,57.09,39.89702222222222,-2.2270222222222174,Low,1,False,False,False
2018-07-05,39.11,28.95,51.54,39.696244444444446,-0.5862444444444463,Moderate,1,False,False,False
2018-07-06,40.87,27.76,45.3,39.465066666666665,1.4049333333333323,Moderate,1,False,False,False
2018-07-07,41.45,27.93,42.84,39.2772,2.1728000000000023,Moderate,1,False,False,False
2018-07-08,42.59,29.12,40.44,39.08133333333333,3.50866666666667,Moderate,1,False,False,False
2018-07-09,41.85,30.64,44.55,38.83677777777778,3.0132222222222182,Moderate,1,False,False,False
2018-07-10,40.85,30.47,50.38,38.58848888888889,2.261511111111112,Moderate,1,False,False,False
2018-07-11,39.34,30.25,54.46,38.39811111111111,0.9418888888888901,Moderate,1,False,False,False
2018-07-12,37.74,28.68,63.21,38.20135555555556,-0.4613555555555564,Low,1,False,False,False
2018-07-13,34.37,28.41,67.65,38.00042222222223,-3.6304222222222293,Low,1,False,False,False
2018-07-14,31.82,27.58,79.91,37.76537777777777,-5.945377777777772,Low,1,False,False,False
2018-07-15,34.08,27.3,72.25,37.570044444444434,-3.490044444444436,Low,1,False,False,False
2018-07-16,35.58,27.58,71.79,37.38737777777778,-1.8073777777777806,Low,1,False,False,False
2018-07-17,37.78,27.59,62.42,37.219022222222215,0.5609777777777865,Low,1,False,False,False
2018-07-18,38.78,28.06,56.77,37.06086666666666,1.719133333333339,Moderate,1,False,False,False
2018-07-19,36.66,28.2,63.88,36.912577777777784,-0.25257777777778756,Low,1,False,False,False
2018-07-20,33.85,28.25,72.44,36.76746666666667,-2.9174666666666695,Low,1,False,False,False
2018-07-21,33.55,27.42,78.28,36.61904444444444,-3.069044444444444,Low,1,False,False,False
2018-07-22,31.58,26.9,85.72,36.49357777777778,-4.913577777777782,Low,1,False,False,False
2018-07-23,34.29,26.25,76.17,36.39324444444444,-2.1032444444444423,Low,1,False,False,False
2018-07-24,34.74,27.08,74.34,36.31066666666666,-1.5706666666666607,Low,1,False,False,False
2018-07-25,33.5,27.27,81.61,36.208933333333334,-2.7089333333333343,Low,1,False,False,False
2018-07-26,29.31,25.93,91.77,36.05451111111111,-6.7445111111111125,Low,1,False,False,False
2018-07-27,31.77,25.64,88.84,35.91702222222222,-4.147022222222223,Low,1,False,False,False
2018-07-28,31.73,25.47,86.04,35.76773333333333,-4.037733333333332,Low,1,False,False,False
2018-07-29,33.21,25.29,81.7,35.6622,-2.4521999999999977,Low,1,False,False,False
2018-07-30,32.71,24.98,83.22,35.55608888888889,-2.846088888888886,Low,1,False,False,False
2018-07-31,33.35,25.74,79.13,35.45731111111111,-2.107311111111109,Low,1,False,False,False
2018-08-01,33.96,24.25,79.63,35.36017777777778,-1.4001777777777775,Low,1,False,False,False
2018-08-02,33.45,24.12,78.87,35.27460000000001,-1.8246000000000038,Low,1,False,False,False
2018-08-03,33.6,23.7,77.04,35.2078,-1.6077999999999975,Low,1,False,False,False
2018-08-04,31.57,24.54,80.67,35.15853333333333,-3.5885333333333307,Low,1,False,False,False
2018-08-05,30.73,24.43,86.37,35.105244444444445,-4.375244444444444,Low,1,False,False,False
2018-08-06,31.0,24.25,81.1,35.03131111111111,-4.031311111111108,Low,1,False,False,False
2018-08-07,31.08,24.06,82.05,34.92608888888889,-3.846088888888893,Low,1,False,False,False
2018-08-08,30.21,25.14,85.04,34.80277777777778,-4.592777777777776,Low,1,False,False,False
2018-08-09,33.05,25.33,79.12,34.71373333333334,-1.6637333333333402,Low,1,False,False,False
2018-08-10,33.93,26.27,76.0,34.68682222222222,-0.756822222222219,Low,1,False,False,False
2018-08-11,34.3,26.26,82.82,34.692822222222226,-0.39282222222222885,Low,1,False,False,False
2018-08-12,33.65,25.18,77.69,34.64324444444444,-0.9932444444444428,Low,1,False,False,False
2018-08-13,31.77,24.85,79.7,34.61568888888889,-2.8456888888888905,Low,1,False,False,False
2018-08-14,32.76,26.29,78.22,34.593177777777775,-1.8331777777777774,Low,1,False,False,False
2018-08-15,33.89,26.6,79.11,34.55428888888889,-0.6642888888888905,Low,1,False,False,False
2018-08-16,32.23,26.31,79.3,34.51386666666667,-2.2838666666666754,Low,1,False,False,False
2018-08-17,32.59,25.89,84.46,34.4648,-1.8747999999999934,Low,1,False,False,False
2018-08-18,32.95,25.88,80.79,34.3954,-1.4453999999999994,Low,1,False,False,False
2018-08-19,32.45,26.86,81.11,34.325044444444444,-1.8750444444444412,Low,1,False,False,False
2018-08-20,32.1,26.09,81.08,34.306688888888885,-2.206688888888884,Low,1,False,False,False
2018-08-21,32.08,26.31,86.0,34.28442222222222,-2.2044222222222203,Low,1,False,False,False
2018-08-22,31.52,26.15,85.54,34.269244444444446,-2.7492444444444466,Low,1,False,False,False
2018-08-23,32.0,25.44,84.02,34.26082222222222,-2.2608222222222167,Low,1,False,False,False
2018-08-24,33.13,25.12,83.39,34.28026666666666,-1.1502666666666599,Low,1,False,False,False
2018-08-25,33.41,24.43,81.22,34.25842222222222,-0.8484222222222257,Low,1,False,False,False
2018-08-26,32.47,24.11,79.95,34.20153333333333,-1.7315333333333314,Low,1,False,False,False
2018-08-27,31.12,25.96,84.28,34.22771111111111,-3.1077111111111115,Low,1,False,False,False
2018-08-28,31.12,26.15,88.73,34.18877777777778,-3.068777777777779,Low,1,False,False,False
2018-08-29,32.27,25.71,86.57,34.1558,-1.8857999999999961,Low,1,False,False,False
2018-08-30,32.44,25.29,82.88,34.111422222222224,-1.6714222222222261,Low,1,False,False,False
2018-08-31,32.25,24.92,82.69,34.0478,-1.7978000000000023,Low,1,False,False,False
2018-09-01,27.47,24.77,90.88,34.026466666666664,-6.556466666666665,Low,1,False,False,False
2018-09-02,28.99,24.55,87.91,34.02546666666667,-5.035466666666668,Low,1,False,False,False
2018-09-03,29.68,25.06,88.04,34.00006666666667,-4.320066666666669,Low,1,False,False,False
2018-09-04,30.75,24.57,84.44,33.942933333333336,-3.192933333333336,Low,1,False,False,False
2018-09-05,30.92,24.86,83.14,33.876000000000005,-2.956000000000003,Low,1,False,False,False
2018-09-06,32.39,24.06,76.57,33.858133333333335,-1.4681333333333342,Low,1,False,False,False
2018-09-07,31.66,24.8,87.12,33.84168888888888,-2.181688888888882,Low,1,False,False,False
2018-09-08,30.31,24.58,88.32,33.781866666666666,-3.471866666666667,Low,1,False,False,False
2018-09-09,30.54,24.18,88.51,33.717666666666666,-3.177666666666667,Low,1,False,False,False
2018-09-10,31.41,23.85,87.68,33.6842,-2.274199999999997,Low,1,False,False,False
2018-09-11,31.81,23.83,83.87,33.65893333333334,-1.8489333333333384,Low,1,False,False,False
2018-09-12,32.43,23.15,83.25,33.67102222222222,-1.2410222222222203,Low,1,False,False,False
2018-09-13,31.69,22.28,82.34,33.67057777777778,-1.9805777777777784,Low,1,False,False,False
2018-09-14,31.64,20.92,78.48,33.681244444444445,-2.0412444444444446,Low,1,False,False,False
2018-09-15,31.46,21.45,73.9,33.70724444444444,-2.2472444444444406,Low,1,False,False,False
2018-09-16,31.23,20.78,74.46,33.68386666666667,-2.4538666666666664,Low,1,False,False,False
2018-09-17,32.13,22.16,73.52,33.63984444444444,-1.5098444444444397,Low,1,False,False,False
2018-09-18,31.55,21.46,71.24,33.653866666666666,-2.103866666666665,Low,1,False,False,False
2018-09-19,31.95,22.36,69.42,33.68624444444445,-1.7362444444444485,Low,1,False,False,False
2018-09-20,32.28,21.57,73.02,33.73446666666667,-1.4544666666666686,Low,1,False,False,False
2018-09-21,31.69,22.23,86.06,33.76326666666667,-2.0732666666666653,Low,1,False,False,False
2018-09-22,27.32,22.85,92.38,33.785111111111114,-6.4651111111111135,Low,1,False,False,False
2018-09-23,28.94,24.24,89.22,33.812266666666666,-4.872266666666665,Low,1,False,False,False
2018-09-24,27.46,23.96,93.07,33.852244444444445,-6.392244444444444,Low,1,False,False,False
2018-09-25,28.86,22.39,87.08,33.869955555555556,-5.009955555555557,Low,1,False,False,False
2018-09-26,30.78,20.72,82.49,33.876977777777775,-3.0969777777777736,Low,1,False,False,False
2018-09-27,30.85,19.24,71.87,33.85371111111111,-3.003711111111109,Low,1,False,False,False
2018-09-28,32.24,21.14,64.59,33.837022222222224,-1.597022222222222,Low,1,False,False,False
2018-09-29,32.98,21.34,62.89,33.81057777777777,-0.8305777777777763,Low,1,False,False,False
2018-09-30,31.49,19.35,72.25,33.79295555555556,-2.3029555555555596,Low,1,False,False,False
2018-10-01,32.39,19.57,71.79,33.80177777777778,-1.411777777777779,Low,1,False,False,False
2018-10-02,32.01,19.53,66.32,33.83797777777778,-1.8279777777777824,Low,1,False,False,False
2018-10-03,33.09,21.63,62.26,33.836644444444445,-0.746644444444442,Low,1,False,False,False
2018-10-04,32.51,20.17,72.14,33.79262222222222,-1.2826222222222228,Low,1,False,False,False
2018-10-05,32.13,20.48,65.06,33.739222222222224,-1.6092222222222219,Low,1,False,False,False
2018-10-06,31.24,20.47,65.98,33.674622222222226,-2.4346222222222274,Low,1,False,False,False
2018-10-07,31.27,19.88,63.46,33.59664444444444,-2.326644444444444,Low,1,False,False,False
2018-10-08,33.11,18.89,63.8,33.52768888888889,-0.41768888888888966,Low,1,False,False,False
2018-10-09,31.08,18.76,71.53,33.42704444444445,-2.3470444444444496,Low,1,False,False,False
2018-10-10,30.02,20.67,82.15,33.3528,-3.3328000000000024,Low,1,False,False,False
2018-10-11,30.23,20.19,83.14,33.248866666666665,-3.018866666666664,Low,1,False,False,False
2018-10-12,30.57,19.32,76.15,33.1806,-2.610599999999998,Low,1,False,False,False
2018-10-13,28.7,16.49,69.32,33.08891111111111,-4.38891111111111,Low,1,False,False,False
2018-10-14,29.13,16.08,62.57,33.01328888888889,-3.883288888888888,Low,1,False,False,False
2018-10-15,30.93,16.37,60.42,32.931422222222224,-2.0014222222222244,Low,1,False,False,False
2018-10-16,30.89,17.25,66.55,32.800066666666666,-1.9100666666666655,Low,1,False,False,False
2018-10-17,32.21,19.14,62.21,32.659822222222225,-0.4498222222222239,Low,1,False,False,False
2018-10-18,31.56,18.68,72.01,32.51526666666666,-0.9552666666666632,Low,1,False,False,False
2018-10-19,30.79,17.13,64.3,32.42591111111111,-1.6359111111111133,Low,1,False,False,False
2018-10-20,30.6,17.91,61.79,32.321822222222224,-1.7218222222222224,Low,1,False,False,False
2018-10-21,29.47,17.64,61.48,32.220800000000004,-2.7508000000000052,Low,1,False,False,False
2018-10-22,29.65,14.2,54.81,32.141777777777776,-2.491777777777777,Low,1,False,False,False
2018-10-23,29.73,15.97,52.95,32.04991111111111,-2.3199111111111073,Low,1,False,False,False
2018-10-24,30.85,16.3,54.06,31.9858,-1.1357999999999997,Low,1,False,False,False
2018-10-25,29.84,17.02,54.37,31.882377777777776,-2.0423777777777765,Low,1,False,False,False
2018-10-26,30.25,16.3,55.71,31.814066666666662,-1.5640666666666618,Low,1,False,False,False
2018-10-27,29.5,17.62,56.28,31.70722222222222,-2.207222222222221,Low,1,False,False,False
2018-10-28,29.45,16.21,56.61,31.621,-2.1709999999999994,Low,1,False,False,False
2018-10-29,30.02,17.46,56.09,31.512844444444443,-1.4928444444444438,Low,1,False,False,False
2018-10-30,30.15,18.04,58.43,31.401288888888892,-1.2512888888888938,Low,1,False,False,False
2018-10-31,29.8,16.98,56.2,31.304266666666667,-1.5042666666666662,Low,1,False,False,False
2018-11-01,29.88,17.45,51.24,31.194844444444442,-1.314844444444443,Low,1,False,False,False
2018-11-02,30.67,15.6,60.04,31.099111111111107,-0.429111111111105,Low,1,False,False,False
2018-11-03,29.0,17.23,69.97,30.972644444444445,-1.9726444444444446,Low,1,False,False,False
2018-11-04,28.66,16.51,74.3,30.84648888888889,-2.1864888888888885,Low,1,False,False,False
2018-11-05,25.43,12.47,54.47,30.698422222222224,-5.268422222222224,Low,1,False,False,False
2018-11-06,26.6,11.07,53.79,30.530866666666665,-3.930866666666663,Low,1,False,False,False
2018-11-07,26.88,8.77,40.93,30.36888888888889,-3.4888888888888907,Low,1,False,False,False
2018-11-08,27.11,14.28,41.04,30.216711111111113,-3.106711111111114,Low,1,False,False,False
2018-11-09,27.39,15.36,48.79,30.088288888888886,-2.698288888888886,Low,1,False,False,False
2018-11-10,26.22,15.17,46.03,29.936999999999998,-3.7169999999999987,Low,1,False,False,False
2018-11-11,28.41,15.02,47.79,29.803711111111113,-1.393711111111113,Low,1,False,False,False
2018-11-12,29.55,16.7,41.26,29.650355555555556,-0.10035555555555575,Low,1,False,False,False
2018-11-13,29.02,16.34,48.26,29.476444444444443,-0.4564444444444433,Low,1,False,False,False
2018-11-14,27.83,15.87,57.15,29.300555555555555,-1.4705555555555563,Low,1,False,False,False
2018-11-15,27.2,15.15,61.17,29.14313333333333,-1.943133333333332,Low,1,False,False,False
2018-11-16,26.61,11.78,56.62,28.98662222222222,-2.3766222222222204,Low,1,False,False,False
2018-11-17,27.05,11.03,47.22,28.77284444444444,-1.7228444444444406,Low,1,False,False,False
2018-11-18,27.77,14.99,40.54,28.588733333333334,-0.8187333333333342,Low,1,False,False,False
2018-11-19,27.4,13.99,59.43,28.408200000000004,-1.0082000000000058,Low,1,False,False,False
2018-11-20,28.57,15.05,56.58,28.232511111111112,0.3374888888888883,Low,1,False,False,False
2018-11-21,27.57,12.23,48.62,28.08188888888889,-0.5118888888888904,Low,1,False,False,False
2018-11-22,26.98,12.35,42.4,27.934555555555555,-0.9545555555555545,Low,1,False,False,False
2018-11-23,27.5,11.18,48.79,27.75091111111111,-0.25091111111111175,Low,1,False,False,False
2018-11-24,26.66,10.4,46.74,27.52846666666667,-0.86846666666667,Low,1,False,False,False
2018-11-25,27.38,10.15,45.3,27.344111111111108,0.0358888888888913,Low,1,False,False,False
2018-11-26,27.04,11.03,44.18,27.173555555555556,-0.13355555555555654,Low,1,False,False,False
2018-11-27,26.5,14.14,47.28,27.019755555555555,-0.5197555555555553,Low,1,False,False,False
2018-11-28,26.09,15.6,60.52,26.90706666666667,-0.817066666666669,Low,1,False,False,False
2018-11-29,25.91,12.35,58.66,26.79688888888889,-0.8868888888888904,Low,1,False,False,False
2018-11-30,26.63,10.93,53.42,26.675022222222218,-0.045022222222218744,Low,1,False,False,False
2018-12-01,26.19,9.66,44.77,26.570155555555555,-0.3801555555555538,Low,1,False,False,False
2018-12-02,25.88,13.56,39.66,26.477844444444443,-0.5978444444444442,Low,1,False,False,False
2018-12-03,25.05,11.92,44.82,26.311577777777774,-1.2615777777777737,Low,1,False,False,False
2018-12-04,25.19,11.83,46.94,26.14382222222222,-0.9538222222222181,Low,1,False,False,False
2018-12-05,24.64,10.48,47.68,26.005266666666664,-1.3652666666666633,Low,1,False,False,False
2018-12-06,24.32,12.24,48.47,25.860755555555553,-1.5407555555555525,Low,1,False,False,False
2018-12-07,24.12,8.54,54.81,25.690422222222224,-1.5704222222222235,Low,1,False,False,False
2018-12-08,23.42,9.52,50.43,25.55206666666667,-2.1320666666666668,Low,1,False,False,False
2018-12-09,23.84,9.85,47.19,25.45042222222222,-1.610422222222219,Low,1,False,False,False
2018-12-10,23.75,10.14,47.56,25.335266666666666,-1.5852666666666657,Low,1,False,False,False
2018-12-11,24.29,11.96,46.23,25.200733333333332,-0.910733333333333,Low,1,False,False,False
2018-12-12,20.27,11.04,61.42,25.026177777777775,-4.756177777777776,Low,1,False,False,False
2018-12-13,20.18,9.97,73.37,24.84988888888889,-4.669888888888892,Low,1,False,False,False
2018-12-14,21.71,6.9,64.66,24.67351111111111,-2.96351111111111,Low,1,False,False,False
2018-12-15,22.81,6.35,60.84,24.513511111111107,-1.7035111111111085,Low,1,False,False,False
2018-12-16,22.82,5.31,51.88,24.31308888888889,-1.493088888888888,Low,1,False,False,False
2018-12-17,23.38,5.17,47.56,24.155755555555555,-0.7757555555555555,Low,1,False,False,False
2018-12-18,23.01,5.47,42.54,24.0546,-1.044599999999999,Low,1,False,False,False
2018-12-19,22.54,4.39,41.17,23.948666666666664,-1.4086666666666652,Low,1,False,False,False
2018-12-20,22.51,6.78,40.86,23.82611111111111,-1.316111111111109,Low,1,False,False,False
2018-12-21,21.04,3.61,42.64,23.708155555555557,-2.6681555555555576,Low,1,False,False,False
2018-12-22,21.1,4.57,37.69,23.624844444444445,-2.524844444444444,Low,1,False,False,False
2018-12-23,21.25,6.07,40.78,23.505444444444446,-2.2554444444444464,Low,1,False,False,False
2018-12-24,21.13,6.19,45.35,23.33804444444445,-2.2080444444444502,Low,1,False,False,False
2018-12-25,20.36,3.84,44.3,23.18155555555556,-2.821555555555559,Low,1,False,False,False
2018-12-26,20.06,2.96,42.47,23.04928888888889,-2.9892888888888898,Low,1,False,False,False
2018-12-27,20.38,6.01,39.72,22.9332,-2.5532000000000004,Low,1,False,False,False
2018-12-28,18.57,2.57,44.67,22.826666666666668,-4.256666666666668,Low,1,False,False,False
2018-12-29,19.97,1.69,41.05,22.74795555555556,-2.777955555555561,Low,1,False,False,False
2018-12-30,21.22,6.21,38.34,22.659,-1.439,Low,1,False,False,False
2018-12-31,21.92,3.88,44.03,22.60408888888889,-0.684088888888887,Low,1,False,False,False
2019-01-01,20.72,4.57,43.05,22.535333333333337,-1.8153333333333386,Low,1,False,False,False
2019-01-02,22.08,8.5,41.76,22.474777777777778,-0.39477777777777945,Low,1,False,False,False
2019-01-03,21.24,4.88,52.09,22.452133333333336,-1.2121333333333375,Low,1,False,False,False
2019-01-04,18.41,5.26,55.33,22.437755555555558,-4.027755555555558,Low,1,False,False,False
2019-01-05,22.62,5.27,52.08,22.431400000000004,0.18859999999999744,Low,1,False,False,False
2019-01-06,18.95,8.4,63.8,22.391222222222222,-3.4412222222222226,Low,1,False,False,False
2019-01-07,21.34,6.76,67.93,22.42482222222222,-1.084822222222222,Low,1,False,False,False
2019-01-08,21.62,6.02,60.67,22.491222222222223,-0.8712222222222223,Low,1,False,False,False
2019-01-09,22.5,5.62,49.31,22.51342222222222,-0.013422222222221336,Low,1,False,False,False
2019-01-10,21.69,4.76,44.41,22.509244444444445,-0.8192444444444433,Low,1,False,False,False
2019-01-11,21.62,7.21,36.52,22.535800000000002,-0.9158000000000008,Low,1,False,False,False
2019-01-12,21.15,9.8,36.57,22.5652,-1.4152000000000022,Low,1,False,False,False
2019-01-13,22.0,7.78,57.53,22.58406666666666,-0.5840666666666614,Low,1,False,False,False
2019-01-14,20.89,5.03,42.14,22.604177777777775,-1.714177777777774,Low,1,False,False,False
2019-01-15,22.22,2.7,34.47,22.64688888888889,-0.42688888888888954,Low,1,False,False,False
2019-01-16,21.33,6.74,31.15,22.71151111111111,-1.381511111111113,Low,1,False,False,False
2019-01-17,22.26,4.73,36.62,22.784866666666662,-0.5248666666666608,Low,1,False,False,False
2019-01-18,22.13,4.25,45.86,22.887088888888886,-0.7570888888888874,Low,1,False,False,False
2019-01-19,24.93,6.64,41.06,23.033711111111106,1.8962888888888934,Low,1,False,False,False
2019-01-20,26.51,11.86,35.15,23.159355555555553,3.3506444444444483,Moderate,1,True,False,False
2019-01-21,22.96,11.89,51.0,23.260111111111115,-0.3001111111111143,Low,1,False,False,False
2019-01-22,19.7,9.67,77.31,23.339355555555557,-3.6393555555555572,Low,1,False,False,False
2019-01-23,21.3,9.74,68.17,23.456488888888885,-2.156488888888884,Low,1,False,False,False
2019-01-24,21.41,9.33,63.81,23.577688888888886,-2.167688888888886,Low,1,False,False,False
2019-01-25,18.68,6.3,64.11,23.7166,-5.0366,Low,1,False,False,False
2019-01-26,19.33,2.88,56.6,23.872511111111113,-4.542511111111114,Low,1,False,False,False
2019-01-27,17.05,2.9,52.8,24.0528,-7.002800000000001,Low,1,False,False,False
2019-01-28,19.71,1.86,47.06,24.255044444444444,-4.545044444444443,Low,1,False,False,False
2019-01-29,21.26,2.32,42.77,24.43764444444444,-3.1776444444444394,Low,1,False,False,False
2019-01-30,20.03,3.66,42.05,24.64611111111111,-4.61611111111111,Low,1,False,False,False
2019-01-31,22.15,6.31,42.03,24.836555555555556,-2.6865555555555574,Low,1,False,False,False
2019-02-01,22.6,7.54,51.54,24.962155555555558,-2.3621555555555567,Low,1,False,False,False
2019-02-02,20.22,5.55,56.52,25.038933333333333,-4.818933333333334,Low,1,False,False,False
2019-02-03,22.19,5.23,56.4,25.05077777777778,-2.860777777777777,Low,1,False,False,False
2019-02-04,23.36,5.62,48.33,25.08062222222222,-1.7206222222222216,Low,1,False,False,False
2019-02-05,25.94,9.15,49.18,25.21828888888889,0.7217111111111123,Low,1,False,False,False
2019-02-06,24.65,13.4,71.34,25.346244444444448,-0.6962444444444493,Low,1,False,False,False
2019-02-07,22.93,10.67,75.74,25.447022222222223,-2.5170222222222236,Low,1,False,False,False
2019-02-08,21.03,6.03,56.55,25.5608,-4.530799999999999,Low,1,False,False,False
2019-02-09,21.01,4.96,49.2,25.69815555555556,-4.688155555555557,Low,1,False,False,False
2019-02-10,20.87,5.08,44.8,25.818933333333334,-4.948933333333333,Low,1,False,False,False
2019-02-11,21.63,8.2,46.28,25.900955555555555,-4.270955555555556,Low,1,False,False,False
2019-02-12,23.51,9.06,42.6,25.980733333333333,-2.4707333333333317,Low,1,False,False,False
2019-02-13,23.17,11.52,41.56,26.121555555555556,-2.9515555555555544,Low,1,False,False,False
2019-02-14,24.17,13.34,56.1,26.23182222222222,-2.0618222222222187,Low,1,False,False,False
2019-02-15,23.8,10.91,77.94,26.372622222222223,-2.572622222222222,Low,1,False,False,False
2019-02-16,22.81,10.68,72.56,26.5314,-3.7214000000000027,Low,1,False,False,False
2019-02-17,23.6,7.94,55.01,26.72222222222222,-3.12222222222222,Low,1,False,False,False
2019-02-18,25.35,9.65,44.98,26.923044444444443,-1.5730444444444416,Low,1,False,False,False
2019-02-19,26.08,10.58,51.55,27.12337777777778,-1.0433777777777813,Low,1,False,False,False
2019-02-20,24.95,13.86,59.04,27.301733333333335,-2.3517333333333355,Low,1,False,False,False
2019-02-21,28.19,13.81,50.58,27.478200000000005,0.7117999999999967,Low,1,False,False,False
2019-02-22,26.15,12.69,58.68,27.628056206088992,-1.4780562060889935,Low,1,False,False,False
2019-02-23,23.34,8.68,48.33,27.868032786885248,-4.528032786885248,Low,1,False,False,False
2019-02-24,26.07,8.67,40.92,28.07224824355972,-2.0022482435597198,Low,1,False,False,False
2019-02-25,25.94,8.8,42.04,28.334262295081967,-2.3942622950819654,Low,1,False,False,False
2019-02-26,24.84,9.92,51.12,28.601615925058546,-3.761615925058546,Low,1,False,False,False
2019-02-27,20.57,8.35,62.49,28.863559718969555,-8.293559718969554,Low,1,False,False,False
2019-02-28,22.76,7.37,49.59,29.11730679156909,-6.357306791569087,Low,1,False,False,False
2019-03-01,24.95,6.25,39.93,29.60613583138173,-4.656135831381732,Low,1,False,False,False
2019-03-02,25.62,10.89,52.56,29.87288056206089,-4.252880562060888,Low,1,False,False,False
2019-03-03,25.46,9.89,65.43,30.130163934426232,-4.670163934426231,Low,1,False,False,False
2019-03-04,24.83,11.06,62.05,30.42782201405152,-5.597822014051523,Low,1,False,False,False
2019-03-05,25.7,10.1,51.86,30.675995316159256,-4.975995316159256,Low,1,False,False,False
2019-03-06,25.85,8.73,44.5,30.9004449648712,-5.050444964871197,Low,1,False,False,False
2019-03-07,27.32,10.32,38.22,31.094121779859485,-3.7741217798594846,Low,1,False,False,False
2019-03-08,29.01,12.6,41.94,31.1864,-2.1763999999999974,Low,1,False,False,False
2019-03-09,28.52,12.89,44.42,31.4392,-2.9192,Low,1,False,False,False
2019-03-10,27.75,10.4,42.91,31.7304,-3.9803999999999995,Low,1,False,False,False
2019-03-11,30.39,12.0,41.6,31.999466666666663,-1.6094666666666626,Low,1,False,False,False
2019-03-12,27.68,13.54,49.53,32.2746,-4.5946,Low,1,False,False,False
2019-03-13,24.16,13.96,42.05,32.522,-8.361999999999998,Low,1,False,False,False
2019-03-14,27.38,12.59,44.28,32.714844444444445,-5.334844444444446,Low,1,False,False,False
2019-03-15,28.36,11.36,46.77,32.89988888888889,-4.539888888888889,Low,1,False,False,False
2019-03-16,28.43,12.0,42.35,33.123022222222225,-4.6930222222222255,Low,1,False,False,False
2019-03-17,30.13,12.87,36.75,33.33011111111111,-3.2001111111111094,Low,1,False,False,False
2019-03-18,30.35,11.53,37.72,33.50428888888889,-3.1542888888888854,Low,1,False,False,False
2019-03-19,31.58,13.14,39.14,33.67991111111111,-2.099911111111112,Low,1,False,False,False
2019-03-20,34.13,14.94,37.13,33.88886666666667,0.2411333333333303,Low,1,False,False,False
2019-03-21,32.76,15.83,42.59,34.141866666666665,-1.3818666666666672,Low,1,False,False,False
2019-03-22,32.12,15.12,31.29,34.41535555555556,-2.2953555555555596,Low,1,False,False,False
2019-03-23,33.07,13.37,34.86,34.6516,-1.5816000000000017,Low,1,False,False,False
2019-03-24,34.51,15.62,41.03,34.84142222222223,-0.33142222222222983,Low,1,False,False,False
2019-03-25,31.73,18.0,42.13,34.99291111111111,-3.262911111111112,Low,1,False,False,False
2019-03-26,33.27,14.96,35.68,35.14222222222222,-1.87222222222222,Low,1,False,False,False
2019-03-27,34.54,14.37,32.52,35.28031111111111,-0.7403111111111116,Low,1,False,False,False
2019-03-28,36.52,17.78,30.98,35.43346666666667,1.0865333333333353,Low,1,False,False,False
2019-03-29,38.29,21.44,34.06,35.61944444444445,2.670555555555552,Moderate,1,False,False,False
2019-03-30,38.91,22.42,34.57,35.83931111111111,3.0706888888888884,Moderate,1,False,False,False
2019-03-31,37.41,19.61,26.72,36.04628888888888,1.3637111111111153,Low,1,False,False,False
2019-04-01,36.48,15.57,24.6,36.27857777777778,0.20142222222222017,Low,1,False,False,False
2019-04-02,37.37,20.1,21.75,36.52422222222223,0.8457777777777693,Low,1,False,False,False
2019-04-03,38.54,18.45,22.53,36.733377777777775,1.8066222222222237,Moderate,1,False,False,False
2019-04-04,39.82,20.5,25.93,36.97615555555555,2.84384444444445,Moderate,1,False,False,False
2019-04-05,41.08,22.21,26.92,37.18664444444445,3.8933555555555515,Moderate,1,True,False,False
2019-04-06,41.32,24.52,28.1,37.409155555555564,3.910844444444436,Moderate,2,True,False,False
2019-04-07,39.03,22.61,26.69,37.60075555555556,1.4292444444444428,Moderate,1,False,False,False
2019-04-08,37.59,22.27,27.78,37.809333333333335,-0.21933333333333138,Low,1,False,False,False
2019-04-09,39.89,21.28,26.97,38.03431111111111,1.855688888888892,Moderate,1,False,False,False
2019-04-10,41.07,24.05,23.45,38.20848888888889,2.8615111111111133,Moderate,1,False,False,False
2019-04-11,41.38,23.06,26.95,38.400977777777776,2.979022222222227,Moderate,1,False,False,False
2019-04-12,40.7,24.11,24.25,38.63024444444444,2.0697555555555596,Moderate,1,False,False,False
2019-04-13,40.98,23.63,29.12,38.87571111111111,2.104288888888888,Moderate,1,False,False,False
2019-04-14,41.36,23.53,27.56,39.07668888888889,2.283311111111111,Moderate,1,False,False,False
2019-04-15,41.87,25.78,27.35,39.27815555555555,2.5918444444444475,Moderate,1,False,False,False
2019-04-16,33.26,24.23,43.59,39.456488888888885,-6.1964888888888865,Low,1,False,False,False
2019-04-17,27.48,19.56,67.98,39.64866666666667,-12.16866666666667,Low,1,False,False,False
2019-04-18,31.8,18.07,57.4,39.89935555555555,-8.099355555555551,Low,1,False,False,False
2019-04-19,33.85,19.2,41.33,40.11044444444445,-6.260444444444445,Low,1,False,False,False
2019-04-20,35.62,19.28,37.53,40.290644444444446,-4.670644444444449,Low,1,False,False,False
2019-04-21,38.95,20.59,33.14,40.50011111111111,-1.5501111111111072,Moderate,1,False,False,False
2019-04-22,39.79,24.06,30.88,40.71031111111112,-0.9203111111111184,Moderate,1,False,False,False
2019-04-23,42.05,23.27,31.42,40.933755555555564,1.1162444444444333,Moderate,1,False,False,False
2019-04-24,41.77,23.46,29.27,41.10231111111111,0.6676888888888897,Moderate,1,False,False,False
2019-04-25,43.18,25.87,24.03,41.282799999999995,1.897200000000005,Moderate,1,False,False,False
2019-04-26,42.58,25.09,24.76,41.434333333333335,1.1456666666666635,Moderate,1,False,False,False
2019-04-27,42.8,25.42,19.99,41.52704444444444,1.272955555555555,Moderate,1,False,False,False
2019-04-28,43.19,25.74,17.23,41.64384444444444,1.5461555555555577,Moderate,1,False,False,False
2019-04-29,43.73,24.91,16.07,41.76173333333333,1.9682666666666648,Moderate,1,False,False,False
2019-04-30,43.83,24.79,15.18,41.832,1.9979999999999976,Moderate,1,False,False,False
2019-05-01,43.6,24.09,14.16,41.93557777777777,1.6644222222222282,Moderate,1,False,False,False
2019-05-02,42.95,24.97,17.22,42.023155555555554,0.9268444444444484,Moderate,1,False,False,False
2019-05-03,41.61,24.77,21.77,42.078399999999995,-0.4683999999999955,Moderate,1,False,False,False
2019-05-04,41.19,23.58,17.48,42.13955555555556,-0.9495555555555626,Moderate,1,False,False,False
2019-05-05,41.71,22.26,14.15,42.21975555555555,-0.5097555555555502,Moderate,1,False,False,False
2019-05-06,43.24,22.58,12.43,42.26844444444445,0.971555555555554,Moderate,1,False,False,False
2019-05-07,43.8,24.27,11.85,42.34897777777778,1.451022222222214,Moderate,1,False,False,False
2019-05-08,44.43,25.4,14.89,42.40802222222222,2.021977777777778,Moderate,1,False,False,False
2019-05-09,44.18,27.98,19.03,42.520022222222224,1.659977777777776,Moderate,1,False,False,False
2019-05-10,43.54,28.09,20.52,42.63426666666666,0.9057333333333375,Moderate,1,False,False,False
2019-05-11,42.34,29.1,24.91,42.76553333333334,-0.425533333333334,Moderate,1,False,False,False
2019-05-12,41.87,26.73,25.47,42.900955555555555,-1.0309555555555576,Moderate,1,False,False,False
2019-05-13,40.95,27.02,22.78,42.971399999999996,-2.0213999999999928,Moderate,1,False,False,False
2019-05-14,39.64,27.5,31.73,43.02808888888889,-3.3880888888888876,Moderate,1,False,False,False
2019-05-15,40.57,26.28,26.85,43.13562222222222,-2.565622222222217,Moderate,1,False,False,False
2019-05-16,40.5,27.1,29.3,43.21666666666667,-2.7166666666666686,Moderate,1,False,False,False
2019-05-17,39.13,26.21,36.95,43.31635555555556,-4.186355555555558,Moderate,1,False,False,False
2019-05-18,35.03,23.95,48.9,43.413399999999996,-8.383399999999995,Low,1,False,False,False
2019-05-19,39.17,24.36,34.46,43.49088888888889,-4.320888888888888,Moderate,1,False,False,False
2019-05-20,42.05,25.13,26.76,43.546400000000006,-1.4964000000000084,Moderate,1,False,False,False
2019-05-21,42.3,27.26,25.5,43.60217777777778,-1.3021777777777856,Moderate,1,False,False,False
2019-05-22,43.04,27.55,24.45,43.64451111111111,-0.6045111111111083,Moderate,1,False,False,False
2019-05-23,41.93,29.21,28.24,43.66228888888889,-1.7322888888888883,Moderate,1,False,False,False
2019-05-24,39.4,29.03,35.38,43.66553333333333,-4.26553333333333,Moderate,1,False,False,False
2019-05-25,39.57,26.97,30.61,43.63744444444444,-4.06744444444444,Moderate,1,False,False,False
2019-05-26,41.84,25.44,24.94,43.628688888888895,-1.7886888888888919,Moderate,1,False,False,False
2019-05-27,43.96,26.22,19.9,43.6098,0.35020000000000095,Moderate,1,False,False,False
2019-05-28,44.96,25.4,15.52,43.64233333333333,1.3176666666666677,Moderate,1,False,False,False
2019-05-29,46.15,28.1,16.29,43.70124444444444,2.4487555555555574,High,1,False,True,False
2019-05-30,47.45,28.82,13.91,43.729311111111116,3.720688888888887,Extreme,1,True,True,True
2019-05-31,47.6,29.73,13.57,43.714000000000006,3.8859999999999957,Extreme,2,True,True,True
2019-06-01,47.87,31.03,16.3,43.662400000000005,4.207599999999992,Extreme,3,True,True,True
2019-06-02,46.18,32.2,14.69,43.63302222222222,2.5469777777777765,High,1,False,True,False
2019-06-03,46.0,30.09,15.99,43.60995555555555,2.390044444444449,High,1,False,True,False
2019-06-04,45.78,29.21,21.46,43.5666,2.2134,High,1,False,True,False
2019-06-05,46.06,31.5,17.07,43.53282222222222,2.52717777777778,High,1,False,True,False
2019-06-06,44.62,33.33,19.26,43.49028888888889,1.1297111111111064,Moderate,1,False,False,False
2019-06-07,44.0,27.84,20.59,43.47284444444444,0.5271555555555594,Moderate,1,False,False,False
2019-06-08,45.73,31.05,14.85,43.43511111111112,2.2948888888888774,High,1,False,True,False
2019-06-09,47.3,29.67,14.93,43.40673333333333,3.893266666666669,Extreme,1,True,True,True
2019-06-10,48.14,31.3,12.97,43.328399999999995,4.811600000000006,Extreme,2,True,True,True
2019-06-11,47.64,30.92,14.56,43.27304444444445,4.366955555555549,Extreme,3,True,True,True
2019-06-12,46.45,34.35,18.0,43.14535555555556,3.304644444444442,High,1,False,True,False
2019-06-13,44.4,30.88,27.02,43.023133333333334,1.3768666666666647,Moderate,1,False,False,False
2019-06-14,45.84,31.05,18.63,42.9322,2.9078000000000017,High,1,False,True,False
2019-06-15,45.93,29.61,23.14,42.91224444444445,3.017755555555553,High,1,False,True,False
2019-06-16,42.8,31.85,34.06,42.85815555555555,-0.058155555555551075,Moderate,1,False,False,False
2019-06-17,42.07,29.93,41.94,42.73677777777778,-0.6667777777777815,Moderate,1,False,False,False
2019-06-18,39.87,28.33,45.49,42.58573333333334,-2.7157333333333398,Moderate,1,False,False,False
2019-06-19,41.2,27.95,38.25,42.45753333333333,-1.2575333333333276,Moderate,1,False,False,False
2019-06-20,41.09,26.91,38.35,42.30004444444445,-1.2100444444444491,Moderate,1,False,False,False
2019-06-21,43.1,28.96,25.91,42.15328888888889,0.9467111111111137,Moderate,1,False,False,False
2019-06-22,44.23,29.75,24.37,41.95037777777778,2.2796222222222156,Moderate,1,False,False,False
2019-06-23,43.5,30.35,36.75,41.75326666666667,1.7467333333333315,Moderate,1,False,False,False
2019-06-24,40.13,28.67,52.85,41.62502222222223,-1.4950222222222251,Moderate,1,False,False,False
2019-06-25,41.6,30.81,44.27,41.52491111111111,0.07508888888889231,Moderate,1,False,False,False
2019-06-26,44.26,32.71,33.18,41.37497777777777,2.8850222222222257,Moderate,1,False,False,False
2019-06-27,44.29,31.19,29.21,41.24328888888888,3.0467111111111222,Moderate,1,False,False,False
2019-06-28,45.31,30.38,32.23,41.07826666666667,4.231733333333331,High,1,False,True,False
2019-06-29,46.0,31.7,28.29,40.90608888888888,5.093911111111119,High,1,True,True,False
2019-06-30,46.28,32.55,26.85,40.65440000000001,5.6255999999999915,High,2,True,True,False
2019-07-01,45.23,32.45,26.11,40.44744444444445,4.782555555555547,High,3,True,True,False
2019-07-02,45.24,32.63,25.65,40.257533333333335,4.982466666666667,High,4,True,True,False
2019-07-03,42.52,32.84,38.51,40.092933333333335,2.4270666666666685,Moderate,1,False,False,False
2019-07-04,42.69,31.89,37.41,39.89702222222222,2.7929777777777787,Moderate,1,False,False,False
2019-07-05,40.05,30.69,47.34,39.696244444444446,0.3537555555555514,Moderate,1,False,False,False
2019-07-06,41.09,29.86,50.95,39.465066666666665,1.6249333333333382,Moderate,1,False,False,False
2019-07-07,38.78,29.39,53.41,39.2772,-0.4971999999999994,Moderate,1,False,False,False
2019-07-08,41.18,31.52,47.71,39.08133333333333,2.0986666666666665,Moderate,1,False,False,False
2019-07-09,37.76,29.61,58.86,38.83677777777778,-1.0767777777777852,Low,1,False,False,False
2019-07-10,40.44,29.03,53.56,38.58848888888889,1.8515111111111082,Moderate,1,False,False,False
2019-07-11,41.08,29.55,50.41,38.39811111111111,2.681888888888885,Moderate,1,False,False,False
2019-07-12,40.97,30.67,44.7,38.20135555555556,2.7686444444444405,Moderate,1,False,False,False
2019-07-13,41.1,31.22,42.1,38.00042222222223,3.0995777777777747,Moderate,1,False,False,False
2019-07-14,41.0,29.35,42.39,37.76537777777777,3.234622222222228,Moderate,1,False,False,False
2019-07-15,36.84,29.65,61.06,37.570044444444434,-0.730044444444431,Low,1,False,False,False
2019-07-16,35.48,27.62,66.18,37.38737777777778,-1.907377777777782,Low,1,False,False,False
2019-07-17,35.41,27.77,66.13,37.219022222222215,-1.809022222222218,Low,1,False,False,False
2019-07-18,34.29,27.18,69.9,37.06086666666666,-2.770866666666663,Low,1,False,False,False
2019-07-19,37.68,28.53,56.68,36.912577777777784,0.7674222222222156,Low,1,False,False,False
2019-07-20,38.52,28.11,56.69,36.76746666666667,1.7525333333333322,Moderate,1,False,False,False
2019-07-21,36.98,28.55,62.51,36.61904444444444,0.3609555555555559,Low,1,False,False,False
2019-07-22,38.82,28.13,60.18,36.49357777777778,2.32642222222222,Moderate,1,False,False,False
2019-07-23,38.36,29.74,59.55,36.39324444444444,1.966755555555558,Moderate,1,False,False,False
2019-07-24,41.4,29.14,60.0,36.31066666666666,5.089333333333336,High,1,True,True,False
2019-07-25,32.43,27.96,78.5,36.208933333333334,-3.7789333333333346,Low,1,False,False,False
2019-07-26,33.49,26.7,76.08,36.05451111111111,-2.564511111111109,Low,1,False,False,False
2019-07-27,32.91,25.92,80.19,35.91702222222222,-3.0070222222222256,Low,1,False,False,False
2019-07-28,33.4,26.12,77.63,35.76773333333333,-2.3677333333333337,Low,1,False,False,False
2019-07-29,35.99,27.03,72.45,35.6622,0.3278000000000034,Low,1,False,False,False
2019-07-30,36.72,26.71,67.72,35.55608888888889,1.163911111111112,Low,1,False,False,False
2019-07-31,34.99,26.63,68.89,35.45731111111111,-0.46731111111110835,Low,1,False,False,False
2019-08-01,35.97,26.82,67.46,35.36017777777778,0.6098222222222205,Low,1,False,False,False
2019-08-02,34.38,27.49,78.99,35.27460000000001,-0.8946000000000041,Low,1,False,False,False
2019-08-03,31.47,27.27,83.91,35.2078,-3.7378,Low,1,False,False,False
2019-08-04,30.85,26.66,84.78,35.15853333333333,-4.3085333333333296,Low,1,False,False,False
2019-08-05,35.87,27.05,72.67,35.105244444444445,0.7647555555555527,Low,1,False,False,False
2019-08-06,34.08,28.13,75.18,35.03131111111111,-0.9513111111111101,Low,1,False,False,False
2019-08-07,33.55,26.91,79.99,34.92608888888889,-1.3760888888888942,Low,1,False,False,False
2019-08-08,34.35,26.6,77.19,34.80277777777778,-0.4527777777777757,Low,1,False,False,False
2019-08-09,33.53,26.82,77.29,34.71373333333334,-1.1837333333333362,Low,1,False,False,False
2019-08-10,32.94,25.71,79.33,34.68682222222222,-1.746822222222221,Low,1,False,False,False
2019-08-11,34.76,25.97,75.5,34.692822222222226,0.06717777777777201,Low,1,False,False,False
2019-08-12,34.02,26.3,74.37,34.64324444444444,-0.6232444444444383,Low,1,False,False,False
2019-08-13,35.87,27.78,72.15,34.61568888888889,1.2543111111111074,Low,1,False,False,False
2019-08-14,34.33,27.56,76.14,34.593177777777775,-0.26317777777777707,Low,1,False,False,False
2019-08-15,33.47,26.93,82.43,34.55428888888889,-1.0842888888888922,Low,1,False,False,False
2019-08-16,31.64,25.66,82.44,34.51386666666667,-2.8738666666666717,Low,1,False,False,False
2019-08-17,31.97,25.74,86.93,34.4648,-2.494799999999998,Low,1,False,False,False
2019-08-18,31.61,25.52,86.8,34.3954,-2.7854000000000028,Low,1,False,False,False
2019-08-19,33.47,25.2,79.24,34.325044444444444,-0.8550444444444452,Low,1,False,False,False
2019-08-20,33.39,24.96,78.17,34.306688888888885,-0.9166888888888849,Low,1,False,False,False
2019-08-21,35.56,23.82,72.03,34.28442222222222,1.2755777777777837,Low,1,False,False,False
2019-08-22,34.54,24.44,69.42,34.269244444444446,0.270755555555553,Low,1,False,False,False
2019-08-23,35.37,25.52,66.36,34.26082222222222,1.1091777777777807,Low,1,False,False,False
2019-08-24,37.39,26.78,63.56,34.28026666666666,3.109733333333338,Low,1,False,False,False
2019-08-25,31.64,26.21,81.88,34.25842222222222,-2.6184222222222218,Low,1,False,False,False
2019-08-26,34.16,25.9,75.02,34.20153333333333,-0.041533333333333644,Low,1,False,False,False
2019-08-27,35.52,26.3,70.27,34.22771111111111,1.2922888888888906,Low,1,False,False,False
2019-08-28,36.2,26.63,70.53,34.18877777777778,2.011222222222223,Low,1,False,False,False
2019-08-29,35.64,27.09,68.93,34.1558,1.4842000000000013,Low,1,False,False,False
2019-08-30,34.22,26.87,72.79,34.111422222222224,0.108577777777775,Low,1,False,False,False
2019-08-31,36.16,28.07,67.5,34.0478,2.1121999999999943,Low,1,False,False,False
2019-09-01,34.0,27.2,80.35,34.026466666666664,-0.026466666666664196,Low,1,False,False,False
2019-09-02,34.8,26.7,75.19,34.02546666666667,0.7745333333333306,Low,1,False,False,False
2019-09-03,36.42,27.58,65.95,34.00006666666667,2.419933333333333,Low,1,False,False,False
2019-09-04,34.65,27.59,75.42,33.942933333333336,0.7070666666666625,Low,1,False,False,False
2019-09-05,35.41,26.46,72.63,33.876000000000005,1.5339999999999918,Low,1,False,False,False
2019-09-06,34.06,27.26,72.01,33.858133333333335,0.20186666666666753,Low,1,False,False,False
2019-09-07,32.25,27.63,79.41,33.84168888888888,-1.591688888888882,Low,1,False,False,False
2019-09-08,33.4,26.86,77.98,33.781866666666666,-0.38186666666666724,Low,1,False,False,False
2019-09-09,36.63,27.28,67.66,33.717666666666666,2.9123333333333363,Low,1,False,False,False
2019-09-10,36.68,26.14,63.04,33.6842,2.9958000000000027,Low,1,False,False,False
2019-09-11,37.67,24.96,56.41,33.65893333333334,4.011066666666665,Low,1,False,False,False
2019-09-12,38.35,26.57,56.26,33.67102222222222,4.6789777777777815,Moderate,1,True,False,False
2019-09-13,36.51,26.33,69.42,33.67057777777778,2.8394222222222183,Low,1,False,False,False
2019-09-14,35.87,26.86,69.45,33.681244444444445,2.1887555555555522,Low,1,False,False,False
2019-09-15,36.06,25.83,68.85,33.70724444444444,2.352755555555561,Low,1,False,False,False
2019-09-16,37.01,25.71,64.08,33.68386666666667,3.326133333333331,Low,1,False,False,False
2019-09-17,36.31,25.72,62.71,33.63984444444444,2.67015555555556,Low,1,False,False,False
2019-09-18,37.32,25.92,62.45,33.653866666666666,3.6661333333333346,Low,1,False,False,False
2019-09-19,33.85,24.65,69.72,33.68624444444445,0.16375555555555366,Low,1,False,False,False
2019-09-20,34.49,24.29,67.41,33.73446666666667,0.7555333333333323,Low,1,False,False,False
2019-09-21,34.68,25.04,67.61,33.76326666666667,0.9167333333333332,Low,1,False,False,False
2019-09-22,32.57,24.45,78.53,33.785111111111114,-1.2151111111111135,Low,1,False,False,False
2019-09-23,33.22,22.49,71.21,33.812266666666666,-0.5922666666666672,Low,1,False,False,False
2019-09-24,32.87,23.0,73.6,33.852244444444445,-0.9822444444444471,Low,1,False,False,False
2019-09-25,31.39,23.65,77.18,33.869955555555556,-2.4799555555555557,Low,1,False,False,False
2019-09-26,30.37,24.22,79.1,33.876977777777775,-3.5069777777777738,Low,1,False,False,False
2019-09-27,30.88,23.68,79.57,33.85371111111111,-2.973711111111111,Low,1,False,False,False
2019-09-28,30.98,24.09,80.73,33.837022222222224,-2.8570222222222235,Low,1,False,False,False
2019-09-29,31.56,23.12,75.99,33.81057777777777,-2.2505777777777745,Low,1,False,False,False
2019-09-30,30.55,22.98,77.54,33.79295555555556,-3.2429555555555574,Low,1,False,False,False
2019-10-01,32.65,22.16,71.75,33.80177777777778,-1.151777777777781,Low,1,False,False,False
2019-10-02,32.78,22.34,66.8,33.83797777777778,-1.0579777777777792,Low,1,False,False,False
2019-10-03,31.33,23.51,66.03,33.836644444444445,-2.506644444444447,Low,1,False,False,False
2019-10-04,32.53,20.93,66.92,33.79262222222222,-1.2626222222222196,Low,1,False,False,False
2019-10-05,32.86,20.29,62.72,33.739222222222224,-0.879222222222225,Low,1,False,False,False
2019-10-06,32.73,19.67,61.28,33.674622222222226,-0.9446222222222289,Low,1,False,False,False
2019-10-07,33.72,20.58,58.36,33.59664444444444,0.12335555555555544,Low,1,False,False,False
2019-10-08,33.7,18.8,53.89,33.52768888888889,0.17231111111111375,Low,1,False,False,False
2019-10-09,33.81,19.56,52.59,33.42704444444445,0.3829555555555544,Low,1,False,False,False
2019-10-10,34.17,19.38,53.16,33.3528,0.8171999999999997,Low,1,False,False,False
2019-10-11,33.73,19.44,52.93,33.248866666666665,0.4811333333333323,Low,1,False,False,False
2019-10-12,33.54,20.16,57.01,33.1806,0.35940000000000083,Low,1,False,False,False
2019-10-13,33.78,21.07,53.58,33.08891111111111,0.691088888888892,Low,1,False,False,False
2019-10-14,34.18,21.03,53.91,33.01328888888889,1.1667111111111126,Low,1,False,False,False
2019-10-15,34.48,20.95,52.14,32.931422222222224,1.5485777777777727,Low,1,False,False,False
2019-10-16,34.14,19.98,51.65,32.800066666666666,1.3399333333333345,Low,1,False,False,False
2019-10-17,34.47,20.75,52.82,32.659822222222225,1.810177777777774,Low,1,False,False,False
2019-10-18,33.85,20.84,57.76,32.51526666666666,1.3347333333333395,Low,1,False,False,False
2019-10-19,31.99,22.18,55.11,32.42591111111111,-0.435911111111114,Low,1,False,False,False
2019-10-20,33.43,17.99,47.41,32.321822222222224,1.108177777777776,Low,1,False,False,False
2019-10-21,32.73,17.04,48.9,32.220800000000004,0.5091999999999928,Low,1,False,False,False
2019-10-22,32.71,16.27,45.31,32.141777777777776,0.5682222222222251,Low,1,False,False,False
2019-10-23,33.59,16.81,41.77,32.04991111111111,1.5400888888888957,Low,1,False,False,False
2019-10-24,32.32,16.08,48.19,31.9858,0.33419999999999916,Low,1,False,False,False
2019-10-25,31.19,16.18,56.65,31.882377777777776,-0.6923777777777751,Low,1,False,False,False
2019-10-26,30.61,17.15,57.77,31.814066666666662,-1.2040666666666624,Low,1,False,False,False
2019-10-27,31.64,17.13,48.49,31.70722222222222,-0.0672222222222203,Low,1,False,False,False
2019-10-28,32.05,17.29,49.86,31.621,0.4289999999999985,Low,1,False,False,False
2019-10-29,30.35,19.93,49.24,31.512844444444443,-1.162844444444442,Low,1,False,False,False
2019-10-30,30.98,20.71,42.23,31.401288888888892,-0.42128888888889193,Low,1,False,False,False
2019-10-31,33.06,20.12,40.97,31.304266666666667,1.7557333333333354,Low,1,False,False,False
2019-11-01,33.38,18.0,46.12,31.194844444444442,2.1851555555555606,Low,1,False,False,False
2019-11-02,32.19,18.93,47.88,31.099111111111107,1.090888888888891,Low,1,False,False,False
2019-11-03,31.0,17.86,52.37,30.972644444444445,0.027355555555555355,Low,1,False,False,False
2019-11-04,30.91,18.1,54.12,30.84648888888889,0.06351111111111152,Low,1,False,False,False
2019-11-05,31.18,15.88,50.83,30.698422222222224,0.4815777777777761,Low,1,False,False,False
2019-11-06,31.1,17.62,43.22,30.530866666666665,0.5691333333333368,Low,1,False,False,False
2019-11-07,27.86,17.82,59.85,30.36888888888889,-2.5088888888888903,Low,1,False,False,False
2019-11-08,31.16,17.7,59.19,30.216711111111113,0.9432888888888868,Low,1,False,False,False
2019-11-09,30.86,16.61,49.6,30.088288888888886,0.771711111111113,Low,1,False,False,False
2019-11-10,29.77,15.19,44.3,29.936999999999998,-0.16699999999999804,Low,1,False,False,False
2019-11-11,28.01,16.1,41.16,29.803711111111113,-1.7937111111111115,Low,1,False,False,False
2019-11-12,29.17,13.1,41.5,29.650355555555556,-0.48035555555555476,Low,1,False,False,False
2019-11-13,28.02,16.06,43.81,29.476444444444443,-1.4564444444444433,Low,1,False,False,False
2019-11-14,29.52,17.57,48.01,29.300555555555555,0.219444444444445,Low,1,False,False,False
2019-11-15,28.71,15.25,52.96,29.14313333333333,-0.4331333333333305,Low,1,False,False,False
2019-11-16,30.14,13.79,55.83,28.98662222222222,1.1533777777777807,Low,1,False,False,False
2019-11-17,30.02,15.14,50.4,28.77284444444444,1.2471555555555582,Low,1,False,False,False
2019-11-18,26.9,13.28,52.27,28.588733333333334,-1.6887333333333352,Low,1,False,False,False
2019-11-19,27.08,12.86,47.71,28.408200000000004,-1.328200000000006,Low,1,False,False,False
2019-11-20,27.93,15.06,41.92,28.232511111111112,-0.3025111111111123,Low,1,False,False,False
2019-11-21,27.58,13.56,45.38,28.08188888888889,-0.5018888888888924,Low,1,False,False,False
2019-11-22,27.73,14.17,47.93,27.934555555555555,-0.2045555555555545,Low,1,False,False,False
2019-11-23,27.91,15.98,52.55,27.75091111111111,0.1590888888888884,Low,1,False,False,False
2019-11-24,27.68,15.72,58.38,27.52846666666667,0.15153333333332952,Low,1,False,False,False
2019-11-25,28.68,15.96,50.31,27.344111111111108,1.335888888888892,Low,1,False,False,False
2019-11-26,28.78,16.51,54.3,27.173555555555556,1.6064444444444455,Low,1,False,False,False
2019-11-27,27.29,14.42,58.52,27.019755555555555,0.27024444444444384,Low,1,False,False,False
2019-11-28,24.33,17.41,79.52,26.90706666666667,-2.5770666666666706,Low,1,False,False,False
2019-11-29,22.21,15.06,80.21,26.79688888888889,-4.58688888888889,Low,1,False,False,False
2019-11-30,24.37,11.44,64.27,26.675022222222218,-2.3050222222222168,Low,1,False,False,False
2019-12-01,24.11,9.87,52.23,26.570155555555555,-2.4601555555555557,Low,1,False,False,False
2019-12-02,23.92,8.27,46.21,26.477844444444443,-2.5578444444444415,Low,1,False,False,False
2019-12-03,24.85,7.94,44.3,26.311577777777774,-1.461577777777773,Low,1,False,False,False
2019-12-04,24.61,8.09,38.96,26.14382222222222,-1.53382222222222,Low,1,False,False,False
2019-12-05,22.77,10.22,38.18,26.005266666666664,-3.2352666666666643,Low,1,False,False,False
2019-12-06,23.5,12.21,40.5,25.860755555555553,-2.360755555555553,Low,1,False,False,False
2019-12-07,24.6,10.77,45.3,25.690422222222224,-1.090422222222223,Low,1,False,False,False
2019-12-08,24.75,12.16,49.85,25.55206666666667,-0.8020666666666685,Low,1,False,False,False
2019-12-09,23.84,9.65,51.06,25.45042222222222,-1.610422222222219,Low,1,False,False,False
2019-12-10,23.73,10.26,44.54,25.335266666666666,-1.6052666666666653,Low,1,False,False,False
2019-12-11,23.18,11.0,43.17,25.200733333333332,-2.0207333333333324,Low,1,False,False,False
2019-12-12,19.7,13.38,62.93,25.026177777777775,-5.326177777777776,Low,1,False,False,False
2019-12-13,20.5,10.41,87.83,24.84988888888889,-4.349888888888891,Low,1,False,False,False
2019-12-14,20.03,8.08,70.02,24.67351111111111,-4.64351111111111,Low,1,False,False,False
2019-12-15,20.16,7.88,58.09,24.513511111111107,-4.353511111111107,Low,1,False,False,False
2019-12-16,18.04,6.11,69.08,24.31308888888889,-6.273088888888889,Low,1,False,False,False
2019-12-17,17.78,5.24,68.59,24.155755555555555,-6.375755555555553,Low,1,False,False,False
2019-12-18,17.85,3.85,61.57,24.0546,-6.204599999999999,Low,1,False,False,False
2019-12-19,17.35,5.66,53.53,23.948666666666664,-6.598666666666663,Low,1,False,False,False
2019-12-20,19.45,7.29,53.73,23.82611111111111,-4.376111111111111,Low,1,False,False,False
2019-12-21,21.8,9.66,61.31,23.708155555555557,-1.908155555555556,Low,1,False,False,False
2019-12-22,20.51,6.14,61.69,23.624844444444445,-3.1148444444444436,Low,1,False,False,False
2019-12-23,20.28,4.86,52.72,23.505444444444446,-3.2254444444444452,Low,1,False,False,False
2019-12-24,18.9,5.57,50.31,23.33804444444445,-4.438044444444451,Low,1,False,False,False
2019-12-25,19.73,2.52,53.33,23.18155555555556,-3.451555555555558,Low,1,False,False,False
2019-12-26,18.28,2.92,52.22,23.04928888888889,-4.769288888888887,Low,1,False,False,False
2019-12-27,16.16,0.7,60.38,22.9332,-6.773199999999999,Low,1,False,False,False
2019-12-28,15.41,0.47,56.31,22.826666666666668,-7.416666666666668,Low,1,False,False,False
2019-12-29,17.87,1.35,49.97,22.74795555555556,-4.877955555555559,Low,1,False,False,False
2019-12-30,18.36,3.11,54.65,22.659,-4.2989999999999995,Low,1,False,False,False
2019-12-31,14.33,1.29,56.81,22.60408888888889,-8.274088888888889,Low,1,False,False,False
2020-01-01,19.62,4.57,48.65,22.535333333333337,-2.9153333333333364,Low,1,False,False,False
2020-01-02,19.65,5.07,72.65,22.474777777777778,-2.824777777777779,Low,1,False,False,False
2020-01-03,21.05,8.32,74.02,22.452133333333336,-1.4021333333333352,Low,1,False,False,False
2020-01-04,21.29,9.19,66.9,22.437755555555558,-1.147755555555559,Low,1,False,False,False
2020-01-05,21.42,7.37,54.56,22.431400000000004,-1.0114000000000019,Low,1,False,False,False
2020-01-06,21.92,8.25,55.23,22.391222222222222,-0.4712222222222202,Low,1,False,False,False
2020-01-07,22.06,8.71,75.14,22.42482222222222,-0.36482222222222305,Low,1,False,False,False
2020-01-08,17.39,9.1,86.74,22.491222222222223,-5.101222222222223,Low,1,False,False,False
2020-01-09,17.48,4.36,67.72,22.51342222222222,-5.033422222222221,Low,1,False,False,False
2020-01-10,19.03,2.26,55.02,22.509244444444445,-3.4792444444444435,Low,1,False,False,False
2020-01-11,19.54,2.03,43.57,22.535800000000002,-2.9958000000000027,Low,1,False,False,False
2020-01-12,22.14,5.85,38.27,22.5652,-0.42520000000000024,Low,1,False,False,False
2020-01-13,25.07,6.02,57.85,22.58406666666666,2.485933333333339,Low,1,False,False,False
2020-01-14,20.95,9.14,70.79,22.604177777777775,-1.6541777777777753,Low,1,False,False,False
2020-01-15,21.9,6.34,67.25,22.64688888888889,-0.7468888888888898,Low,1,False,False,False
2020-01-16,16.77,9.76,81.97,22.71151111111111,-5.941511111111112,Low,1,False,False,False
2020-01-17,19.36,8.01,76.27,22.784866666666662,-3.424866666666663,Low,1,False,False,False
2020-01-18,20.54,8.52,67.51,22.887088888888886,-2.3470888888888872,Low,1,False,False,False
2020-01-19,19.8,4.85,66.46,23.033711111111106,-3.2337111111111057,Low,1,False,False,False
2020-01-20,18.84,3.94,67.55,23.159355555555553,-4.319355555555553,Low,1,False,False,False
2020-01-21,20.48,6.72,50.6,23.260111111111115,-2.7801111111111148,Low,1,False,False,False
2020-01-22,21.47,6.75,51.7,23.339355555555557,-1.8693555555555577,Low,1,False,False,False
2020-01-23,20.5,4.83,58.68,23.456488888888885,-2.9564888888888845,Low,1,False,False,False
2020-01-24,22.35,3.76,48.89,23.577688888888886,-1.2276888888888848,Low,1,False,False,False
2020-01-25,21.34,4.09,47.91,23.7166,-2.3766,Low,1,False,False,False
2020-01-26,22.97,7.28,54.88,23.872511111111113,-0.9025111111111137,Low,1,False,False,False
2020-01-27,23.74,9.82,58.08,24.0528,-0.31280000000000285,Low,1,False,False,False
2020-01-28,18.88,10.68,74.55,24.255044444444444,-5.375044444444445,Low,1,False,False,False
2020-01-29,21.26,8.96,68.64,24.43764444444444,-3.1776444444444394,Low,1,False,False,False
2020-01-30,20.62,5.61,61.52,24.64611111111111,-4.02611111111111,Low,1,False,False,False
2020-01-31,20.38,4.54,57.77,24.836555555555556,-4.456555555555557,Low,1,False,False,False
2020-02-01,20.73,6.66,53.14,24.962155555555558,-4.232155555555558,Low,1,False,False,False
2020-02-02,20.96,4.35,59.41,25.038933333333333,-4.078933333333332,Low,1,False,False,False
2020-02-03,21.06,4.31,55.59,25.05077777777778,-3.9907777777777795,Low,1,False,False,False
2020-02-04,21.29,4.83,49.46,25.08062222222222,-3.790622222222222,Low,1,False,False,False
2020-02-05,21.7,5.49,51.35,25.21828888888889,-3.5182888888888897,Low,1,False,False,False
2020-02-06,20.32,4.82,53.86,25.346244444444448,-5.026244444444448,Low,1,False,False,False
2020-02-07,20.96,6.36,51.66,25.447022222222223,-4.4870222222222225,Low,1,False,False,False
2020-02-08,21.72,4.34,56.28,25.5608,-3.8408000000000015,Low,1,False,False,False
2020-02-09,22.97,4.68,53.56,25.69815555555556,-2.72815555555556,Low,1,False,False,False
2020-02-10,22.59,5.57,48.55,25.818933333333334,-3.228933333333334,Low,1,False,False,False
2020-02-11,23.09,7.62,48.24,25.900955555555555,-2.810955555555555,Low,1,False,False,False
2020-02-12,26.37,7.02,49.44,25.980733333333333,0.38926666666666776,Low,1,False,False,False
2020-02-13,29.71,10.95,51.77,26.121555555555556,3.5884444444444448,Low,1,False,False,False
2020-02-14,26.74,11.16,47.16,26.23182222222222,0.5081777777777781,Low,1,False,False,False
2020-02-15,26.86,7.71,40.25,26.372622222222223,0.4873777777777768,Low,1,False,False,False
2020-02-16,27.62,6.95,38.31,26.5314,1.0885999999999996,Low,1,False,False,False
2020-02-17,27.83,7.79,35.09,26.72222222222222,1.1077777777777769,Low,1,False,False,False
2020-02-18,27.47,6.87,35.2,26.923044444444443,0.5469555555555559,Low,1,False,False,False
2020-02-19,28.25,8.93,32.59,27.12337777777778,1.1266222222222204,Low,1,False,False,False
2020-02-20,28.66,11.69,41.89,27.301733333333335,1.3582666666666654,Low,1,False,False,False
2020-02-21,24.43,12.84,66.77,27.478200000000005,-3.048200000000005,Low,1,False,False,False
2020-02-22,23.79,10.14,69.15,27.628056206088992,-3.838056206088993,Low,1,False,False,False
2020-02-23,27.0,13.78,58.34,27.868032786885248,-0.868032786885248,Low,1,False,False,False
2020-02-24,27.38,12.41,57.48,28.07224824355972,-0.692248243559721,Low,1,False,False,False
2020-02-25,26.65,11.16,54.38,28.334262295081967,-1.6842622950819681,Low,1,False,False,False
2020-02-26,27.95,10.98,58.02,28.601615925058546,-0.6516159250585467,Low,1,False,False,False
2020-02-27,27.49,11.09,62.36,28.863559718969555,-1.373559718969556,Low,1,False,False,False
2020-02-28,28.64,11.92,61.01,29.11730679156909,-0.47730679156908806,Low,1,False,False,False
2020-02-29,27.19,13.51,66.2,29.38206088992974,-2.1920608899297385,Low,1,False,False,False
2020-03-01,28.22,14.87,65.14,29.60613583138173,-1.3861358313817327,Low,1,False,False,False
2020-03-02,29.0,14.12,53.4,29.87288056206089,-0.8728805620608888,Low,1,False,False,False
2020-03-03,29.61,14.18,48.75,30.130163934426232,-0.5201639344262325,Low,1,False,False,False
2020-03-04,29.85,14.0,52.15,30.42782201405152,-0.5778220140515202,Low,1,False,False,False
2020-03-05,26.79,14.28,71.64,30.675995316159256,-3.8859953161592564,Low,1,False,False,False
2020-03-06,23.56,14.72,81.39,30.9004449648712,-7.3404449648712,Low,1,False,False,False
2020-03-07,24.27,12.04,66.53,31.094121779859485,-6.824121779859485,Low,1,False,False,False
2020-03-08,26.23,12.38,55.99,31.1864,-4.956399999999999,Low,1,False,False,False
2020-03-09,26.49,10.15,55.0,31.4392,-4.949200000000001,Low,1,False,False,False
2020-03-10,27.01,9.46,48.01,31.7304,-4.720399999999998,Low,1,False,False,False
2020-03-11,26.78,13.15,63.72,31.999466666666663,-5.219466666666662,Low,1,False,False,False
2020-03-12,28.24,14.62,62.18,32.2746,-4.034600000000001,Low,1,False,False,False
2020-03-13,28.05,12.69,43.93,32.522,-4.471999999999998,Low,1,False,False,False
2020-03-14,25.84,9.04,59.4,32.714844444444445,-6.874844444444445,Low,1,False,False,False
2020-03-15,24.93,11.02,54.72,32.89988888888889,-7.969888888888889,Low,1,False,False,False
2020-03-16,27.75,11.51,55.0,33.123022222222225,-5.373022222222225,Low,1,False,False,False
2020-03-17,29.54,12.61,51.54,33.33011111111111,-3.790111111111109,Low,1,False,False,False
2020-03-18,30.83,12.78,50.0,33.50428888888889,-2.6742888888888885,Low,1,False,False,False
2020-03-19,31.45,15.54,53.47,33.67991111111111,-2.229911111111111,Low,1,False,False,False
2020-03-20,31.38,16.7,50.62,33.88886666666667,-2.5088666666666732,Low,1,False,False,False
2020-03-21,32.75,17.43,44.77,34.141866666666665,-1.3918666666666653,Low,1,False,False,False
2020-03-22,32.39,18.55,45.67,34.41535555555556,-2.0253555555555565,Low,1,False,False,False
2020-03-23,32.45,15.76,48.31,34.6516,-2.201599999999999,Low,1,False,False,False
2020-03-24,33.33,18.83,48.4,34.84142222222223,-1.5114222222222295,Low,1,False,False,False
2020-03-25,33.69,17.66,48.98,34.99291111111111,-1.302911111111115,Low,1,False,False,False
2020-03-26,29.99,19.27,54.76,35.14222222222222,-5.152222222222225,Low,1,False,False,False
2020-03-27,27.95,17.92,63.23,35.28031111111111,-7.330311111111111,Low,1,False,False,False
2020-03-28,31.09,15.6,55.7,35.43346666666667,-4.343466666666668,Low,1,False,False,False
2020-03-29,31.74,15.31,45.17,35.61944444444445,-3.8794444444444487,Low,1,False,False,False
2020-03-30,32.16,14.65,46.48,35.83931111111111,-3.6793111111111116,Low,1,False,False,False
2020-03-31,33.85,14.64,47.46,36.04628888888888,-2.19628888888888,Low,1,False,False,False
2020-04-01,34.86,18.03,49.42,36.27857777777778,-1.4185777777777773,Low,1,False,False,False
2020-04-02,32.91,16.45,46.16,36.52422222222223,-3.6142222222222316,Low,1,False,False,False
2020-04-03,32.29,15.24,40.75,36.733377777777775,-4.443377777777776,Low,1,False,False,False
2020-04-04,33.84,14.41,39.21,36.97615555555555,-3.136155555555547,Low,1,False,False,False
2020-04-05,35.11,16.72,39.12,37.18664444444445,-2.0766444444444474,Low,1,False,False,False
2020-04-06,35.84,18.34,34.49,37.409155555555564,-1.569155555555561,Low,1,False,False,False
2020-04-07,36.1,18.18,37.94,37.60075555555556,-1.500755555555557,Low,1,False,False,False
2020-04-08,34.58,18.8,40.49,37.809333333333335,-3.2293333333333365,Low,1,False,False,False
2020-04-09,34.27,16.86,38.14,38.03431111111111,-3.7643111111111054,Low,1,False,False,False
2020-04-10,35.45,19.65,35.3,38.20848888888889,-2.758488888888884,Low,1,False,False,False
2020-04-11,38.25,20.95,35.87,38.400977777777776,-0.15097777777777566,Moderate,1,False,False,False
2020-04-12,38.27,20.66,36.52,38.63024444444444,-0.36024444444444015,Moderate,1,False,False,False
2020-04-13,39.64,21.11,39.78,38.87571111111111,0.7642888888888919,Moderate,1,False,False,False
2020-04-14,40.26,26.14,36.41,39.07668888888889,1.1833111111111094,Moderate,1,False,False,False
2020-04-15,40.41,24.27,27.76,39.27815555555555,1.1318444444444467,Moderate,1,False,False,False
2020-04-16,39.84,21.85,31.38,39.456488888888885,0.3835111111111189,Moderate,1,False,False,False
2020-04-17,38.18,23.29,30.04,39.64866666666667,-1.468666666666671,Moderate,1,False,False,False
2020-04-18,38.79,21.89,32.88,39.89935555555555,-1.1093555555555525,Moderate,1,False,False,False
2020-04-19,36.78,22.0,40.73,40.11044444444445,-3.3304444444444457,Low,1,False,False,False
2020-04-20,29.72,21.61,48.49,40.290644444444446,-10.570644444444447,Low,1,False,False,False
2020-04-21,34.8,20.46,44.75,40.50011111111111,-5.700111111111113,Low,1,False,False,False
2020-04-22,36.85,20.01,35.47,40.71031111111112,-3.860311111111116,Low,1,False,False,False
2020-04-23,34.82,24.12,36.28,40.933755555555564,-6.113755555555564,Low,1,False,False,False
2020-04-24,38.27,22.06,32.51,41.10231111111111,-2.8323111111111103,Moderate,1,False,False,False
2020-04-25,38.01,24.9,29.52,41.282799999999995,-3.2727999999999966,Moderate,1,False,False,False
2020-04-26,38.48,23.5,41.13,41.434333333333335,-2.954333333333338,Moderate,1,False,False,False
2020-04-27,35.75,20.59,51.82,41.52704444444444,-5.777044444444442,Low,1,False,False,False
2020-04-28,35.03,21.73,48.66,41.64384444444444,-6.613844444444439,Low,1,False,False,False
2020-04-29,37.34,24.0,40.89,41.76173333333333,-4.421733333333329,Low,1,False,False,False
2020-04-30,39.38,24.89,40.54,41.832,-2.451999999999998,Moderate,1,False,False,False
2020-05-01,40.42,24.82,39.08,41.93557777777777,-1.5155777777777715,Moderate,1,False,False,False
2020-05-02,40.58,24.66,38.61,42.023155555555554,-1.4431555555555562,Moderate,1,False,False,False
2020-05-03,38.62,24.46,43.39,42.078399999999995,-3.4583999999999975,Moderate,1,False,False,False
2020-05-04,37.8,23.8,48.83,42.13955555555556,-4.339555555555563,Low,1,False,False,False
2020-05-05,38.11,24.99,41.75,42.21975555555555,-4.109755555555552,Moderate,1,False,False,False
2020-05-06,38.53,25.53,35.47,42.26844444444445,-3.738444444444447,Moderate,1,False,False,False
2020-05-07,37.77,23.13,45.41,42.34897777777778,-4.57897777777778,Low,1,False,False,False
2020-05-08,40.48,23.68,33.04,42.40802222222222,-1.928022222222225,Moderate,1,False,False,False
2020-05-09,41.47,24.33,30.61,42.520022222222224,-1.0500222222222249,Moderate,1,False,False,False
2020-05-10,41.54,24.8,44.02,42.63426666666666,-1.0942666666666625,Moderate,1,False,False,False
2020-05-11,36.18,22.93,46.03,42.76553333333334,-6.585533333333338,Low,1,False,False,False
2020-05-12,38.39,23.85,37.9,42.900955555555555,-4.5109555555555545,Moderate,1,False,False,False
2020-05-13,38.94,27.39,34.93,42.971399999999996,-4.031399999999998,Moderate,1,False,False,False
2020-05-14,40.49,26.87,35.71,43.02808888888889,-2.538088888888886,Moderate,1,False,False,False
2020-05-15,41.13,26.48,33.82,43.13562222222222,-2.0056222222222146,Moderate,1,False,False,False
2020-05-16,41.09,24.99,28.31,43.21666666666667,-2.126666666666665,Moderate,1,False,False,False
2020-05-17,42.74,24.43,25.48,43.31635555555556,-0.5763555555555584,Moderate,1,False,False,False
2020-05-18,42.68,25.73,22.57,43.413399999999996,-0.733399999999996,Moderate,1,False,False,False
2020-05-19,42.77,24.55,17.27,43.49088888888889,-0.7208888888888865,Moderate,1,False,False,False
2020-05-20,41.85,24.4,18.47,43.546400000000006,-1.6964000000000041,Moderate,1,False,False,False
2020-05-21,43.76,23.42,17.42,43.60217777777778,0.1578222222222152,Moderate,1,False,False,False
2020-05-22,45.63,25.43,15.93,43.64451111111111,1.985488888888895,High,1,False,True,False
2020-05-23,46.66,30.26,15.66,43.66228888888889,2.9977111111111086,High,1,True,True,False
2020-05-24,46.47,29.51,15.52,43.66553333333333,2.80446666666667,High,1,False,True,False
2020-05-25,46.09,29.31,18.47,43.63744444444444,2.4525555555555627,High,1,False,True,False
2020-05-26,47.42,29.81,15.49,43.628688888888895,3.7913111111111064,Extreme,1,True,True,True
2020-05-27,47.23,30.39,14.54,43.6098,3.620199999999997,Extreme,2,True,True,True
2020-05-28,43.54,29.91,26.53,43.64233333333333,-0.10233333333333405,Moderate,1,False,False,False
2020-05-29,41.19,28.45,32.66,43.70124444444444,-2.5112444444444435,Moderate,1,False,False,False
2020-05-30,36.89,26.72,43.82,43.729311111111116,-6.839311111111115,Low,1,False,False,False
2020-05-31,34.85,24.8,55.57,43.714000000000006,-8.864000000000004,Low,1,False,False,False
2020-06-01,36.84,25.32,50.07,43.662400000000005,-6.822400000000002,Low,1,False,False,False
2020-06-02,37.7,26.28,45.23,43.63302222222222,-5.93302222222222,Low,1,False,False,False
2020-06-03,39.58,26.41,40.7,43.60995555555555,-4.029955555555553,Moderate,1,False,False,False
2020-06-04,38.37,26.75,47.52,43.5666,-5.196600000000004,Moderate,1,False,False,False
2020-06-05,37.15,25.58,48.71,43.53282222222222,-6.382822222222224,Low,1,False,False,False
2020-06-06,36.06,26.01,46.92,43.49028888888889,-7.430288888888889,Low,1,False,False,False
2020-06-07,36.78,28.03,47.06,43.47284444444444,-6.6928444444444395,Low,1,False,False,False
2020-06-08,39.38,27.32,42.82,43.43511111111112,-4.055111111111117,Moderate,1,False,False,False
2020-06-09,41.95,28.36,38.61,43.40673333333333,-1.4567333333333252,Moderate,1,False,False,False
2020-06-10,43.35,29.28,36.95,43.328399999999995,0.021600000000006503,Moderate,1,False,False,False
2020-06-11,41.98,30.05,37.36,43.27304444444445,-1.2930444444444547,Moderate,1,False,False,False
2020-06-12,42.98,31.33,35.85,43.14535555555556,-0.16535555555556414,Moderate,1,False,False,False
2020-06-13,42.49,30.98,35.26,43.023133333333334,-0.5331333333333319,Moderate,1,False,False,False
2020-06-14,41.75,30.03,37.18,42.9322,-1.1822000000000017,Moderate,1,False,False,False
2020-06-15,43.11,29.68,33.6,42.91224444444445,0.19775555555555258,Moderate,1,False,False,False
2020-06-16,43.56,30.64,24.35,42.85815555555555,0.701844444444454,Moderate,1,False,False,False
2020-06-17,42.73,28.89,28.93,42.73677777777778,-0.006777777777784877,Moderate,1,False,False,False
2020-06-18,44.29,29.78,31.28,42.58573333333334,1.704266666666662,Moderate,1,False,False,False
2020-06-19,44.02,30.27,31.93,42.45753333333333,1.5624666666666727,Moderate,1,False,False,False
2020-06-20,43.07,31.79,34.46,42.30004444444445,0.7699555555555477,Moderate,1,False,False,False
2020-06-21,41.68,28.96,42.69,42.15328888888889,-0.473288888888888,Moderate,1,False,False,False
2020-06-22,38.62,30.01,47.89,41.95037777777778,-3.330377777777784,Moderate,1,False,False,False
2020-06-23,40.12,30.01,49.71,41.75326666666667,-1.633266666666671,Moderate,1,False,False,False
2020-06-24,37.45,29.33,58.96,41.62502222222223,-4.175022222222225,Low,1,False,False,False
2020-06-25,40.15,30.08,54.81,41.52491111111111,-1.3749111111111105,Moderate,1,False,False,False
2020-06-26,40.54,30.28,54.76,41.37497777777777,-0.8349777777777732,Moderate,1,False,False,False
2020-06-27,43.27,31.72,39.75,41.24328888888888,2.0267111111111262,Moderate,1,False,False,False
2020-06-28,42.75,31.53,38.99,41.07826666666667,1.6717333333333286,Moderate,1,False,False,False
2020-06-29,43.16,32.03,36.9,40.90608888888888,2.2539111111111154,Moderate,1,False,False,False
2020-06-30,39.56,30.64,49.62,40.65440000000001,-1.0944000000000074,Moderate,1,False,False,False
2020-07-01,41.42,30.46,44.8,40.44744444444445,0.9725555555555516,Moderate,1,False,False,False
2020-07-02,40.67,31.62,45.85,40.257533333333335,0.412466666666667,Moderate,1,False,False,False
2020-07-03,42.16,31.83,45.15,40.092933333333335,2.067066666666662,Moderate,1,False,False,False
2020-07-04,43.36,31.99,44.15,39.89702222222222,3.4629777777777804,Moderate,1,False,False,False
2020-07-05,33.25,29.09,69.04,39.696244444444446,-6.446244444444446,Low,1,False,False,False
2020-07-06,38.37,28.55,53.64,39.465066666666665,-1.0950666666666677,Moderate,1,False,False,False
2020-07-07,32.84,26.43,69.84,39.2772,-6.437199999999997,Low,1,False,False,False
2020-07-08,35.9,26.42,67.13,39.08133333333333,-3.1813333333333347,Low,1,False,False,False
2020-07-09,38.25,28.41,59.02,38.83677777777778,-0.5867777777777832,Moderate,1,False,False,False
2020-07-10,42.35,29.82,48.42,38.58848888888889,3.761511111111112,Moderate,1,False,False,False
2020-07-11,39.64,29.41,52.15,38.39811111111111,1.2418888888888873,Moderate,1,False,False,False
2020-07-12,36.82,30.5,57.19,38.20135555555556,-1.3813555555555581,Low,1,False,False,False
2020-07-13,39.57,28.41,54.58,38.00042222222223,1.5695777777777735,Moderate,1,False,False,False
2020-07-14,41.36,29.41,45.06,37.76537777777777,3.5946222222222275,Moderate,1,False,False,False
2020-07-15,40.02,29.89,49.81,37.570044444444434,2.4499555555555688,Moderate,1,False,False,False
2020-07-16,39.43,28.5,54.73,37.38737777777778,2.042622222222221,Moderate,1,False,False,False
2020-07-17,36.07,29.41,64.36,37.219022222222215,-1.1490222222222144,Low,1,False,False,False
2020-07-18,37.3,28.9,64.27,37.06086666666666,0.23913333333333497,Low,1,False,False,False
2020-07-19,35.56,29.2,70.35,36.912577777777784,-1.3525777777777819,Low,1,False,False,False
2020-07-20,38.55,29.27,61.08,36.76746666666667,1.7825333333333262,Moderate,1,False,False,False
2020-07-21,34.83,28.03,72.15,36.61904444444444,-1.7890444444444427,Low,1,False,False,False
2020-07-22,31.1,25.97,82.11,36.49357777777778,-5.393577777777779,Low,1,False,False,False
2020-07-23,35.05,24.86,69.45,36.39324444444444,-1.3432444444444442,Low,1,False,False,False
2020-07-24,35.34,25.81,66.57,36.31066666666666,-0.9706666666666592,Low,1,False,False,False
2020-07-25,35.27,25.89,69.98,36.208933333333334,-0.9389333333333312,Low,1,False,False,False
2020-07-26,35.74,26.2,70.96,36.05451111111111,-0.3145111111111092,Low,1,False,False,False
2020-07-27,38.14,28.1,59.49,35.91702222222222,2.2229777777777784,Moderate,1,False,False,False
2020-07-28,38.59,28.95,61.7,35.76773333333333,2.822266666666671,Moderate,1,False,False,False
2020-07-29,38.35,27.16,67.28,35.6622,2.687800000000003,Moderate,1,False,False,False
2020-07-30,32.0,26.03,80.17,35.55608888888889,-3.556088888888887,Low,1,False,False,False
2020-07-31,34.66,26.74,74.8,35.45731111111111,-0.7973111111111137,Low,1,False,False,False
2020-08-01,34.84,27.5,70.23,35.36017777777778,-0.520177777777775,Low,1,False,False,False
2020-08-02,36.13,27.27,66.49,35.27460000000001,0.8553999999999959,Low,1,False,False,False
2020-08-03,36.91,27.88,68.15,35.2078,1.7021999999999977,Low,1,False,False,False
2020-08-04,37.66,28.23,67.88,35.15853333333333,2.5014666666666656,Low,1,False,False,False
2020-08-05,35.04,28.36,70.77,35.105244444444445,-0.06524444444444555,Low,1,False,False,False
2020-08-06,36.86,27.13,70.14,35.03131111111111,1.828688888888891,Low,1,False,False,False
2020-08-07,35.87,26.65,71.99,34.92608888888889,0.943911111111106,Low,1,False,False,False
2020-08-08,36.58,28.01,68.19,34.80277777777778,1.7772222222222211,Low,1,False,False,False
2020-08-09,35.81,29.28,68.06,34.71373333333334,1.096266666666665,Low,1,False,False,False
2020-08-10,34.59,27.41,78.02,34.68682222222222,-0.09682222222221526,Low,1,False,False,False
2020-08-11,31.88,27.23,85.53,34.692822222222226,-2.812822222222227,Low,1,False,False,False
2020-08-12,34.88,27.48,79.06,34.64324444444444,0.23675555555556116,Low,1,False,False,False
2020-08-13,32.62,27.19,87.46,34.61568888888889,-1.9956888888888926,Low,1,False,False,False
2020-08-14,31.47,26.55,87.63,34.593177777777775,-3.1231777777777765,Low,1,False,False,False
2020-08-15,33.98,26.33,80.26,34.55428888888889,-0.5742888888888942,Low,1,False,False,False
2020-08-16,35.28,26.53,78.65,34.51386666666667,0.7661333333333289,Low,1,False,False,False
2020-08-17,35.57,27.16,77.07,34.4648,1.1052000000000035,Low,1,False,False,False
2020-08-18,34.6,27.1,80.73,34.3954,0.20459999999999923,Low,1,False,False,False
2020-08-19,32.51,27.57,84.86,34.325044444444444,-1.815044444444446,Low,1,False,False,False
2020-08-20,30.35,26.01,90.13,34.306688888888885,-3.956688888888884,Low,1,False,False,False
2020-08-21,32.56,25.09,81.39,34.28442222222222,-1.7244222222222163,Low,1,False,False,False
2020-08-22,32.8,24.54,81.03,34.269244444444446,-1.469244444444449,Low,1,False,False,False
2020-08-23,32.99,24.83,82.92,34.26082222222222,-1.2708222222222147,Low,1,False,False,False
2020-08-24,33.14,25.48,80.1,34.28026666666666,-1.1402666666666619,Low,1,False,False,False
2020-08-25,33.93,25.32,79.91,34.25842222222222,-0.3284222222222226,Low,1,False,False,False
2020-08-26,34.52,26.33,76.93,34.20153333333333,0.3184666666666729,Low,1,False,False,False
2020-08-27,32.97,26.13,81.61,34.22771111111111,-1.2577111111111137,Low,1,False,False,False
2020-08-28,33.27,26.46,79.08,34.18877777777778,-0.9187777777777768,Low,1,False,False,False
2020-08-29,33.15,25.45,80.06,34.1558,-1.0058000000000007,Low,1,False,False,False
2020-08-30,31.46,25.54,81.54,34.111422222222224,-2.651422222222223,Low,1,False,False,False
2020-08-31,33.41,24.62,76.99,34.0478,-0.6378000000000057,Low,1,False,False,False
2020-09-01,34.86,24.66,75.65,34.026466666666664,0.8335333333333352,Low,1,False,False,False
2020-09-02,33.12,25.51,78.06,34.02546666666667,-0.9054666666666691,Low,1,False,False,False
2020-09-03,33.58,25.87,78.3,34.00006666666667,-0.4200666666666706,Low,1,False,False,False
2020-09-04,34.41,25.95,76.28,33.942933333333336,0.4670666666666605,Low,1,False,False,False
2020-09-05,34.11,25.94,74.73,33.876000000000005,0.23399999999999466,Low,1,False,False,False
2020-09-06,33.3,25.74,74.8,33.858133333333335,-0.5581333333333376,Low,1,False,False,False
2020-09-07,34.72,25.55,72.21,33.84168888888888,0.8783111111111168,Low,1,False,False,False
2020-09-08,35.33,25.26,70.64,33.781866666666666,1.5481333333333325,Low,1,False,False,False
2020-09-09,35.75,25.03,66.45,33.717666666666666,2.0323333333333338,Low,1,False,False,False
2020-09-10,36.33,25.36,65.53,33.6842,2.6458000000000013,Low,1,False,False,False
2020-09-11,37.76,25.2,62.95,33.65893333333334,4.101066666666661,Low,1,False,False,False
2020-09-12,36.45,24.37,62.61,33.67102222222222,2.778977777777783,Low,1,False,False,False
2020-09-13,37.28,25.56,58.41,33.67057777777778,3.6094222222222214,Low,1,False,False,False
2020-09-14,36.09,26.3,55.98,33.681244444444445,2.408755555555558,Low,1,False,False,False
2020-09-15,36.68,25.18,54.07,33.70724444444444,2.9727555555555583,Low,1,False,False,False
2020-09-16,38.11,25.34,57.27,33.68386666666667,4.426133333333333,Moderate,1,False,False,False
2020-09-17,38.06,25.59,57.11,33.63984444444444,4.42015555555556,Moderate,1,False,False,False
2020-09-18,38.32,25.63,53.55,33.653866666666666,4.666133333333335,Moderate,1,True,False,False
2020-09-19,38.26,27.26,51.78,33.68624444444445,4.57375555555555,Moderate,1,False,False,False
2020-09-20,38.02,25.13,55.09,33.73446666666667,4.285533333333333,Moderate,1,False,False,False
2020-09-21,38.42,24.69,51.79,33.76326666666667,4.656733333333335,Moderate,1,True,False,False
2020-09-22,37.56,25.59,60.02,33.785111111111114,3.7748888888888885,Low,1,False,False,False
2020-09-23,35.75,26.01,64.69,33.812266666666666,1.937733333333334,Low,1,False,False,False
2020-09-24,37.25,26.17,57.44,33.852244444444445,3.3977555555555554,Low,1,False,False,False
2020-09-25,37.91,23.74,45.9,33.869955555555556,4.04004444444444,Low,1,False,False,False
2020-09-26,36.94,24.35,46.85,33.876977777777775,3.063022222222223,Low,1,False,False,False
2020-09-27,37.27,23.0,46.65,33.85371111111111,3.416288888888893,Low,1,False,False,False
2020-09-28,37.51,23.1,43.04,33.837022222222224,3.672977777777774,Low,1,False,False,False
2020-09-29,37.34,21.02,45.66,33.81057777777777,3.5294222222222302,Low,1,False,False,False
2020-09-30,36.97,20.49,46.09,33.79295555555556,3.177044444444441,Low,1,False,False,False
2020-10-01,37.49,20.37,41.74,33.80177777777778,3.6882222222222225,Low,1,False,False,False
2020-10-02,37.73,20.74,38.92,33.83797777777778,3.8920222222222165,Moderate,1,True,False,False
2020-10-03,37.26,20.14,36.83,33.836644444444445,3.4233555555555526,Low,1,False,False,False
2020-10-04,36.57,19.84,36.03,33.79262222222222,2.7773777777777795,Low,1,False,False,False
2020-10-05,37.61,19.01,36.51,33.739222222222224,3.870777777777775,Moderate,1,True,False,False
2020-10-06,37.38,18.43,34.67,33.674622222222226,3.7053777777777768,Moderate,2,True,False,False
2020-10-07,37.48,19.62,34.79,33.59664444444444,3.8833555555555535,Moderate,3,True,False,False
2020-10-08,36.78,20.06,34.8,33.52768888888889,3.252311111111112,Low,1,False,False,False
2020-10-09,36.64,20.35,36.76,33.42704444444445,3.2129555555555527,Low,1,False,False,False
2020-10-10,36.25,20.75,39.89,33.3528,2.897199999999998,Low,1,False,False,False
2020-10-11,36.79,19.45,39.49,33.248866666666665,3.5411333333333346,Low,1,False,False,False
2020-10-12,36.09,20.59,36.59,33.1806,2.909400000000005,Low,1,False,False,False
2020-10-13,35.67,21.88,38.25,33.08891111111111,2.5810888888888925,Low,1,False,False,False
2020-10-14,35.95,22.13,41.65,33.01328888888889,2.9367111111111157,Low,1,False,False,False
2020-10-15,36.35,21.72,36.95,32.931422222222224,3.4185777777777773,Low,1,False,False,False
2020-10-16,35.66,20.49,33.16,32.800066666666666,2.8599333333333306,Low,1,False,False,False
2020-10-17,35.65,20.57,31.91,32.659822222222225,2.990177777777774,Low,1,False,False,False
2020-10-18,35.16,19.28,31.77,32.51526666666666,2.6447333333333347,Low,1,False,False,False
2020-10-19,35.12,18.19,31.35,32.42591111111111,2.694088888888885,Low,1,False,False,False
2020-10-20,35.18,16.28,27.29,32.321822222222224,2.858177777777776,Low,1,False,False,False
2020-10-21,35.53,18.78,23.42,32.220800000000004,3.309199999999997,Moderate,1,True,False,False
2020-10-22,34.94,21.3,31.78,32.141777777777776,2.798222222222222,Moderate,2,True,False,False
2020-10-23,35.05,18.62,32.75,32.04991111111111,3.0000888888888895,Moderate,3,True,False,False
2020-10-24,34.09,19.53,27.27,31.9858,2.1042000000000023,Low,1,False,False,False
2020-10-25,34.23,17.94,24.73,31.882377777777776,2.3476222222222205,Low,1,False,False,False
2020-10-26,33.52,17.51,26.47,31.814066666666662,1.7059333333333413,Low,1,False,False,False
2020-10-27,32.33,16.19,30.0,31.70722222222222,0.6227777777777774,Low,1,False,False,False
2020-10-28,32.07,15.45,24.15,31.621,0.4490000000000016,Low,1,False,False,False
2020-10-29,31.8,15.7,25.93,31.512844444444443,0.2871555555555574,Low,1,False,False,False
2020-10-30,32.5,14.8,28.33,31.401288888888892,1.0987111111111076,Low,1,False,False,False
2020-10-31,31.4,14.79,29.39,31.304266666666667,0.09573333333333167,Low,1,False,False,False
2020-11-01,30.21,14.56,23.45,31.194844444444442,-0.9848444444444411,Low,1,False,False,False
2020-11-02,31.13,13.24,25.39,31.099111111111107,0.030888888888892296,Low,1,False,False,False
2020-11-03,31.23,14.43,23.74,30.972644444444445,0.2573555555555558,Low,1,False,False,False
2020-11-04,30.57,14.69,25.87,30.84648888888889,-0.27648888888888834,Low,1,False,False,False
2020-11-05,31.59,13.7,24.58,30.698422222222224,0.8915777777777762,Low,1,False,False,False
2020-11-06,31.95,14.08,24.8,30.530866666666665,1.4191333333333347,Low,1,False,False,False
2020-11-07,30.95,13.72,28.4,30.36888888888889,0.5811111111111096,Low,1,False,False,False
2020-11-08,30.36,15.19,29.6,30.216711111111113,0.14328888888888613,Low,1,False,False,False
2020-11-09,29.33,12.94,33.23,30.088288888888886,-0.7582888888888881,Low,1,False,False,False
2020-11-10,30.65,15.14,28.72,29.936999999999998,0.713000000000001,Low,1,False,False,False
2020-11-11,29.77,14.18,32.78,29.803711111111113,-0.03371111111111347,Low,1,False,False,False
2020-11-12,29.95,15.12,38.93,29.650355555555556,0.2996444444444428,Low,1,False,False,False
2020-11-13,29.78,14.74,36.59,29.476444444444443,0.30355555555555824,Low,1,False,False,False
2020-11-14,29.75,15.5,31.49,29.300555555555555,0.4494444444444454,Low,1,False,False,False
2020-11-15,30.54,16.04,41.19,29.14313333333333,1.3968666666666678,Low,1,False,False,False
2020-11-16,26.83,15.61,65.18,28.98662222222222,-2.1566222222222216,Low,1,False,False,False
2020-11-17,27.06,13.53,56.22,28.77284444444444,-1.7128444444444426,Low,1,False,False,False
2020-11-18,26.05,12.39,45.1,28.588733333333334,-2.538733333333333,Low,1,False,False,False
2020-11-19,25.64,12.25,36.83,28.408200000000004,-2.7682000000000038,Low,1,False,False,False
2020-11-20,26.41,9.87,35.19,28.232511111111112,-1.8225111111111119,Low,1,False,False,False
2020-11-21,25.61,9.45,37.13,28.08188888888889,-2.4718888888888912,Low,1,False,False,False
2020-11-22,25.38,8.74,28.39,27.934555555555555,-2.554555555555556,Low,1,False,False,False
2020-11-23,26.64,9.89,22.88,27.75091111111111,-1.1109111111111112,Low,1,False,False,False
2020-11-24,26.42,11.8,23.67,27.52846666666667,-1.1084666666666685,Low,1,False,False,False
2020-11-25,25.27,13.34,27.09,27.344111111111108,-2.074111111111108,Low,1,False,False,False
2020-11-26,25.62,11.64,50.54,27.173555555555556,-1.5535555555555547,Low,1,False,False,False
2020-11-27,27.78,10.09,44.13,27.019755555555555,0.7602444444444458,Low,1,False,False,False
2020-11-28,26.56,9.21,41.63,26.90706666666667,-0.3470666666666702,Low,1,False,False,False
2020-11-29,26.51,8.71,34.17,26.79688888888889,-0.28688888888888897,Low,1,False,False,False
2020-11-30,26.95,10.56,33.06,26.675022222222218,0.27497777777778154,Low,1,False,False,False
2020-12-01,26.65,9.69,39.08,26.570155555555555,0.0798444444444435,Low,1,False,False,False
2020-12-02,27.78,10.22,43.13,26.477844444444443,1.302155555555558,Low,1,False,False,False
2020-12-03,27.64,10.23,45.52,26.311577777777774,1.3284222222222262,Low,1,False,False,False
2020-12-04,28.53,14.18,34.27,26.14382222222222,2.3861777777777817,Low,1,False,False,False
2020-12-05,29.84,11.49,30.46,26.005266666666664,3.834733333333336,Moderate,1,True,False,False
2020-12-06,29.09,13.73,35.32,25.860755555555553,3.229244444444447,Moderate,2,True,False,False
2020-12-07,28.99,11.65,38.12,25.690422222222224,3.299577777777774,Moderate,3,True,False,False
2020-12-08,28.09,13.06,38.14,25.55206666666667,2.5379333333333314,Low,1,False,False,False
2020-12-09,29.53,12.35,37.86,25.45042222222222,4.079577777777782,Moderate,1,True,False,False
2020-12-10,29.43,13.06,44.8,25.335266666666666,4.094733333333334,Moderate,2,True,False,False
2020-12-11,29.26,13.36,45.22,25.200733333333332,4.0592666666666695,Moderate,3,True,False,False
2020-12-12,24.98,14.7,59.32,25.026177777777775,-0.046177777777774764,Low,1,False,False,False
2020-12-13,22.88,10.21,51.71,24.84988888888889,-1.9698888888888924,Low,1,False,False,False
2020-12-14,21.99,6.55,46.52,24.67351111111111,-2.6835111111111125,Low,1,False,False,False
2020-12-15,20.1,5.95,45.29,24.513511111111107,-4.413511111111106,Low,1,False,False,False
2020-12-16,21.61,6.98,39.86,24.31308888888889,-2.703088888888889,Low,1,False,False,False
2020-12-17,18.11,3.62,36.6,24.155755555555555,-6.045755555555555,Low,1,False,False,False
2020-12-18,21.24,3.94,33.4,24.0546,-2.814600000000002,Low,1,False,False,False
2020-12-19,23.78,4.68,29.62,23.948666666666664,-0.1686666666666632,Low,1,False,False,False
2020-12-20,23.42,5.91,28.49,23.82611111111111,-0.40611111111110887,Low,1,False,False,False
2020-12-21,21.22,6.89,38.52,23.708155555555557,-2.488155555555558,Low,1,False,False,False
2020-12-22,24.61,8.61,34.77,23.624844444444445,0.9851555555555542,Low,1,False,False,False
2020-12-23,24.94,7.57,36.77,23.505444444444446,1.434555555555555,Low,1,False,False,False
2020-12-24,23.91,7.11,40.37,23.33804444444445,0.5719555555555509,Low,1,False,False,False
2020-12-25,22.98,6.16,40.0,23.18155555555556,-0.20155555555555793,Low,1,False,False,False
2020-12-26,23.8,6.18,38.05,23.04928888888889,0.7507111111111122,Low,1,False,False,False
2020-12-27,23.89,10.31,34.17,22.9332,0.9568000000000012,Low,1,False,False,False
2020-12-28,20.18,5.16,34.04,22.826666666666668,-2.6466666666666683,Low,1,False,False,False
2020-12-29,20.78,4.58,40.33,22.74795555555556,-1.9679555555555588,Low,1,False,False,False
2020-12-30,19.11,4.56,48.21,22.659,-3.5489999999999995,Low,1,False,False,False
2020-12-31,21.72,3.05,39.56,22.60408888888889,-0.8840888888888898,Low,1,False,False,False
2021-01-01,21.55,4.65,31.89,22.535333333333337,-0.9853333333333367,Low,1,False,False,False
2021-01-02,17.63,11.47,53.98,22.474777777777778,-4.844777777777779,Low,1,False,False,False
2021-01-03,21.12,12.21,87.44,22.452133333333336,-1.332133333333335,Low,1,False,False,False
2021-01-04,26.26,11.53,76.5,22.437755555555558,3.8222444444444434,Moderate,1,True,False,False
2021-01-05,24.13,13.84,73.36,22.431400000000004,1.6985999999999954,Low,1,False,False,False
2021-01-06,21.19,12.45,74.58,22.391222222222222,-1.2012222222222206,Low,1,False,False,False
2021-01-07,21.84,9.95,76.34,22.42482222222222,-0.5848222222222219,Low,1,False,False,False
2021-01-08,24.07,8.61,71.88,22.491222222222223,1.578777777777777,Low,1,False,False,False
2021-01-09,23.2,10.63,64.41,22.51342222222222,0.686577777777778,Low,1,False,False,False
2021-01-10,19.45,8.57,58.13,22.509244444444445,-3.0592444444444453,Low,1,False,False,False
2021-01-11,19.8,4.5,53.02,22.535800000000002,-2.735800000000001,Low,1,False,False,False
2021-01-12,20.74,4.3,48.85,22.5652,-1.8252000000000024,Low,1,False,False,False
2021-01-13,19.4,3.68,46.81,22.58406666666666,-3.184066666666663,Low,1,False,False,False
2021-01-14,20.21,4.95,39.14,22.604177777777775,-2.3941777777777737,Low,1,False,False,False
2021-01-15,19.92,6.68,37.15,22.64688888888889,-2.7268888888888867,Low,1,False,False,False
2021-01-16,22.04,3.38,45.45,22.71151111111111,-0.6715111111111121,Low,1,False,False,False
2021-01-17,18.29,5.08,48.03,22.784866666666662,-4.494866666666663,Low,1,False,False,False
2021-01-18,18.63,9.99,40.97,22.887088888888886,-4.257088888888887,Low,1,False,False,False
2021-01-19,24.35,7.9,49.95,23.033711111111106,1.316288888888895,Low,1,False,False,False
2021-01-20,23.91,7.34,50.16,23.159355555555553,0.7506444444444469,Low,1,False,False,False
2021-01-21,23.76,6.04,51.09,23.260111111111115,0.4998888888888864,Low,1,False,False,False
2021-01-22,23.33,6.65,41.61,23.339355555555557,-0.009355555555558226,Low,1,False,False,False
2021-01-23,22.53,6.61,40.74,23.456488888888885,-0.9264888888888834,Low,1,False,False,False
2021-01-24,20.72,6.31,55.76,23.577688888888886,-2.8576888888888874,Low,1,False,False,False
2021-01-25,20.31,3.15,50.87,23.7166,-3.406600000000001,Low,1,False,False,False
2021-01-26,21.23,4.71,49.09,23.872511111111113,-2.642511111111112,Low,1,False,False,False
2021-01-27,21.82,4.88,44.89,24.0528,-2.232800000000001,Low,1,False,False,False
2021-01-28,21.24,4.25,40.75,24.255044444444444,-3.0150444444444453,Low,1,False,False,False
2021-01-29,21.71,3.56,41.0,24.43764444444444,-2.72764444444444,Low,1,False,False,False
2021-01-30,23.06,3.99,40.98,24.64611111111111,-1.5861111111111121,Low,1,False,False,False
2021-01-31,23.85,5.31,34.11,24.836555555555556,-0.9865555555555545,Low,1,False,False,False
2021-02-01,26.03,9.96,32.33,24.962155555555558,1.067844444444443,Low,1,False,False,False
2021-02-02,26.72,7.81,34.59,25.038933333333333,1.6810666666666663,Low,1,False,False,False
2021-02-03,26.4,7.82,39.76,25.05077777777778,1.3492222222222203,Low,1,False,False,False
2021-02-04,24.54,10.51,55.01,25.08062222222222,-0.5406222222222219,Low,1,False,False,False
2021-02-05,23.31,8.31,64.45,25.21828888888889,-1.9082888888888903,Low,1,False,False,False
2021-02-06,23.75,6.91,50.01,25.346244444444448,-1.596244444444448,Low,1,False,False,False
2021-02-07,23.95,7.21,48.46,25.447022222222223,-1.497022222222224,Low,1,False,False,False
2021-02-08,25.32,7.07,47.19,25.5608,-0.24080000000000013,Low,1,False,False,False
2021-02-09,26.85,8.45,42.11,25.69815555555556,1.1518444444444427,Low,1,False,False,False
2021-02-10,28.31,12.99,37.49,25.818933333333334,2.491066666666665,Low,1,False,False,False
2021-02-11,26.72,10.16,42.78,25.900955555555555,0.8190444444444438,Low,1,False,False,False
2021-02-12,25.28,11.71,44.74,25.980733333333333,-0.7007333333333321,Low,1,False,False,False
2021-02-13,27.09,11.12,36.03,26.121555555555556,0.9684444444444438,Low,1,False,False,False
2021-02-14,27.93,13.32,32.4,26.23182222222222,1.6981777777777793,Low,1,False,False,False
2021-02-15,29.14,14.12,31.05,26.372622222222223,2.767377777777778,Low,1,False,False,False
2021-02-16,29.47,12.3,37.21,26.5314,2.9385999999999974,Low,1,False,False,False
2021-02-17,28.51,11.22,40.96,26.72222222222222,1.7877777777777801,Low,1,False,False,False
2021-02-18,28.85,11.78,33.83,26.923044444444443,1.9269555555555584,Low,1,False,False,False
2021-02-19,28.39,10.52,37.18,27.12337777777778,1.266622222222221,Low,1,False,False,False
2021-02-20,28.07,9.88,37.4,27.301733333333335,0.7682666666666655,Low,1,False,False,False
2021-02-21,29.04,9.42,37.8,27.478200000000005,1.5617999999999945,Low,1,False,False,False
2021-02-22,30.42,12.0,33.36,27.628056206088992,2.7919437939110097,Low,1,False,False,False
2021-02-23,32.31,14.08,29.39,27.868032786885248,4.441967213114754,Moderate,1,True,False,False
2021-02-24,33.36,15.99,26.88,28.07224824355972,5.287751756440279,Moderate,2,True,False,False
2021-02-25,33.44,14.26,29.05,28.334262295081967,5.105737704918031,Moderate,3,True,False,False
2021-02-26,34.33,14.34,31.53,28.601615925058546,5.728384074941452,Moderate,4,True,False,False
2021-02-27,33.08,16.68,36.86,28.863559718969555,4.216440281030444,Low,1,False,False,False
2021-02-28,32.55,15.11,30.13,29.11730679156909,3.4326932084309085,Low,1,False,False,False
2021-03-01,30.58,13.08,22.95,29.60613583138173,0.9738641686182667,Low,1,False,False,False
2021-03-02,30.66,12.37,23.79,29.87288056206089,0.7871194379391113,Low,1,False,False,False
2021-03-03,33.18,12.81,20.64,30.130163934426232,3.0498360655737677,Low,1,False,False,False
2021-03-04,34.66,17.75,19.09,30.42782201405152,4.232177985948475,Moderate,1,True,False,False
2021-03-05,33.21,14.8,20.91,30.675995316159256,2.5340046838407453,Low,1,False,False,False
2021-03-06,34.99,15.4,18.83,30.9004449648712,4.089555035128804,Moderate,1,True,False,False
2021-03-07,36.17,16.04,18.83,31.094121779859485,5.075878220140517,Moderate,2,True,False,False
2021-03-08,34.42,16.76,24.21,31.1864,3.2336000000000027,Low,1,False,False,False
2021-03-09,35.25,19.39,24.96,31.4392,3.8108000000000004,Low,1,False,False,False
2021-03-10,34.52,19.39,30.75,31.7304,2.7896000000000036,Low,1,False,False,False
2021-03-11,35.5,18.28,23.64,31.999466666666663,3.500533333333337,Low,1,False,False,False
2021-03-12,29.78,18.57,42.65,32.2746,-2.4945999999999984,Low,1,False,False,False
2021-03-13,33.44,15.55,52.5,32.522,0.9179999999999993,Low,1,False,False,False
2021-03-14,33.8,18.01,29.45,32.714844444444445,1.085155555555552,Low,1,False,False,False
2021-03-15,33.81,17.23,27.41,32.89988888888889,0.9101111111111138,Low,1,False,False,False
2021-03-16,34.69,17.64,28.67,33.123022222222225,1.5669777777777725,Low,1,False,False,False
2021-03-17,35.95,18.61,28.75,33.33011111111111,2.6198888888888945,Low,1,False,False,False
2021-03-18,36.85,19.72,26.82,33.50428888888889,3.3457111111111146,Low,1,False,False,False
2021-03-19,35.98,22.02,28.85,33.67991111111111,2.3000888888888866,Low,1,False,False,False
2021-03-20,35.76,18.68,25.74,33.88886666666667,1.8711333333333258,Low,1,False,False,False
2021-03-21,37.21,19.52,24.73,34.141866666666665,3.0681333333333356,Low,1,False,False,False
2021-03-22,34.99,20.65,25.02,34.41535555555556,0.574644444444445,Low,1,False,False,False
2021-03-23,36.33,21.91,26.88,34.6516,1.6783999999999963,Low,1,False,False,False
2021-03-24,34.58,19.2,26.77,34.84142222222223,-0.26142222222222955,Low,1,False,False,False
2021-03-25,33.12,16.79,27.82,34.99291111111111,-1.8729111111111152,Low,1,False,False,False
2021-03-26,34.27,16.03,29.2,35.14222222222222,-0.87222222222222,Low,1,False,False,False
2021-03-27,37.29,17.4,25.45,35.28031111111111,2.0096888888888884,Low,1,False,False,False
2021-03-28,39.0,20.09,21.9,35.43346666666667,3.5665333333333322,Moderate,1,False,False,False
2021-03-29,41.3,19.98,18.78,35.61944444444445,5.68055555555555,Extreme,1,True,True,False
2021-03-30,40.03,23.29,16.8,35.83931111111111,4.190688888888893,Moderate,2,True,False,False
2021-03-31,38.0,19.48,11.49,36.04628888888888,1.9537111111111187,Moderate,1,False,False,False
2021-04-01,36.95,16.34,7.3,36.27857777777778,0.6714222222222261,Low,1,False,False,False
2021-04-02,36.73,15.87,9.19,36.52422222222223,0.20577777777776873,Low,1,False,False,False
2021-04-03,36.71,15.44,6.84,36.733377777777775,-0.02337777777777461,Low,1,False,False,False
2021-04-04,38.87,16.47,8.62,36.97615555555555,1.893844444444447,Moderate,1,False,False,False
2021-04-05,38.82,19.31,12.56,37.18664444444445,1.6333555555555535,Moderate,1,False,False,False
2021-04-06,40.26,21.06,12.74,37.409155555555564,2.8508444444444336,Moderate,1,False,False,False
2021-04-07,38.73,21.99,23.43,37.60075555555556,1.1292444444444385,Moderate,1,False,False,False
2021-04-08,37.06,18.9,14.89,37.809333333333335,-0.7493333333333325,Low,1,False,False,False
2021-04-09,38.2,17.94,13.37,38.03431111111111,0.16568888888889433,Moderate,1,False,False,False
2021-04-10,38.55,19.39,14.92,38.20848888888889,0.3415111111111102,Moderate,1,False,False,False
2021-04-11,40.06,19.23,15.57,38.400977777777776,1.6590222222222266,Moderate,1,False,False,False
2021-04-12,39.83,22.76,16.37,38.63024444444444,1.199755555555555,Moderate,1,False,False,False
2021-04-13,40.97,23.25,18.03,38.87571111111111,2.09428888888889,Moderate,1,False,False,False
2021-04-14,41.64,23.44,19.51,39.07668888888889,2.563311111111112,Moderate,1,False,False,False
2021-04-15,41.26,25.94,17.12,39.27815555555555,1.981844444444448,Moderate,1,False,False,False
2021-04-16,41.64,24.51,19.77,39.456488888888885,2.183511111111116,Moderate,1,False,False,False
2021-04-17,37.41,22.25,31.78,39.64866666666667,-2.238666666666674,Low,1,False,False,False
2021-04-18,38.1,21.17,27.62,39.89935555555555,-1.7993555555555503,Moderate,1,False,False,False
2021-04-19,39.74,22.41,20.84,40.11044444444445,-0.3704444444444448,Moderate,1,False,False,False
2021-04-20,35.44,22.58,23.21,40.290644444444446,-4.850644444444448,Low,1,False,False,False
2021-04-21,34.92,21.02,32.17,40.50011111111111,-5.580111111111108,Low,1,False,False,False
2021-04-22,34.86,19.34,32.2,40.71031111111112,-5.850311111111118,Low,1,False,False,False
2021-04-23,38.2,21.48,24.16,40.933755555555564,-2.733755555555561,Moderate,1,False,False,False
2021-04-24,36.83,18.38,28.25,41.10231111111111,-4.272311111111115,Low,1,False,False,False
2021-04-25,39.35,19.12,17.59,41.282799999999995,-1.9327999999999932,Moderate,1,False,False,False
2021-04-26,41.29,19.84,13.63,41.434333333333335,-0.14433333333333564,Moderate,1,False,False,False
2021-04-27,43.07,24.77,13.85,41.52704444444444,1.542955555555558,Moderate,1,False,False,False
2021-04-28,43.9,24.75,13.15,41.64384444444444,2.2561555555555586,Moderate,1,False,False,False
2021-04-29,43.61,26.36,17.88,41.76173333333333,1.8482666666666674,Moderate,1,False,False,False
2021-04-30,42.45,26.21,17.1,41.832,0.6180000000000021,Moderate,1,False,False,False
2021-05-01,41.73,26.23,19.57,41.93557777777777,-0.2055777777777763,Moderate,1,False,False,False
2021-05-02,40.8,27.06,21.42,42.023155555555554,-1.2231555555555573,Moderate,1,False,False,False
2021-05-03,40.6,28.28,23.81,42.078399999999995,-1.4783999999999935,Moderate,1,False,False,False
2021-05-04,42.09,26.45,20.39,42.13955555555556,-0.04955555555555691,Moderate,1,False,False,False
2021-05-05,41.01,25.35,20.14,42.21975555555555,-1.209755555555553,Moderate,1,False,False,False
2021-05-06,41.23,24.36,29.94,42.26844444444445,-1.0384444444444512,Moderate,1,False,False,False
2021-05-07,38.01,25.65,35.56,42.34897777777778,-4.338977777777785,Moderate,1,False,False,False
2021-05-08,38.98,25.65,29.22,42.40802222222222,-3.428022222222225,Moderate,1,False,False,False
2021-05-09,40.48,24.29,26.83,42.520022222222224,-2.040022222222227,Moderate,1,False,False,False
2021-05-10,40.68,28.77,24.96,42.63426666666666,-1.954266666666662,Moderate,1,False,False,False
2021-05-11,41.26,25.67,25.38,42.76553333333334,-1.5055333333333394,Moderate,1,False,False,False
2021-05-12,40.17,28.64,24.67,42.900955555555555,-2.7309555555555534,Moderate,1,False,False,False
2021-05-13,35.64,25.91,36.53,42.971399999999996,-7.331399999999995,Low,1,False,False,False
2021-05-14,38.57,25.12,32.87,43.02808888888889,-4.458088888888888,Moderate,1,False,False,False
2021-05-15,40.29,26.81,26.98,43.13562222222222,-2.845622222222218,Moderate,1,False,False,False
2021-05-16,41.98,26.2,21.22,43.21666666666667,-1.2366666666666717,Moderate,1,False,False,False
2021-05-17,38.38,27.44,22.31,43.31635555555556,-4.936355555555558,Moderate,1,False,False,False
2021-05-18,33.92,26.36,38.56,43.413399999999996,-9.493399999999994,Low,1,False,False,False
2021-05-19,31.49,22.04,67.6,43.49088888888889,-12.000888888888891,Low,1,False,False,False
2021-05-20,30.46,21.28,74.53,43.546400000000006,-13.086400000000005,Low,1,False,False,False
2021-05-21,34.97,21.07,57.33,43.60217777777778,-8.632177777777784,Low,1,False,False,False
2021-05-22,36.73,23.62,52.14,43.64451111111111,-6.914511111111111,Low,1,False,False,False
2021-05-23,36.37,21.56,45.34,43.66228888888889,-7.292288888888891,Low,1,False,False,False
2021-05-24,37.26,21.86,38.26,43.66553333333333,-6.405533333333331,Low,1,False,False,False
2021-05-25,40.37,22.42,36.13,43.63744444444444,-3.2674444444444433,Moderate,1,False,False,False
2021-05-26,40.63,23.47,34.92,43.628688888888895,-2.9986888888888927,Moderate,1,False,False,False
2021-05-27,41.35,24.22,29.87,43.6098,-2.2597999999999985,Moderate,1,False,False,False
2021-05-28,39.86,23.32,36.89,43.64233333333333,-3.7823333333333338,Moderate,1,False,False,False
2021-05-29,39.0,24.75,52.33,43.70124444444444,-4.701244444444441,Moderate,1,False,False,False
2021-05-30,38.74,25.32,53.2,43.729311111111116,-4.989311111111114,Moderate,1,False,False,False
2021-05-31,41.08,27.91,39.83,43.714000000000006,-2.6340000000000074,Moderate,1,False,False,False
2021-06-01,36.19,27.02,45.88,43.662400000000005,-7.4724000000000075,Low,1,False,False,False
2021-06-02,38.42,24.91,40.34,43.63302222222222,-5.213022222222222,Moderate,1,False,False,False
2021-06-03,38.37,26.8,41.23,43.60995555555555,-5.239955555555554,Moderate,1,False,False,False
2021-06-04,40.19,27.09,41.36,43.5666,-3.3766000000000034,Moderate,1,False,False,False
2021-06-05,40.46,28.1,42.31,43.53282222222222,-3.0728222222222215,Moderate,1,False,False,False
2021-06-06,39.54,27.59,44.34,43.49028888888889,-3.950288888888892,Moderate,1,False,False,False
2021-06-07,41.66,27.46,41.06,43.47284444444444,-1.812844444444444,Moderate,1,False,False,False
2021-06-08,42.79,29.03,37.89,43.43511111111112,-0.6451111111111203,Moderate,1,False,False,False
2021-06-09,43.11,29.42,38.4,43.40673333333333,-0.29673333333332863,Moderate,1,False,False,False
2021-06-10,38.95,29.06,51.79,43.328399999999995,-4.378399999999992,Moderate,1,False,False,False
2021-06-11,38.96,27.4,56.1,43.27304444444445,-4.313044444444451,Moderate,1,False,False,False
2021-06-12,38.28,27.8,58.37,43.14535555555556,-4.86535555555556,Moderate,1,False,False,False
2021-06-13,37.04,25.53,60.6,43.023133333333334,-5.983133333333335,Low,1,False,False,False
2021-06-14,39.16,27.81,43.91,42.9322,-3.772200000000005,Moderate,1,False,False,False
2021-06-15,40.27,25.46,49.43,42.91224444444445,-2.6422444444444437,Moderate,1,False,False,False
2021-06-16,36.28,28.06,52.88,42.85815555555555,-6.578155555555547,Low,1,False,False,False
2021-06-17,35.0,27.38,56.66,42.73677777777778,-7.736777777777782,Low,1,False,False,False
2021-06-18,36.7,26.45,57.42,42.58573333333334,-5.885733333333334,Low,1,False,False,False
2021-06-19,33.66,26.35,61.65,42.45753333333333,-8.797533333333334,Low,1,False,False,False
2021-06-20,35.58,25.24,62.29,42.30004444444445,-6.720044444444454,Low,1,False,False,False
2021-06-21,39.19,26.54,47.51,42.15328888888889,-2.96328888888889,Moderate,1,False,False,False
2021-06-22,40.58,26.57,42.91,41.95037777777778,-1.370377777777783,Moderate,1,False,False,False
2021-06-23,40.72,28.12,41.47,41.75326666666667,-1.0332666666666697,Moderate,1,False,False,False
2021-06-24,39.71,27.12,45.37,41.62502222222223,-1.9150222222222268,Moderate,1,False,False,False
2021-06-25,40.36,26.1,44.71,41.52491111111111,-1.1649111111111097,Moderate,1,False,False,False
2021-06-26,39.18,25.06,43.08,41.37497777777777,-2.1949777777777726,Moderate,1,False,False,False
2021-06-27,40.11,26.32,44.51,41.24328888888888,-1.1332888888888775,Moderate,1,False,False,False
2021-06-28,40.43,27.36,44.13,41.07826666666667,-0.6482666666666717,Moderate,1,False,False,False
2021-06-29,43.39,28.87,34.83,40.90608888888888,2.4839111111111194,Moderate,1,False,False,False
2021-06-30,44.31,29.03,33.63,40.65440000000001,3.6555999999999926,Moderate,1,False,False,False
2021-07-01,43.39,29.93,35.46,40.44744444444445,2.9425555555555505,Moderate,1,False,False,False
2021-07-02,42.7,30.63,38.87,40.257533333333335,2.442466666666668,Moderate,1,False,False,False
2021-07-03,41.03,27.76,50.2,40.092933333333335,0.9370666666666665,Moderate,1,False,False,False
2021-07-04,40.3,28.6,43.51,39.89702222222222,0.4029777777777781,Moderate,1,False,False,False
2021-07-05,41.44,29.07,39.67,39.696244444444446,1.743755555555552,Moderate,1,False,False,False
2021-07-06,42.15,29.93,40.39,39.465066666666665,2.6849333333333334,Moderate,1,False,False,False
2021-07-07,43.47,30.31,38.41,39.2772,4.192799999999998,Moderate,1,False,False,False
2021-07-08,43.35,31.02,36.94,39.08133333333333,4.268666666666668,Moderate,1,False,False,False
2021-07-09,39.76,30.04,49.78,38.83677777777778,0.9232222222222148,Moderate,1,False,False,False
2021-07-10,39.94,29.81,46.81,38.58848888888889,1.3515111111111082,Moderate,1,False,False,False
2021-07-11,38.05,29.82,56.85,38.39811111111111,-0.34811111111111614,Moderate,1,False,False,False
2021-07-12,35.24,27.94,62.1,38.20135555555556,-2.9613555555555564,Low,1,False,False,False
2021-07-13,33.23,27.17,72.68,38.00042222222223,-4.77042222222223,Low,1,False,False,False
2021-07-14,33.34,26.96,75.3,37.76537777777777,-4.4253777777777685,Low,1,False,False,False
2021-07-15,38.22,26.22,61.98,37.570044444444434,0.6499555555555645,Moderate,1,False,False,False
2021-07-16,39.06,28.96,55.93,37.38737777777778,1.6726222222222233,Moderate,1,False,False,False
2021-07-17,38.96,29.0,56.4,37.219022222222215,1.7409777777777862,Moderate,1,False,False,False
2021-07-18,36.47,27.75,72.71,37.06086666666666,-0.5908666666666633,Low,1,False,False,False
2021-07-19,31.04,26.56,90.13,36.912577777777784,-5.872577777777785,Low,1,False,False,False
2021-07-20,30.38,25.8,87.79,36.76746666666667,-6.387466666666672,Low,1,False,False,False
2021-07-21,31.34,26.46,86.74,36.61904444444444,-5.279044444444441,Low,1,False,False,False
2021-07-22,34.37,25.68,81.28,36.49357777777778,-2.1235777777777827,Low,1,False,False,False
2021-07-23,32.47,26.75,85.05,36.39324444444444,-3.9232444444444425,Low,1,False,False,False
2021-07-24,34.14,26.81,78.82,36.31066666666666,-2.170666666666662,Low,1,False,False,False
2021-07-25,35.08,27.73,77.0,36.208933333333334,-1.128933333333336,Low,1,False,False,False
2021-07-26,31.43,26.81,82.74,36.05451111111111,-4.6245111111111115,Low,1,False,False,False
2021-07-27,32.73,26.64,84.81,35.91702222222222,-3.1870222222222253,Low,1,False,False,False
2021-07-28,29.93,26.24,88.46,35.76773333333333,-5.8377333333333326,Low,1,False,False,False
2021-07-29,30.98,25.53,87.39,35.6622,-4.682199999999998,Low,1,False,False,False
2021-07-30,31.72,26.09,87.25,35.55608888888889,-3.836088888888888,Low,1,False,False,False
2021-07-31,31.65,26.1,84.79,35.45731111111111,-3.8073111111111118,Low,1,False,False,False
2021-08-01,33.24,26.5,76.21,35.36017777777778,-2.1201777777777764,Low,1,False,False,False
2021-08-02,31.84,26.74,84.09,35.27460000000001,-3.4346000000000068,Low,1,False,False,False
2021-08-03,32.3,26.14,84.96,35.2078,-2.9078000000000017,Low,1,False,False,False
2021-08-04,32.0,25.59,85.0,35.15853333333333,-3.158533333333331,Low,1,False,False,False
2021-08-05,32.07,25.28,84.04,35.105244444444445,-3.0352444444444444,Low,1,False,False,False
2021-08-06,31.97,26.08,76.63,35.03131111111111,-3.0613111111111095,Low,1,False,False,False
2021-08-07,28.33,25.06,87.48,34.92608888888889,-6.596088888888893,Low,1,False,False,False
2021-08-08,32.74,25.5,80.03,34.80277777777778,-2.062777777777775,Low,1,False,False,False
2021-08-09,30.84,26.26,83.08,34.71373333333334,-3.8737333333333375,Low,1,False,False,False
2021-08-10,34.01,25.72,81.29,34.68682222222222,-0.6768222222222207,Low,1,False,False,False
2021-08-11,33.71,24.57,76.98,34.692822222222226,-0.9828222222222252,Low,1,False,False,False
2021-08-12,33.51,24.11,78.56,34.64324444444444,-1.1332444444444434,Low,1,False,False,False
2021-08-13,33.88,25.68,79.19,34.61568888888889,-0.7356888888888875,Low,1,False,False,False
2021-08-14,34.73,25.64,80.39,34.593177777777775,0.1368222222222215,Low,1,False,False,False
2021-08-15,34.44,24.93,76.03,34.55428888888889,-0.11428888888889333,Low,1,False,False,False
2021-08-16,34.11,25.31,73.45,34.51386666666667,-0.4038666666666728,Low,1,False,False,False
2021-08-17,34.92,25.73,70.01,34.4648,0.45520000000000493,Low,1,False,False,False
2021-08-18,34.61,25.36,72.37,34.3954,0.21459999999999724,Low,1,False,False,False
2021-08-19,34.27,25.37,78.25,34.325044444444444,-0.0550444444444409,Low,1,False,False,False
2021-08-20,29.32,25.22,90.53,34.306688888888885,-4.986688888888885,Low,1,False,False,False
2021-08-21,31.12,25.29,90.34,34.28442222222222,-3.1644222222222176,Low,1,False,False,False
2021-08-22,32.27,25.58,85.24,34.269244444444446,-1.999244444444443,Low,1,False,False,False
2021-08-23,32.28,25.59,82.74,34.26082222222222,-1.9808222222222156,Low,1,False,False,False
2021-08-24,31.0,26.11,82.74,34.28026666666666,-3.2802666666666624,Low,1,False,False,False
2021-08-25,32.64,25.08,80.95,34.25842222222222,-1.6184222222222218,Low,1,False,False,False
2021-08-26,33.32,23.51,80.38,34.20153333333333,-0.88153333333333,Low,1,False,False,False
2021-08-27,34.37,24.91,74.34,34.22771111111111,0.1422888888888849,Low,1,False,False,False
2021-08-28,33.6,25.21,78.76,34.18877777777778,-0.5887777777777785,Low,1,False,False,False
2021-08-29,33.25,24.87,82.71,34.1558,-0.9057999999999993,Low,1,False,False,False
2021-08-30,31.63,24.8,85.41,34.111422222222224,-2.481422222222225,Low,1,False,False,False
2021-08-31,31.51,23.75,87.03,34.0478,-2.5378000000000007,Low,1,False,False,False
2021-09-01,29.83,24.16,88.3,34.026466666666664,-4.196466666666666,Low,1,False,False,False
2021-09-02,29.29,23.92,89.38,34.02546666666667,-4.735466666666667,Low,1,False,False,False
2021-09-03,29.91,24.37,89.41,34.00006666666667,-4.090066666666669,Low,1,False,False,False
2021-09-04,30.3,25.52,87.15,33.942933333333336,-3.6429333333333354,Low,1,False,False,False
2021-09-05,32.44,25.13,83.91,33.876000000000005,-1.436000000000007,Low,1,False,False,False
2021-09-06,33.01,24.76,84.59,33.858133333333335,-0.8481333333333367,Low,1,False,False,False
2021-09-07,32.26,25.92,87.35,33.84168888888888,-1.581688888888884,Low,1,False,False,False
2021-09-08,31.04,25.45,86.82,33.781866666666666,-2.7418666666666667,Low,1,False,False,False
2021-09-09,31.06,24.7,87.05,33.717666666666666,-2.6576666666666675,Low,1,False,False,False
2021-09-10,29.91,24.58,88.74,33.6842,-3.774199999999997,Low,1,False,False,False
2021-09-11,28.68,24.99,92.99,33.65893333333334,-4.978933333333337,Low,1,False,False,False
2021-09-12,28.83,24.8,88.72,33.67102222222222,-4.841022222222222,Low,1,False,False,False
2021-09-13,31.7,23.67,82.46,33.67057777777778,-1.9705777777777804,Low,1,False,False,False
2021-09-14,32.58,23.36,79.73,33.681244444444445,-1.101244444444447,Low,1,False,False,False
2021-09-15,32.65,23.11,83.6,33.70724444444444,-1.0572444444444429,Low,1,False,False,False
2021-09-16,30.4,23.8,86.03,33.68386666666667,-3.2838666666666683,Low,1,False,False,False
2021-09-17,29.75,22.93,86.37,33.63984444444444,-3.889844444444442,Low,1,False,False,False
2021-09-18,31.09,23.17,87.1,33.653866666666666,-2.563866666666666,Low,1,False,False,False
2021-09-19,31.36,24.26,86.11,33.68624444444445,-2.3262444444444483,Low,1,False,False,False
2021-09-20,32.66,23.84,85.83,33.73446666666667,-1.0744666666666731,Low,1,False,False,False
2021-09-21,32.0,24.84,85.98,33.76326666666667,-1.7632666666666665,Low,1,False,False,False
2021-09-22,29.19,24.66,91.73,33.785111111111114,-4.5951111111111125,Low,1,False,False,False
2021-09-23,28.89,23.24,88.73,33.812266666666666,-4.9222666666666655,Low,1,False,False,False
2021-09-24,31.14,21.76,83.82,33.852244444444445,-2.712244444444444,Low,1,False,False,False
2021-09-25,31.43,23.65,84.86,33.869955555555556,-2.4399555555555565,Low,1,False,False,False
2021-09-26,30.9,23.64,86.6,33.876977777777775,-2.976977777777776,Low,1,False,False,False
2021-09-27,31.99,22.87,81.98,33.85371111111111,-1.8637111111111118,Low,1,False,False,False
2021-09-28,31.73,23.55,84.15,33.837022222222224,-2.1070222222222235,Low,1,False,False,False
2021-09-29,30.42,23.27,85.82,33.81057777777777,-3.3905777777777715,Low,1,False,False,False
2021-09-30,31.35,23.81,84.59,33.79295555555556,-2.4429555555555567,Low,1,False,False,False
2021-10-01,32.41,24.45,81.8,33.80177777777778,-1.3917777777777829,Low,1,False,False,False
2021-10-02,32.74,24.67,80.0,33.83797777777778,-1.0979777777777784,Low,1,False,False,False
2021-10-03,33.12,23.94,80.49,33.836644444444445,-0.716644444444448,Low,1,False,False,False
2021-10-04,33.26,24.75,73.35,33.79262222222222,-0.5326222222222228,Low,1,False,False,False
2021-10-05,32.95,23.09,79.91,33.739222222222224,-0.7892222222222216,Low,1,False,False,False
2021-10-06,32.2,23.02,81.48,33.674622222222226,-1.474622222222223,Low,1,False,False,False
2021-10-07,31.75,20.77,78.61,33.59664444444444,-1.8466444444444434,Low,1,False,False,False
2021-10-08,32.61,20.3,70.4,33.52768888888889,-0.9176888888888897,Low,1,False,False,False
2021-10-09,33.02,20.12,65.04,33.42704444444445,-0.40704444444444476,Low,1,False,False,False
2021-10-10,33.77,20.99,61.95,33.3528,0.4172000000000011,Low,1,False,False,False
2021-10-11,34.32,19.28,63.19,33.248866666666665,1.0711333333333357,Low,1,False,False,False
2021-10-12,33.61,20.39,66.23,33.1806,0.4294000000000011,Low,1,False,False,False
2021-10-13,32.26,18.53,67.35,33.08891111111111,-0.8289111111111112,Low,1,False,False,False
2021-10-14,31.6,16.07,64.66,33.01328888888889,-1.4132888888888857,Low,1,False,False,False
2021-10-15,33.06,18.04,65.03,32.931422222222224,0.12857777777777812,Low,1,False,False,False
2021-10-16,32.56,19.85,60.81,32.800066666666666,-0.24006666666666376,Low,1,False,False,False
2021-10-17,31.17,22.21,74.57,32.659822222222225,-1.489822222222223,Low,1,False,False,False
2021-10-18,25.33,20.46,93.11,32.51526666666666,-7.185266666666664,Low,1,False,False,False
2021-10-19,27.73,19.44,83.32,32.42591111111111,-4.695911111111112,Low,1,False,False,False
2021-10-20,29.35,16.77,74.72,32.321822222222224,-2.9718222222222224,Low,1,False,False,False
2021-10-21,29.3,14.55,67.54,32.220800000000004,-2.9208000000000034,Low,1,False,False,False
2021-10-22,29.97,15.46,69.17,32.141777777777776,-2.171777777777777,Low,1,False,False,False
2021-10-23,29.52,17.21,80.1,32.04991111111111,-2.529911111111108,Low,1,False,False,False
2021-10-24,27.96,17.87,78.96,31.9858,-4.0258,Low,1,False,False,False
2021-10-25,27.43,17.53,80.04,31.882377777777776,-4.452377777777777,Low,1,False,False,False
2021-10-26,26.54,15.04,72.63,31.814066666666662,-5.274066666666663,Low,1,False,False,False
2021-10-27,26.55,14.58,68.46,31.70722222222222,-5.15722222222222,Low,1,False,False,False
2021-10-28,26.71,13.49,69.23,31.621,-4.910999999999998,Low,1,False,False,False
2021-10-29,27.69,16.19,58.89,31.512844444444443,-3.822844444444442,Low,1,False,False,False
2021-10-30,27.22,13.13,71.35,31.401288888888892,-4.1812888888888935,Low,1,False,False,False
2021-10-31,27.6,12.85,64.25,31.304266666666667,-3.7042666666666655,Low,1,False,False,False
2021-11-01,28.29,12.48,67.24,31.194844444444442,-2.904844444444443,Low,1,False,False,False
2021-11-02,27.13,12.49,73.43,31.099111111111107,-3.9691111111111077,Low,1,False,False,False
2021-11-03,27.19,13.52,74.27,30.972644444444445,-3.7826444444444434,Low,1,False,False,False
2021-11-04,25.93,14.29,70.07,30.84648888888889,-4.916488888888889,Low,1,False,False,False
2021-11-05,25.95,14.4,63.49,30.698422222222224,-4.748422222222224,Low,1,False,False,False
2021-11-06,25.75,12.43,68.92,30.530866666666665,-4.780866666666665,Low,1,False,False,False
2021-11-07,26.22,12.88,68.12,30.36888888888889,-4.148888888888891,Low,1,False,False,False
2021-11-08,26.13,12.55,68.52,30.216711111111113,-4.086711111111114,Low,1,False,False,False
2021-11-09,26.32,12.32,66.82,30.088288888888886,-3.768288888888886,Low,1,False,False,False
2021-11-10,27.27,13.88,60.41,29.936999999999998,-2.666999999999998,Low,1,False,False,False
2021-11-11,27.18,14.48,55.51,29.803711111111113,-2.6237111111111133,Low,1,False,False,False
2021-11-12,25.84,13.96,59.08,29.650355555555556,-3.8103555555555566,Low,1,False,False,False
2021-11-13,25.9,10.67,63.55,29.476444444444443,-3.5764444444444443,Low,1,False,False,False
2021-11-14,25.49,10.5,56.44,29.300555555555555,-3.810555555555556,Low,1,False,False,False
2021-11-15,24.73,11.45,55.82,29.14313333333333,-4.413133333333331,Low,1,False,False,False
2021-11-16,24.4,9.05,59.55,28.98662222222222,-4.586622222222221,Low,1,False,False,False
2021-11-17,23.9,11.1,54.17,28.77284444444444,-4.872844444444443,Low,1,False,False,False
2021-11-18,23.83,10.59,56.22,28.588733333333334,-4.7587333333333355,Low,1,False,False,False
2021-11-19,24.49,10.48,56.13,28.408200000000004,-3.918200000000006,Low,1,False,False,False
2021-11-20,18.02,12.56,74.49,28.232511111111112,-10.212511111111112,Low,1,False,False,False
2021-11-21,25.33,9.78,67.6,28.08188888888889,-2.7518888888888924,Low,1,False,False,False
2021-11-22,25.07,9.23,59.92,27.934555555555555,-2.8645555555555546,Low,1,False,False,False
2021-11-23,24.59,8.31,52.59,27.75091111111111,-3.160911111111112,Low,1,False,False,False
2021-11-24,25.36,9.28,54.77,27.52846666666667,-2.1684666666666708,Low,1,False,False,False
2021-11-25,25.26,8.1,61.67,27.344111111111108,-2.084111111111106,Low,1,False,False,False
2021-11-26,24.75,12.59,56.03,27.173555555555556,-2.4235555555555557,Low,1,False,False,False
2021-11-27,23.18,9.78,69.96,27.019755555555555,-3.8397555555555556,Low,1,False,False,False
2021-11-28,24.53,11.12,66.21,26.90706666666667,-2.3770666666666678,Low,1,False,False,False
2021-11-29,25.14,11.32,61.4,26.79688888888889,-1.65688888888889,Low,1,False,False,False
2021-11-30,24.24,8.71,60.09,26.675022222222218,-2.4350222222222193,Low,1,False,False,False
2021-12-01,18.6,12.06,66.52,26.570155555555555,-7.970155555555554,Low,1,False,False,False
2021-12-02,18.92,10.75,69.75,26.477844444444443,-7.5578444444444415,Low,1,False,False,False
2021-12-03,21.32,9.97,59.67,26.311577777777774,-4.991577777777774,Low,1,False,False,False
2021-12-04,25.03,11.63,52.07,26.14382222222222,-1.1138222222222183,Low,1,False,False,False
2021-12-05,25.38,11.29,61.05,26.005266666666664,-0.6252666666666649,Low,1,False,False,False
2021-12-06,24.43,12.57,71.02,25.860755555555553,-1.4307555555555531,Low,1,False,False,False
2021-12-07,23.53,8.73,66.55,25.690422222222224,-2.1604222222222234,Low,1,False,False,False
2021-12-08,23.23,7.6,57.26,25.55206666666667,-2.322066666666668,Low,1,False,False,False
2021-12-09,22.81,10.39,52.27,25.45042222222222,-2.6404222222222202,Low,1,False,False,False
2021-12-10,22.73,9.42,63.08,25.335266666666666,-2.6052666666666653,Low,1,False,False,False
2021-12-11,22.65,6.73,54.96,25.200733333333332,-2.5507333333333335,Low,1,False,False,False
2021-12-12,21.53,10.59,52.54,25.026177777777775,-3.496177777777774,Low,1,False,False,False
2021-12-13,17.07,8.09,68.96,24.84988888888889,-7.779888888888891,Low,1,False,False,False
2021-12-14,20.71,6.75,67.35,24.67351111111111,-3.96351111111111,Low,1,False,False,False
2021-12-15,21.64,7.22,63.63,24.513511111111107,-2.8735111111111067,Low,1,False,False,False
2021-12-16,20.43,6.81,57.88,24.31308888888889,-3.8830888888888886,Low,1,False,False,False
2021-12-17,18.69,4.26,57.21,24.155755555555555,-5.465755555555553,Low,1,False,False,False
2021-12-18,17.45,2.65,50.5,24.0546,-6.604600000000001,Low,1,False,False,False
2021-12-19,17.77,1.34,50.02,23.948666666666664,-6.178666666666665,Low,1,False,False,False
2021-12-20,18.92,1.3,44.72,23.82611111111111,-4.906111111111109,Low,1,False,False,False
2021-12-21,20.96,6.44,39.03,23.708155555555557,-2.748155555555556,Low,1,False,False,False
2021-12-22,21.65,7.56,43.99,23.624844444444445,-1.9748444444444466,Low,1,False,False,False
2021-12-23,21.52,7.33,50.91,23.505444444444446,-1.9854444444444468,Low,1,False,False,False
2021-12-24,22.16,6.68,58.81,23.33804444444445,-1.1780444444444491,Low,1,False,False,False
2021-12-25,21.44,8.64,57.25,23.18155555555556,-1.741555555555557,Low,1,False,False,False
2021-12-26,19.2,9.23,65.98,23.04928888888889,-3.849288888888889,Low,1,False,False,False
2021-12-27,21.9,10.75,69.4,22.9332,-1.0332000000000008,Low,1,False,False,False
2021-12-28,19.79,10.74,75.1,22.826666666666668,-3.036666666666669,Low,1,False,False,False
2021-12-29,20.92,7.76,68.88,22.74795555555556,-1.8279555555555582,Low,1,False,False,False
2021-12-30,19.09,5.1,48.55,22.659,-3.568999999999999,Low,1,False,False,False
2021-12-31,19.2,4.31,52.23,22.60408888888889,-3.4040888888888894,Low,1,False,False,False
2022-01-01,20.06,4.74,51.69,22.535333333333337,-2.4753333333333387,Low,1,False,False,False
2022-01-02,21.01,6.8,53.86,22.474777777777778,-1.4647777777777762,Low,1,False,False,False
2022-01-03,21.62,7.12,50.34,22.452133333333336,-0.832133333333335,Low,1,False,False,False
2022-01-04,23.64,9.08,48.2,22.437755555555558,1.2022444444444425,Low,1,False,False,False
2022-01-05,16.92,10.83,68.57,22.431400000000004,-5.511400000000002,Low,1,False,False,False
2022-01-06,17.47,10.53,86.68,22.391222222222222,-4.921222222222223,Low,1,False,False,False
2022-01-07,19.06,10.84,88.36,22.42482222222222,-3.364822222222223,Low,1,False,False,False
2022-01-08,18.3,12.87,91.91,22.491222222222223,-4.191222222222223,Low,1,False,False,False
2022-01-09,18.94,10.31,91.16,22.51342222222222,-3.57342222222222,Low,1,False,False,False
2022-01-10,17.6,6.34,81.0,22.509244444444445,-4.909244444444443,Low,1,False,False,False
2022-01-11,18.17,4.52,75.84,22.535800000000002,-4.3658,Low,1,False,False,False
2022-01-12,18.01,4.8,77.28,22.5652,-4.555199999999999,Low,1,False,False,False
2022-01-13,17.82,6.18,75.83,22.58406666666666,-4.764066666666661,Low,1,False,False,False
2022-01-14,17.8,6.69,78.08,22.604177777777775,-4.804177777777774,Low,1,False,False,False
2022-01-15,17.92,4.95,78.34,22.64688888888889,-4.726888888888887,Low,1,False,False,False
2022-01-16,17.98,4.26,69.72,22.71151111111111,-4.731511111111111,Low,1,False,False,False
2022-01-17,17.37,5.57,70.24,22.784866666666662,-5.414866666666661,Low,1,False,False,False
2022-01-18,18.53,3.97,76.04,22.887088888888886,-4.357088888888885,Low,1,False,False,False
2022-01-19,16.65,4.84,77.95,23.033711111111106,-6.383711111111108,Low,1,False,False,False
2022-01-20,18.12,7.67,78.1,23.159355555555553,-5.039355555555552,Low,1,False,False,False
2022-01-21,20.18,8.64,77.23,23.260111111111115,-3.0801111111111155,Low,1,False,False,False
2022-01-22,13.83,8.17,89.11,23.339355555555557,-9.509355555555556,Low,1,False,False,False
2022-01-23,15.79,9.27,87.92,23.456488888888885,-7.666488888888885,Low,1,False,False,False
2022-01-24,15.81,4.78,80.61,23.577688888888886,-7.767688888888886,Low,1,False,False,False
2022-01-25,16.16,5.09,82.9,23.7166,-7.5565999999999995,Low,1,False,False,False
2022-01-26,16.38,5.17,82.38,23.872511111111113,-7.492511111111114,Low,1,False,False,False
2022-01-27,18.62,4.17,73.47,24.0528,-5.4328,Low,1,False,False,False
2022-01-28,19.47,3.37,63.86,24.255044444444444,-4.785044444444445,Low,1,False,False,False
2022-01-29,20.99,4.1,61.96,24.43764444444444,-3.4476444444444425,Low,1,False,False,False
2022-01-30,22.13,5.78,67.69,24.64611111111111,-2.516111111111112,Low,1,False,False,False
2022-01-31,23.47,7.43,60.51,24.836555555555556,-1.366555555555557,Low,1,False,False,False
2022-02-01,23.27,8.61,62.99,24.962155555555558,-1.6921555555555585,Low,1,False,False,False
2022-02-02,21.74,5.14,60.32,25.038933333333333,-3.298933333333334,Low,1,False,False,False
2022-02-03,18.02,7.87,72.66,25.05077777777778,-7.030777777777779,Low,1,False,False,False
2022-02-04,16.97,7.18,85.13,25.08062222222222,-8.110622222222222,Low,1,False,False,False
2022-02-05,19.58,5.05,71.1,25.21828888888889,-5.638288888888891,Low,1,False,False,False
2022-02-06,21.46,5.56,58.74,25.346244444444448,-3.886244444444447,Low,1,False,False,False
2022-02-07,23.83,6.11,60.52,25.447022222222223,-1.617022222222225,Low,1,False,False,False
2022-02-08,23.79,10.39,66.26,25.5608,-1.7708000000000013,Low,1,False,False,False
2022-02-09,17.78,10.73,88.45,25.69815555555556,-7.918155555555558,Low,1,False,False,False
2022-02-10,21.27,6.19,73.3,25.818933333333334,-4.548933333333334,Low,1,False,False,False
2022-02-11,20.87,6.01,63.74,25.900955555555555,-5.030955555555554,Low,1,False,False,False
2022-02-12,22.87,5.26,57.62,25.980733333333333,-3.1107333333333322,Low,1,False,False,False
2022-02-13,23.82,7.78,49.79,26.121555555555556,-2.301555555555556,Low,1,False,False,False
2022-02-14,24.12,8.29,54.54,26.23182222222222,-2.1118222222222194,Low,1,False,False,False
2022-02-15,24.89,8.43,57.54,26.372622222222223,-1.482622222222222,Low,1,False,False,False
2022-02-16,25.47,10.19,55.11,26.5314,-1.0614000000000026,Low,1,False,False,False
2022-02-17,25.77,9.48,55.68,26.72222222222222,-0.9522222222222219,Low,1,False,False,False
2022-02-18,26.72,10.01,51.73,26.923044444444443,-0.20304444444444414,Low,1,False,False,False
2022-02-19,25.34,9.0,55.98,27.12337777777778,-1.7833777777777797,Low,1,False,False,False
2022-02-20,24.17,8.31,55.86,27.301733333333335,-3.131733333333333,Low,1,False,False,False
2022-02-21,25.85,6.95,47.17,27.478200000000005,-1.6282000000000032,Low,1,False,False,False
2022-02-22,27.13,8.74,52.83,27.628056206088992,-0.49805620608899304,Low,1,False,False,False
2022-02-23,23.8,10.25,61.15,27.868032786885248,-4.068032786885247,Low,1,False,False,False
2022-02-24,25.91,10.26,63.03,28.07224824355972,-2.16224824355972,Low,1,False,False,False
2022-02-25,27.85,12.2,55.2,28.334262295081967,-0.4842622950819653,Low,1,False,False,False
2022-02-26,24.23,11.25,64.97,28.601615925058546,-4.371615925058546,Low,1,False,False,False
2022-02-27,25.71,11.17,63.0,28.863559718969555,-3.1535597189695537,Low,1,False,False,False
2022-02-28,25.64,8.25,57.24,29.11730679156909,-3.477306791569088,Low,1,False,False,False
2022-03-01,27.06,9.13,47.73,29.60613583138173,-2.546135831381733,Low,1,False,False,False
2022-03-02,27.45,12.08,48.71,29.87288056206089,-2.4228805620608895,Low,1,False,False,False
2022-03-03,28.87,12.03,48.23,30.130163934426232,-1.260163934426231,Low,1,False,False,False
2022-03-04,27.14,12.83,58.76,30.42782201405152,-3.287822014051521,Low,1,False,False,False
2022-03-05,28.2,10.11,57.04,30.675995316159256,-2.4759953161592563,Low,1,False,False,False
2022-03-06,27.01,12.51,48.31,30.9004449648712,-3.8904449648711967,Low,1,False,False,False
2022-03-07,29.63,14.27,46.45,31.094121779859485,-1.4641217798594859,Low,1,False,False,False
2022-03-08,31.12,15.03,46.47,31.1864,-0.06639999999999802,Low,1,False,False,False
2022-03-09,32.17,13.2,46.1,31.4392,0.7308000000000021,Low,1,False,False,False
2022-03-10,30.77,13.81,47.65,31.7304,-0.9603999999999999,Low,1,False,False,False
2022-03-11,31.56,13.89,49.44,31.999466666666663,-0.43946666666666445,Low,1,False,False,False
2022-03-12,31.69,12.86,45.53,32.2746,-0.5845999999999982,Low,1,False,False,False
2022-03-13,33.64,15.81,43.0,32.522,1.118000000000002,Low,1,False,False,False
2022-03-14,34.36,17.92,45.33,32.714844444444445,1.6451555555555544,Low,1,False,False,False
2022-03-15,36.16,19.05,46.54,32.89988888888889,3.260111111111108,Low,1,False,False,False
2022-03-16,37.24,16.94,44.93,33.123022222222225,4.116977777777777,Moderate,1,True,False,False
2022-03-17,36.46,17.14,45.29,33.33011111111111,3.1298888888888925,Low,1,False,False,False
2022-03-18,36.44,19.34,49.39,33.50428888888889,2.935711111111111,Low,1,False,False,False
2022-03-19,37.51,19.73,41.2,33.67991111111111,3.8300888888888878,Moderate,1,True,False,False
2022-03-20,38.85,20.36,36.97,33.88886666666667,4.961133333333329,Moderate,2,True,False,False
2022-03-21,37.42,21.9,36.23,34.141866666666665,3.2781333333333365,Low,1,False,False,False
2022-03-22,37.05,18.86,36.66,34.41535555555556,2.63464444444444,Low,1,False,False,False
2022-03-23,37.22,17.76,31.33,34.6516,2.568399999999997,Low,1,False,False,False
2022-03-24,36.59,20.28,32.83,34.84142222222223,1.7485777777777756,Low,1,False,False,False
2022-03-25,37.21,18.42,32.66,34.99291111111111,2.217088888888888,Low,1,False,False,False
2022-03-26,36.84,17.21,30.66,35.14222222222222,1.6977777777777803,Low,1,False,False,False
2022-03-27,38.83,15.73,25.49,35.28031111111111,3.5496888888888876,Moderate,1,False,False,False
2022-03-28,39.05,19.76,21.92,35.43346666666667,3.6165333333333294,Moderate,1,False,False,False
2022-03-29,40.91,20.07,24.92,35.61944444444445,5.2905555555555495,Extreme,1,True,True,False
2022-03-30,40.87,21.36,24.41,35.83931111111111,5.030688888888889,High,2,True,True,False
2022-03-31,41.26,19.8,27.67,36.04628888888888,5.213711111111117,Extreme,3,True,True,False
2022-04-01,39.02,19.49,24.84,36.27857777777778,2.7414222222222264,Moderate,1,False,False,False
2022-04-02,39.79,20.52,20.27,36.52422222222223,3.265777777777771,Moderate,1,False,False,False
2022-04-03,41.15,18.09,18.98,36.733377777777775,4.416622222222223,Moderate,1,True,False,False
2022-04-04,40.35,20.44,17.78,36.97615555555555,3.373844444444451,Moderate,1,False,False,False
2022-04-05,40.85,19.9,19.83,37.18664444444445,3.6633555555555546,Moderate,1,False,False,False
2022-04-06,41.27,21.23,18.38,37.409155555555564,3.8608444444444387,Moderate,1,False,False,False
2022-04-07,41.7,22.96,17.95,37.60075555555556,4.0992444444444445,Moderate,1,True,False,False
2022-04-08,42.9,23.92,17.08,37.809333333333335,5.090666666666664,High,2,True,True,False
2022-04-09,43.38,26.43,15.61,38.03431111111111,5.345688888888894,Extreme,3,True,True,False
2022-04-10,43.82,23.17,17.08,38.20848888888889,5.611511111111113,Extreme,4,True,True,False
2022-04-11,43.78,24.61,15.69,38.400977777777776,5.3790222222222255,Extreme,5,True,True,False
2022-04-12,42.93,27.51,14.35,38.63024444444444,4.299755555555556,Moderate,6,True,False,False
2022-04-13,41.9,22.68,18.04,38.87571111111111,3.02428888888889,Moderate,1,False,False,False
2022-04-14,41.73,22.84,17.32,39.07668888888889,2.6533111111111083,Moderate,1,False,False,False
2022-04-15,41.43,22.94,18.63,39.27815555555555,2.1518444444444498,Moderate,1,False,False,False
2022-04-16,41.9,23.74,14.92,39.456488888888885,2.443511111111114,Moderate,1,False,False,False
2022-04-17,42.23,21.97,16.6,39.64866666666667,2.581333333333326,Moderate,1,False,False,False
2022-04-18,43.82,23.24,14.1,39.89935555555555,3.9206444444444486,Moderate,1,True,False,False
2022-04-19,43.86,26.59,14.11,40.11044444444445,3.7495555555555526,Moderate,2,True,False,False
2022-04-20,43.29,25.97,17.46,40.290644444444446,2.999355555555553,Moderate,1,False,False,False
2022-04-21,35.69,25.52,30.48,40.50011111111111,-4.810111111111112,Low,1,False,False,False
2022-04-22,40.53,23.22,27.41,40.71031111111112,-0.18031111111111642,Moderate,1,False,False,False
2022-04-23,41.29,24.0,16.62,40.933755555555564,0.35624444444443526,Moderate,1,False,False,False
2022-04-24,41.88,23.63,16.62,41.10231111111111,0.7776888888888891,Moderate,1,False,False,False
2022-04-25,42.74,24.61,15.76,41.282799999999995,1.4572000000000074,Moderate,1,False,False,False
2022-04-26,43.09,27.84,14.87,41.434333333333335,1.6556666666666686,Moderate,1,False,False,False
2022-04-27,43.93,26.59,11.9,41.52704444444444,2.4029555555555575,Moderate,1,False,False,False
2022-04-28,45.85,26.26,10.67,41.64384444444444,4.206155555555561,Extreme,1,True,True,False
2022-04-29,46.22,26.98,13.12,41.76173333333333,4.458266666666667,Extreme,2,True,True,False
2022-04-30,45.85,26.75,10.88,41.832,4.018000000000001,High,3,True,True,False
2022-05-01,44.19,27.73,13.41,41.93557777777777,2.2544222222222245,Moderate,1,False,False,False
2022-05-02,43.62,27.17,19.12,42.023155555555554,1.596844444444443,Moderate,1,False,False,False
2022-05-03,42.45,26.89,22.8,42.078399999999995,0.3716000000000079,Moderate,1,False,False,False
2022-05-04,42.49,28.41,24.61,42.13955555555556,0.35044444444444167,Moderate,1,False,False,False
2022-05-05,39.22,26.15,34.95,42.21975555555555,-2.999755555555552,Moderate,1,False,False,False
2022-05-06,41.29,26.5,28.74,42.26844444444445,-0.9784444444444489,Moderate,1,False,False,False
2022-05-07,41.89,27.26,24.03,42.34897777777778,-0.4589777777777826,Moderate,1,False,False,False
2022-05-08,42.61,26.47,20.21,42.40802222222222,0.2019777777777776,Moderate,1,False,False,False
2022-05-09,42.29,26.6,27.55,42.520022222222224,-0.23002222222222457,Moderate,1,False,False,False
2022-05-10,41.89,28.37,33.02,42.63426666666666,-0.7442666666666611,Moderate,1,False,False,False
2022-05-11,43.02,28.28,31.65,42.76553333333334,0.25446666666666573,Moderate,1,False,False,False
2022-05-12,44.44,29.97,28.59,42.900955555555555,1.5390444444444427,Moderate,1,False,False,False
2022-05-13,46.21,28.71,19.95,42.971399999999996,3.2386000000000053,High,1,True,True,False
2022-05-14,47.11,29.78,12.47,43.02808888888889,4.081911111111111,Extreme,2,True,True,True
2022-05-15,47.49,28.66,10.53,43.13562222222222,4.354377777777785,Extreme,3,True,True,True
2022-05-16,44.58,29.48,13.64,43.21666666666667,1.3633333333333297,Moderate,1,False,False,False
2022-05-17,43.95,27.4,15.13,43.31635555555556,0.6336444444444425,Moderate,1,False,False,False
2022-05-18,43.69,28.52,16.75,43.413399999999996,0.27660000000000196,Moderate,1,False,False,False
2022-05-19,45.5,28.77,16.1,43.49088888888889,2.0091111111111104,High,1,False,True,False
2022-05-20,46.78,29.97,14.61,43.546400000000006,3.2335999999999956,High,1,True,True,False
2022-05-21,44.37,27.92,22.12,43.60217777777778,0.7678222222222146,Moderate,1,False,False,False
2022-05-22,42.62,25.71,21.34,43.64451111111111,-1.02451111111111,Moderate,1,False,False,False
2022-05-23,38.03,23.6,39.39,43.66228888888889,-5.632288888888887,Moderate,1,False,False,False
2022-05-24,34.34,23.01,54.26,43.66553333333333,-9.325533333333325,Low,1,False,False,False
2022-05-25,36.93,24.2,44.22,43.63744444444444,-6.707444444444441,Low,1,False,False,False
2022-05-26,39.03,25.02,39.34,43.628688888888895,-4.598688888888894,Moderate,1,False,False,False
2022-05-27,40.72,26.88,37.21,43.6098,-2.889800000000001,Moderate,1,False,False,False
2022-05-28,43.53,29.5,33.59,43.64233333333333,-0.11233333333333206,Moderate,1,False,False,False
2022-05-29,42.91,26.44,33.99,43.70124444444444,-0.7912444444444446,Moderate,1,False,False,False
2022-05-30,41.86,26.29,39.21,43.729311111111116,-1.8693111111111165,Moderate,1,False,False,False
2022-05-31,41.53,26.29,30.13,43.714000000000006,-2.1840000000000046,Moderate,1,False,False,False
2022-06-01,44.39,29.28,23.79,43.662400000000005,0.7275999999999954,Moderate,1,False,False,False
2022-06-02,43.69,27.2,21.66,43.63302222222222,0.05697777777777446,Moderate,1,False,False,False
2022-06-03,44.32,28.53,19.68,43.60995555555555,0.7100444444444491,Moderate,1,False,False,False
2022-06-04,44.77,29.55,16.84,43.5666,1.203400000000002,Moderate,1,False,False,False
2022-06-05,45.01,27.47,19.28,43.53282222222222,1.4771777777777757,High,1,False,True,False
2022-06-06,44.58,28.53,15.24,43.49028888888889,1.0897111111111073,Moderate,1,False,False,False
2022-06-07,45.91,30.49,15.74,43.47284444444444,2.437155555555556,High,1,False,True,False
2022-06-08,45.26,29.36,17.91,43.43511111111112,1.8248888888888786,High,1,False,True,False
2022-06-09,45.13,29.52,18.98,43.40673333333333,1.7232666666666745,High,1,False,True,False
2022-06-10,45.55,30.67,20.43,43.328399999999995,2.2216000000000022,High,1,False,True,False
2022-06-11,45.96,29.65,20.46,43.27304444444445,2.6869555555555493,High,1,False,True,False
2022-06-12,46.01,30.59,20.51,43.14535555555556,2.864644444444437,High,1,False,True,False
2022-06-13,45.91,32.15,20.56,43.023133333333334,2.8868666666666627,High,1,False,True,False
2022-06-14,44.23,32.7,31.84,42.9322,1.2977999999999952,Moderate,1,False,False,False
2022-06-15,44.86,32.44,32.0,42.91224444444445,1.9477555555555526,Moderate,1,False,False,False
2022-06-16,42.87,31.75,35.62,42.85815555555555,0.01184444444444921,Moderate,1,False,False,False
2022-06-17,37.71,29.81,55.03,42.73677777777778,-5.026777777777781,Low,1,False,False,False
2022-06-18,36.33,27.23,57.97,42.58573333333334,-6.255733333333339,Low,1,False,False,False
2022-06-19,35.65,25.54,58.84,42.45753333333333,-6.807533333333332,Low,1,False,False,False
2022-06-20,38.45,26.42,41.42,42.30004444444445,-3.8500444444444497,Moderate,1,False,False,False
2022-06-21,37.61,26.68,41.32,42.15328888888889,-4.543288888888888,Low,1,False,False,False
2022-06-22,39.72,27.75,41.08,41.95037777777778,-2.2303777777777825,Moderate,1,False,False,False
2022-06-23,40.58,27.62,38.36,41.75326666666667,-1.1732666666666702,Moderate,1,False,False,False
2022-06-24,41.38,25.16,31.36,41.62502222222223,-0.24502222222222514,Moderate,1,False,False,False
2022-06-25,42.03,26.95,28.69,41.52491111111111,0.505088888888892,Moderate,1,False,False,False
2022-06-26,42.0,27.34,30.69,41.37497777777777,0.6250222222222277,Moderate,1,False,False,False
2022-06-27,41.52,31.07,42.39,41.24328888888888,0.27671111111112623,Moderate,1,False,False,False
2022-06-28,43.58,32.1,37.93,41.07826666666667,2.501733333333327,Moderate,1,False,False,False
2022-06-29,44.75,32.35,39.37,40.90608888888888,3.843911111111119,Moderate,1,False,False,False
2022-06-30,34.48,27.31,74.53,40.65440000000001,-6.174400000000013,Low,1,False,False,False
2022-07-01,35.91,26.35,70.42,40.44744444444445,-4.5374444444444535,Low,1,False,False,False
2022-07-02,37.55,27.16,60.74,40.257533333333335,-2.7075333333333376,Low,1,False,False,False
2022-07-03,38.59,28.37,56.24,40.092933333333335,-1.5029333333333312,Moderate,1,False,False,False
2022-07-04,39.03,29.83,54.6,39.89702222222222,-0.8670222222222179,Moderate,1,False,False,False
2022-07-05,36.82,29.98,53.58,39.696244444444446,-2.8762444444444455,Low,1,False,False,False
2022-07-06,39.95,28.94,49.95,39.465066666666665,0.48493333333333766,Moderate,1,False,False,False
2022-07-07,40.63,30.04,48.39,39.2772,1.352800000000002,Moderate,1,False,False,False
2022-07-08,41.88,30.76,45.96,39.08133333333333,2.7986666666666693,Moderate,1,False,False,False
2022-07-09,35.71,28.84,55.44,38.83677777777778,-3.1267777777777823,Low,1,False,False,False
2022-07-10,38.69,27.41,57.0,38.58848888888889,0.10151111111110822,Moderate,1,False,False,False
2022-07-11,39.9,28.72,52.85,38.39811111111111,1.5018888888888853,Moderate,1,False,False,False
2022-07-12,37.42,29.9,59.13,38.20135555555556,-0.7813555555555567,Low,1,False,False,False
2022-07-13,39.57,28.78,54.07,38.00042222222223,1.5695777777777735,Moderate,1,False,False,False
2022-07-14,40.27,29.37,51.59,37.76537777777777,2.504622222222231,Moderate,1,False,False,False
2022-07-15,40.64,30.26,46.73,37.570044444444434,3.069955555555566,Moderate,1,False,False,False
2022-07-16,37.05,28.92,56.32,37.38737777777778,-0.3373777777777818,Low,1,False,False,False
2022-07-17,40.16,28.97,53.58,37.219022222222215,2.940977777777782,Moderate,1,False,False,False
2022-07-18,41.95,28.83,51.19,37.06086666666666,4.889133333333341,High,1,False,True,False
2022-07-19,41.85,30.04,51.94,36.912577777777784,4.937422222222217,High,1,False,True,False
2022-07-20,34.53,29.72,70.18,36.76746666666667,-2.23746666666667,Low,1,False,False,False
2022-07-21,30.73,27.75,81.61,36.61904444444444,-5.8890444444444405,Low,1,False,False,False
2022-07-22,36.08,26.86,68.34,36.49357777777778,-0.4135777777777818,Low,1,False,False,False
2022-07-23,36.93,26.81,70.18,36.39324444444444,0.5367555555555583,Low,1,False,False,False
2022-07-24,34.54,27.69,67.0,36.31066666666666,-1.7706666666666635,Low,1,False,False,False
2022-07-25,35.47,26.96,63.86,36.208933333333334,-0.7389333333333354,Low,1,False,False,False
2022-07-26,35.66,26.34,69.13,36.05451111111111,-0.3945111111111146,Low,1,False,False,False
2022-07-27,35.06,26.54,67.08,35.91702222222222,-0.8570222222222199,Low,1,False,False,False
2022-07-28,33.86,26.44,77.7,35.76773333333333,-1.9077333333333328,Low,1,False,False,False
2022-07-29,32.79,26.84,78.73,35.6622,-2.8721999999999994,Low,1,False,False,False
2022-07-30,33.14,26.76,77.14,35.55608888888889,-2.4160888888888863,Low,1,False,False,False
2022-07-31,34.31,26.31,74.0,35.45731111111111,-1.147311111111108,Low,1,False,False,False
2022-08-01,34.32,26.88,76.28,35.36017777777778,-1.040177777777778,Low,1,False,False,False
2022-08-02,37.0,25.88,69.04,35.27460000000001,1.7253999999999934,Low,1,False,False,False
2022-08-03,35.95,27.36,65.37,35.2078,0.742200000000004,Low,1,False,False,False
2022-08-04,35.01,27.04,72.74,35.15853333333333,-0.14853333333333296,Low,1,False,False,False
2022-08-05,34.53,26.48,73.22,35.105244444444445,-0.5752444444444436,Low,1,False,False,False
2022-08-06,36.46,26.74,69.44,35.03131111111111,1.4286888888888924,Low,1,False,False,False
2022-08-07,30.36,26.93,80.31,34.92608888888889,-4.566088888888892,Low,1,False,False,False
2022-08-08,36.09,25.97,70.55,34.80277777777778,1.2872222222222263,Low,1,False,False,False
2022-08-09,36.94,27.64,65.84,34.71373333333334,2.2262666666666604,Low,1,False,False,False
2022-08-10,39.08,27.6,58.98,34.68682222222222,4.39317777777778,Moderate,1,False,False,False
2022-08-11,35.07,27.51,67.52,34.692822222222226,0.3771777777777743,Low,1,False,False,False
2022-08-12,37.64,26.01,61.73,34.64324444444444,2.996755555555559,Low,1,False,False,False
2022-08-13,38.03,26.23,62.51,34.61568888888889,3.414311111111111,Moderate,1,False,False,False
2022-08-14,35.79,27.37,67.19,34.593177777777775,1.1968222222222238,Low,1,False,False,False
2022-08-15,32.87,25.77,72.1,34.55428888888889,-1.6842888888888936,Low,1,False,False,False
2022-08-16,34.32,26.89,67.42,34.51386666666667,-0.19386666666667196,Low,1,False,False,False
2022-08-17,35.87,25.68,65.89,34.4648,1.4052000000000007,Low,1,False,False,False
2022-08-18,37.18,26.59,63.11,34.3954,2.7845999999999975,Low,1,False,False,False
2022-08-19,36.97,26.97,64.2,34.325044444444444,2.644955555555555,Low,1,False,False,False
2022-08-20,32.91,27.75,68.16,34.306688888888885,-1.3966888888888889,Low,1,False,False,False
2022-08-21,36.16,25.86,60.06,34.28442222222222,1.875577777777778,Low,1,False,False,False
2022-08-22,38.35,26.72,61.29,34.269244444444446,4.080755555555555,Moderate,1,False,False,False
2022-08-23,36.52,26.86,62.5,34.26082222222222,2.2591777777777864,Low,1,False,False,False
2022-08-24,36.25,25.87,65.17,34.28026666666666,1.9697333333333376,Low,1,False,False,False
2022-08-25,37.35,25.24,60.99,34.25842222222222,3.091577777777779,Low,1,False,False,False
2022-08-26,36.65,26.39,60.74,34.20153333333333,2.4484666666666683,Low,1,False,False,False
2022-08-27,37.31,27.04,59.53,34.22771111111111,3.0822888888888897,Low,1,False,False,False
2022-08-28,37.83,25.93,56.93,34.18877777777778,3.6412222222222184,Low,1,False,False,False
2022-08-29,36.51,27.23,57.25,34.1558,2.3541999999999987,Low,1,False,False,False
2022-08-30,36.8,26.05,65.19,34.111422222222224,2.6885777777777733,Low,1,False,False,False
2022-08-31,39.32,27.12,57.54,34.0478,5.272199999999998,Moderate,1,True,False,False
2022-09-01,38.45,28.04,57.59,34.026466666666664,4.423533333333339,Moderate,1,False,False,False
2022-09-02,36.28,28.85,57.34,34.02546666666667,2.2545333333333346,Low,1,False,False,False
2022-09-03,38.39,27.1,54.97,34.00006666666667,4.389933333333332,Moderate,1,False,False,False
2022-09-04,39.97,27.11,50.68,33.942933333333336,6.027066666666663,Moderate,1,True,False,False
2022-09-05,38.58,26.6,54.32,33.876000000000005,4.7039999999999935,Moderate,2,True,False,False
2022-09-06,38.9,27.03,51.71,33.858133333333335,5.041866666666664,Moderate,3,True,False,False
2022-09-07,39.78,26.91,49.65,33.84168888888888,5.938311111111119,Moderate,4,True,False,False
2022-09-08,39.1,25.77,50.67,33.781866666666666,5.318133333333336,Moderate,5,True,False,False
2022-09-09,38.49,26.33,52.12,33.717666666666666,4.772333333333336,Moderate,6,True,False,False
2022-09-10,36.55,26.95,65.32,33.6842,2.8658,Low,1,False,False,False
2022-09-11,36.64,27.22,63.53,33.65893333333334,2.9810666666666634,Low,1,False,False,False
2022-09-12,35.83,26.77,60.07,33.67102222222222,2.1589777777777783,Low,1,False,False,False
2022-09-13,37.26,25.73,60.18,33.67057777777778,3.5894222222222183,Low,1,False,False,False
2022-09-14,34.6,26.2,64.6,33.681244444444445,0.9187555555555562,Low,1,False,False,False
2022-09-15,32.9,24.58,80.04,33.70724444444444,-0.8072444444444429,Low,1,False,False,False
2022-09-16,31.52,24.0,82.39,33.68386666666667,-2.1638666666666673,Low,1,False,False,False
2022-09-17,35.57,23.47,69.68,33.63984444444444,1.930155555555558,Low,1,False,False,False
2022-09-18,36.07,23.85,65.33,33.653866666666666,2.4161333333333346,Low,1,False,False,False
2022-09-19,35.0,25.28,66.75,33.68624444444445,1.3137555555555522,Low,1,False,False,False
2022-09-20,34.86,25.17,74.24,33.73446666666667,1.1255333333333297,Low,1,False,False,False
2022-09-21,33.02,25.54,78.67,33.76326666666667,-0.7432666666666634,Low,1,False,False,False
2022-09-22,31.02,25.19,87.84,33.785111111111114,-2.765111111111114,Low,1,False,False,False
2022-09-23,29.39,25.35,89.98,33.812266666666666,-4.4222666666666655,Low,1,False,False,False
2022-09-24,28.99,24.68,90.98,33.852244444444445,-4.862244444444446,Low,1,False,False,False
2022-09-25,30.62,24.3,82.97,33.869955555555556,-3.2499555555555553,Low,1,False,False,False
2022-09-26,31.31,22.98,83.96,33.876977777777775,-2.566977777777776,Low,1,False,False,False
2022-09-27,31.88,21.98,80.53,33.85371111111111,-1.9737111111111112,Low,1,False,False,False
2022-09-28,32.3,23.48,77.51,33.837022222222224,-1.5370222222222267,Low,1,False,False,False
2022-09-29,31.75,23.58,78.98,33.81057777777777,-2.060577777777773,Low,1,False,False,False
2022-09-30,31.36,22.39,82.0,33.79295555555556,-2.4329555555555586,Low,1,False,False,False
2022-10-01,32.31,23.16,74.76,33.80177777777778,-1.4917777777777772,Low,1,False,False,False
2022-10-02,32.52,22.3,73.05,33.83797777777778,-1.3179777777777772,Low,1,False,False,False
2022-10-03,31.87,19.79,75.61,33.836644444444445,-1.9666444444444444,Low,1,False,False,False
2022-10-04,32.28,20.02,72.23,33.79262222222222,-1.5126222222222196,Low,1,False,False,False
2022-10-05,32.88,23.43,76.26,33.739222222222224,-0.8592222222222219,Low,1,False,False,False
2022-10-06,29.56,22.26,86.38,33.674622222222226,-4.114622222222227,Low,1,False,False,False
2022-10-07,27.25,22.78,91.74,33.59664444444444,-6.346644444444443,Low,1,False,False,False
2022-10-08,26.63,23.33,93.26,33.52768888888889,-6.89768888888889,Low,1,False,False,False
2022-10-09,26.01,22.73,94.75,33.42704444444445,-7.417044444444446,Low,1,False,False,False
2022-10-10,28.8,21.31,90.14,33.3528,-4.552800000000001,Low,1,False,False,False
2022-10-11,29.28,20.64,81.36,33.248866666666665,-3.9688666666666634,Low,1,False,False,False
2022-10-12,29.57,20.09,79.6,33.1806,-3.610599999999998,Low,1,False,False,False
2022-10-13,28.96,18.28,80.26,33.08891111111111,-4.128911111111108,Low,1,False,False,False
2022-10-14,28.6,16.97,78.83,33.01328888888889,-4.413288888888886,Low,1,False,False,False
2022-10-15,29.1,17.2,71.25,32.931422222222224,-3.8314222222222227,Low,1,False,False,False
2022-10-16,30.13,18.41,63.27,32.800066666666666,-2.670066666666667,Low,1,False,False,False
2022-10-17,29.21,18.02,66.79,32.659822222222225,-3.449822222222224,Low,1,False,False,False
2022-10-18,29.86,17.88,60.22,32.51526666666666,-2.6552666666666624,Low,1,False,False,False
2022-10-19,30.7,16.93,68.26,32.42591111111111,-1.7259111111111132,Low,1,False,False,False
2022-10-20,30.13,15.92,71.88,32.321822222222224,-2.191822222222225,Low,1,False,False,False
2022-10-21,30.29,16.46,64.43,32.220800000000004,-1.930800000000005,Low,1,False,False,False
2022-10-22,28.27,18.69,65.23,32.141777777777776,-3.871777777777776,Low,1,False,False,False
2022-10-23,28.44,15.99,61.67,32.04991111111111,-3.6099111111111064,Low,1,False,False,False
2022-10-24,28.97,15.29,68.06,31.9858,-3.0158000000000023,Low,1,False,False,False
2022-10-25,28.58,14.06,66.29,31.882377777777776,-3.302377777777778,Low,1,False,False,False
2022-10-26,29.31,17.01,60.89,31.814066666666662,-2.504066666666663,Low,1,False,False,False
2022-10-27,29.9,17.05,62.56,31.70722222222222,-1.8072222222222223,Low,1,False,False,False
2022-10-28,29.57,17.19,66.16,31.621,-2.0509999999999984,Low,1,False,False,False
2022-10-29,29.24,16.93,60.24,31.512844444444443,-2.272844444444445,Low,1,False,False,False
2022-10-30,28.08,16.95,56.42,31.401288888888892,-3.321288888888894,Low,1,False,False,False
2022-10-31,28.89,16.02,61.93,31.304266666666667,-2.4142666666666663,Low,1,False,False,False
2022-11-01,29.35,16.11,71.77,31.194844444444442,-1.8448444444444405,Low,1,False,False,False
2022-11-02,28.61,16.64,77.83,31.099111111111107,-2.4891111111111073,Low,1,False,False,False
2022-11-03,29.22,14.92,74.07,30.972644444444445,-1.7526444444444458,Low,1,False,False,False
2022-11-04,29.82,17.17,76.75,30.84648888888889,-1.0264888888888883,Low,1,False,False,False
2022-11-05,25.84,16.69,88.03,30.698422222222224,-4.858422222222224,Low,1,False,False,False
2022-11-06,27.49,16.13,86.38,30.530866666666665,-3.040866666666666,Low,1,False,False,False
2022-11-07,26.51,18.48,84.69,30.36888888888889,-3.858888888888888,Low,1,False,False,False
2022-11-08,25.14,17.39,83.85,30.216711111111113,-5.076711111111113,Low,1,False,False,False
2022-11-09,26.71,17.14,76.08,30.088288888888886,-3.3782888888888856,Low,1,False,False,False
2022-11-10,27.91,16.35,72.78,29.936999999999998,-2.0269999999999975,Low,1,False,False,False
2022-11-11,26.41,13.14,73.22,29.803711111111113,-3.393711111111113,Low,1,False,False,False
2022-11-12,26.7,11.71,67.72,29.650355555555556,-2.950355555555557,Low,1,False,False,False
2022-11-13,25.83,11.82,64.46,29.476444444444443,-3.6464444444444446,Low,1,False,False,False
2022-11-14,27.05,14.72,66.62,29.300555555555555,-2.250555555555554,Low,1,False,False,False
2022-11-15,27.4,12.81,73.5,29.14313333333333,-1.7431333333333328,Low,1,False,False,False
2022-11-16,24.92,13.44,72.76,28.98662222222222,-4.066622222222218,Low,1,False,False,False
2022-11-17,24.04,11.24,69.83,28.77284444444444,-4.732844444444442,Low,1,False,False,False
2022-11-18,23.94,9.98,63.39,28.588733333333334,-4.6487333333333325,Low,1,False,False,False
2022-11-19,24.08,12.07,60.4,28.408200000000004,-4.328200000000006,Low,1,False,False,False
2022-11-20,25.09,9.43,66.17,28.232511111111112,-3.142511111111112,Low,1,False,False,False
2022-11-21,25.58,9.99,68.49,28.08188888888889,-2.5018888888888924,Low,1,False,False,False
2022-11-22,25.04,9.15,60.63,27.934555555555555,-2.8945555555555558,Low,1,False,False,False
2022-11-23,24.87,8.39,58.18,27.75091111111111,-2.8809111111111108,Low,1,False,False,False
2022-11-24,24.67,7.77,52.61,27.52846666666667,-2.8584666666666685,Low,1,False,False,False
2022-11-25,25.16,12.51,52.16,27.344111111111108,-2.1841111111111076,Low,1,False,False,False
2022-11-26,25.95,9.21,60.37,27.173555555555556,-1.2235555555555564,Low,1,False,False,False
2022-11-27,25.23,10.03,56.38,27.019755555555555,-1.7897555555555549,Low,1,False,False,False
2022-11-28,24.88,11.23,49.98,26.90706666666667,-2.02706666666667,Low,1,False,False,False
2022-11-29,23.9,11.22,49.01,26.79688888888889,-2.896888888888892,Low,1,False,False,False
2022-11-30,24.58,11.12,63.59,26.675022222222218,-2.0950222222222195,Low,1,False,False,False
2022-12-01,24.25,8.85,59.76,26.570155555555555,-2.320155555555555,Low,1,False,False,False
2022-12-02,24.3,11.87,53.26,26.477844444444443,-2.1778444444444425,Low,1,False,False,False
2022-12-03,23.53,12.64,54.64,26.311577777777774,-2.7815777777777733,Low,1,False,False,False
2022-12-04,24.05,10.69,59.55,26.14382222222222,-2.0938222222222187,Low,1,False,False,False
2022-12-05,23.7,9.66,55.02,26.005266666666664,-2.3052666666666646,Low,1,False,False,False
2022-12-06,23.48,8.03,59.95,25.860755555555553,-2.3807555555555524,Low,1,False,False,False
2022-12-07,23.21,7.07,58.49,25.690422222222224,-2.4804222222222236,Low,1,False,False,False
2022-12-08,23.69,7.03,58.2,25.55206666666667,-1.8620666666666672,Low,1,False,False,False
2022-12-09,25.29,8.58,56.67,25.45042222222222,-0.1604222222222198,Low,1,False,False,False
2022-12-10,26.81,9.68,65.35,25.335266666666666,1.474733333333333,Low,1,False,False,False
2022-12-11,27.48,9.33,62.05,25.200733333333332,2.2792666666666683,Low,1,False,False,False
2022-12-12,26.87,9.79,57.36,25.026177777777775,1.8438222222222258,Low,1,False,False,False
2022-12-13,26.01,9.32,54.98,24.84988888888889,1.1601111111111102,Low,1,False,False,False
2022-12-14,23.51,8.42,56.61,24.67351111111111,-1.1635111111111094,Low,1,False,False,False
2022-12-15,22.55,6.25,52.39,24.513511111111107,-1.9635111111111065,Low,1,False,False,False
2022-12-16,22.82,6.49,50.0,24.31308888888889,-1.493088888888888,Low,1,False,False,False
2022-12-17,23.21,6.71,46.65,24.155755555555555,-0.9457555555555537,Low,1,False,False,False
2022-12-18,22.78,9.24,50.25,24.0546,-1.2745999999999995,Low,1,False,False,False
2022-12-19,22.87,7.62,53.82,23.948666666666664,-1.0786666666666633,Low,1,False,False,False
2022-12-20,23.01,6.77,55.09,23.82611111111111,-0.816111111111109,Low,1,False,False,False
2022-12-21,23.54,7.69,56.14,23.708155555555557,-0.1681555555555576,Low,1,False,False,False
2022-12-22,21.63,6.38,56.6,23.624844444444445,-1.9948444444444462,Low,1,False,False,False
2022-12-23,22.92,6.63,55.67,23.505444444444446,-0.5854444444444447,Low,1,False,False,False
2022-12-24,20.95,6.89,57.56,23.33804444444445,-2.38804444444445,Low,1,False,False,False
2022-12-25,18.64,4.18,59.78,23.18155555555556,-4.541555555555558,Low,1,False,False,False
2022-12-26,20.57,4.56,59.02,23.04928888888889,-2.479288888888888,Low,1,False,False,False
2022-12-27,21.85,4.47,52.94,22.9332,-1.083199999999998,Low,1,False,False,False
2022-12-28,22.84,6.23,48.07,22.826666666666668,0.013333333333331865,Low,1,False,False,False
2022-12-29,21.59,6.96,53.38,22.74795555555556,-1.15795555555556,Low,1,False,False,False
2022-12-30,20.95,10.27,58.05,22.659,-1.7089999999999996,Low,1,False,False,False
2022-12-31,21.08,7.47,68.97,22.60408888888889,-1.5240888888888904,Low,1,False,False,False
2023-01-01,20.21,6.12,49.9,22.535333333333337,-2.3253333333333366,Low,1,False,False,False
2023-01-02,19.49,5.85,51.83,22.474777777777778,-2.9847777777777793,Low,1,False,False,False
2023-01-03,19.05,4.11,54.61,22.452133333333336,-3.4021333333333352,Low,1,False,False,False
2023-01-04,17.48,1.83,58.24,22.437755555555558,-4.957755555555558,Low,1,False,False,False
2023-01-05,17.53,1.61,59.63,22.431400000000004,-4.901400000000002,Low,1,False,False,False
2023-01-06,17.27,1.23,54.41,22.391222222222222,-5.121222222222222,Low,1,False,False,False
2023-01-07,20.17,1.7,48.08,22.42482222222222,-2.25482222222222,Low,1,False,False,False
2023-01-08,22.67,4.09,44.61,22.491222222222223,0.17877777777777837,Low,1,False,False,False
2023-01-09,21.4,5.86,47.41,22.51342222222222,-1.1134222222222228,Low,1,False,False,False
2023-01-10,21.64,6.18,53.16,22.509244444444445,-0.869244444444444,Low,1,False,False,False
2023-01-11,22.83,7.07,64.57,22.535800000000002,0.29419999999999646,Low,1,False,False,False
2023-01-12,20.77,8.71,73.58,22.5652,-1.7952000000000012,Low,1,False,False,False
2023-01-13,22.27,10.68,73.27,22.58406666666666,-0.31406666666666183,Low,1,False,False,False
2023-01-14,20.32,4.26,56.25,22.604177777777775,-2.2841777777777743,Low,1,False,False,False
2023-01-15,17.61,0.45,39.37,22.64688888888889,-5.036888888888889,Low,1,False,False,False
2023-01-16,18.92,1.36,42.56,22.71151111111111,-3.7915111111111095,Low,1,False,False,False
2023-01-17,19.32,1.42,42.16,22.784866666666662,-3.464866666666662,Low,1,False,False,False
2023-01-18,18.15,1.57,37.57,22.887088888888886,-4.737088888888888,Low,1,False,False,False
2023-01-19,19.24,3.72,44.03,23.033711111111106,-3.793711111111108,Low,1,False,False,False
2023-01-20,22.04,4.91,55.44,23.159355555555553,-1.119355555555554,Low,1,False,False,False
2023-01-21,22.4,6.74,59.32,23.260111111111115,-0.8601111111111166,Low,1,False,False,False
2023-01-22,23.47,8.09,52.26,23.339355555555557,0.13064444444444234,Low,1,False,False,False
2023-01-23,24.78,8.2,52.71,23.456488888888885,1.3235111111111166,Low,1,False,False,False
2023-01-24,22.22,12.59,80.09,23.577688888888886,-1.3576888888888874,Low,1,False,False,False
2023-01-25,21.94,10.86,80.75,23.7166,-1.7765999999999984,Low,1,False,False,False
2023-01-26,22.92,8.66,61.48,23.872511111111113,-0.9525111111111109,Low,1,False,False,False
2023-01-27,22.05,5.08,49.23,24.0528,-2.0028000000000006,Low,1,False,False,False
2023-01-28,23.99,3.69,40.56,24.255044444444444,-0.2650444444444453,Low,1,False,False,False
2023-01-29,25.06,6.15,45.38,24.43764444444444,0.6223555555555578,Low,1,False,False,False
2023-01-30,17.7,9.99,71.39,24.64611111111111,-6.946111111111112,Low,1,False,False,False
2023-01-31,23.22,8.44,75.93,24.836555555555556,-1.616555555555557,Low,1,False,False,False
2023-02-01,22.89,5.9,60.64,24.962155555555558,-2.0721555555555575,Low,1,False,False,False
2023-02-02,25.2,5.85,51.38,25.038933333333333,0.1610666666666667,Low,1,False,False,False
2023-02-03,25.39,7.55,49.12,25.05077777777778,0.3392222222222223,Low,1,False,False,False
2023-02-04,26.87,8.96,47.67,25.08062222222222,1.78937777777778,Low,1,False,False,False
2023-02-05,26.13,9.35,54.52,25.21828888888889,0.91171111111111,Low,1,False,False,False
2023-02-06,28.42,11.33,43.21,25.346244444444448,3.073755555555554,Low,1,False,False,False
2023-02-07,26.49,10.91,48.27,25.447022222222223,1.0429777777777751,Low,1,False,False,False
2023-02-08,25.56,7.67,41.86,25.5608,-0.0008000000000016882,Low,1,False,False,False
2023-02-09,28.09,8.79,37.91,25.69815555555556,2.391844444444441,Low,1,False,False,False
2023-02-10,29.0,10.13,48.72,25.818933333333334,3.1810666666666663,Low,1,False,False,False
2023-02-11,27.88,12.1,48.9,25.900955555555555,1.979044444444444,Low,1,False,False,False
2023-02-12,24.63,8.27,35.73,25.980733333333333,-1.3507333333333342,Low,1,False,False,False
2023-02-13,24.48,6.61,30.08,26.121555555555556,-1.6415555555555557,Low,1,False,False,False
2023-02-14,27.1,8.18,31.98,26.23182222222222,0.868177777777781,Low,1,False,False,False
2023-02-15,29.47,11.14,39.76,26.372622222222223,3.0973777777777762,Low,1,False,False,False
2023-02-16,28.97,10.1,45.6,26.5314,2.4385999999999974,Low,1,False,False,False
2023-02-17,29.72,13.79,44.72,26.72222222222222,2.9977777777777774,Low,1,False,False,False
2023-02-18,30.43,13.44,40.2,26.923044444444443,3.5069555555555567,Low,1,False,False,False
2023-02-19,30.47,15.47,30.93,27.12337777777778,3.3466222222222193,Low,1,False,False,False
2023-02-20,33.44,13.97,35.46,27.301733333333335,6.138266666666663,Moderate,1,True,False,False
2023-02-21,31.8,13.02,38.61,27.478200000000005,4.321799999999996,Moderate,2,True,False,False
2023-02-22,30.51,13.13,39.34,27.628056206088992,2.8819437939110095,Low,1,False,False,False
2023-02-23,30.64,11.78,34.42,27.868032786885248,2.7719672131147526,Low,1,False,False,False
2023-02-24,31.06,10.68,34.05,28.07224824355972,2.9877517564402787,Low,1,False,False,False
2023-02-25,31.16,12.53,35.53,28.334262295081967,2.8257377049180334,Low,1,False,False,False
2023-02-26,31.9,14.95,31.11,28.601615925058546,3.2983840749414526,Low,1,False,False,False
2023-02-27,32.36,17.19,36.6,28.863559718969555,3.496440281030445,Low,1,False,False,False
2023-02-28,32.62,15.62,39.87,29.11730679156909,3.502693208430909,Low,1,False,False,False
2023-03-01,32.21,14.78,39.55,29.60613583138173,2.6038641686182693,Low,1,False,False,False
2023-03-02,32.43,15.58,41.26,29.87288056206089,2.557119437939111,Low,1,False,False,False
2023-03-03,33.48,16.53,43.25,30.130163934426232,3.349836065573765,Low,1,False,False,False
2023-03-04,31.83,15.66,41.03,30.42782201405152,1.4021779859484766,Low,1,False,False,False
2023-03-05,32.52,14.61,40.7,30.675995316159256,1.8440046838407476,Low,1,False,False,False
2023-03-06,32.19,14.67,37.77,30.9004449648712,1.2895550351287994,Low,1,False,False,False
2023-03-07,32.06,14.84,33.66,31.094121779859485,0.9658782201405174,Low,1,False,False,False
2023-03-08,31.65,16.27,32.63,31.1864,0.46359999999999957,Low,1,False,False,False
2023-03-09,30.74,17.19,41.47,31.4392,-0.6992000000000012,Low,1,False,False,False
2023-03-10,31.49,15.64,38.86,31.7304,-0.24040000000000106,Low,1,False,False,False
2023-03-11,32.6,15.86,30.56,31.999466666666663,0.6005333333333382,Low,1,False,False,False
2023-03-12,34.29,17.53,31.8,32.2746,2.0153999999999996,Low,1,False,False,False
2023-03-13,30.86,20.23,36.35,32.522,-1.661999999999999,Low,1,False,False,False
2023-03-14,34.39,17.52,37.5,32.714844444444445,1.6751555555555555,Low,1,False,False,False
2023-03-15,34.51,19.13,31.49,32.89988888888889,1.6101111111111095,Low,1,False,False,False
2023-03-16,34.16,19.59,35.87,33.123022222222225,1.0369777777777713,Low,1,False,False,False
2023-03-17,30.19,20.08,46.96,33.33011111111111,-3.140111111111107,Low,1,False,False,False
2023-03-18,26.74,17.8,61.9,33.50428888888889,-6.764288888888888,Low,1,False,False,False
2023-03-19,29.93,17.46,53.65,33.67991111111111,-3.7499111111111105,Low,1,False,False,False
2023-03-20,25.94,17.28,68.31,33.88886666666667,-7.948866666666671,Low,1,False,False,False
2023-03-21,25.44,15.54,72.56,34.141866666666665,-8.701866666666664,Low,1,False,False,False
2023-03-22,29.64,15.11,55.12,34.41535555555556,-4.7753555555555565,Low,1,False,False,False
2023-03-23,31.62,15.43,48.37,34.6516,-3.031600000000001,Low,1,False,False,False
2023-03-24,31.41,17.95,52.51,34.84142222222223,-3.4314222222222277,Low,1,False,False,False
2023-03-25,31.05,17.07,57.77,34.99291111111111,-3.942911111111112,Low,1,False,False,False
2023-03-26,32.32,16.53,46.74,35.14222222222222,-2.822222222222223,Low,1,False,False,False
2023-03-27,31.09,15.42,43.64,35.28031111111111,-4.190311111111111,Low,1,False,False,False
2023-03-28,32.48,15.55,40.02,35.43346666666667,-2.953466666666671,Low,1,False,False,False
2023-03-29,33.95,18.41,36.38,35.61944444444445,-1.6694444444444443,Low,1,False,False,False
2023-03-30,34.15,19.14,46.76,35.83931111111111,-1.6893111111111097,Low,1,False,False,False
2023-03-31,24.55,18.02,76.48,36.04628888888888,-11.49628888888888,Low,1,False,False,False
2023-04-01,28.54,16.87,61.31,36.27857777777778,-7.7385777777777776,Low,1,False,False,False
2023-04-02,31.93,17.23,51.41,36.52422222222223,-4.594222222222228,Low,1,False,False,False
2023-04-03,33.98,17.92,47.68,36.733377777777775,-2.7533777777777786,Low,1,False,False,False
2023-04-04,32.49,18.54,50.88,36.97615555555555,-4.486155555555548,Low,1,False,False,False
2023-04-05,33.73,17.08,42.52,37.18664444444445,-3.45664444444445,Low,1,False,False,False
2023-04-06,34.44,16.77,34.95,37.409155555555564,-2.9691555555555667,Low,1,False,False,False
2023-04-07,34.77,16.7,32.25,37.60075555555556,-2.8307555555555552,Low,1,False,False,False
2023-04-08,35.66,15.06,28.27,37.809333333333335,-2.149333333333338,Low,1,False,False,False
2023-04-09,35.89,16.75,28.85,38.03431111111111,-2.144311111111108,Low,1,False,False,False
2023-04-10,36.27,16.53,29.81,38.20848888888889,-1.9384888888888838,Low,1,False,False,False
2023-04-11,37.63,19.15,31.24,38.400977777777776,-0.7709777777777731,Low,1,False,False,False
2023-04-12,38.7,22.14,33.94,38.63024444444444,0.06975555555555957,Moderate,1,False,False,False
2023-04-13,39.53,20.48,32.07,38.87571111111111,0.6542888888888925,Moderate,1,False,False,False
2023-04-14,38.89,20.58,28.77,39.07668888888889,-0.18668888888888802,Moderate,1,False,False,False
2023-04-15,40.74,22.54,25.2,39.27815555555555,1.461844444444452,Moderate,1,False,False,False
2023-04-16,41.24,24.49,28.85,39.456488888888885,1.7835111111111175,Moderate,1,False,False,False
2023-04-17,41.26,23.34,25.81,39.64866666666667,1.6113333333333273,Moderate,1,False,False,False
2023-04-18,40.78,23.79,30.89,39.89935555555555,0.8806444444444494,Moderate,1,False,False,False
2023-04-19,37.83,24.19,37.44,40.11044444444445,-2.2804444444444485,Low,1,False,False,False
2023-04-20,37.08,23.32,41.33,40.290644444444446,-3.2106444444444477,Low,1,False,False,False
2023-04-21,36.56,22.43,38.65,40.50011111111111,-3.940111111111108,Low,1,False,False,False
2023-04-22,36.8,19.58,32.02,40.71031111111112,-3.9103111111111204,Low,1,False,False,False
2023-04-23,30.65,20.34,35.22,40.933755555555564,-10.283755555555565,Low,1,False,False,False
2023-04-24,35.25,18.32,37.8,41.10231111111111,-5.8523111111111135,Low,1,False,False,False
2023-04-25,34.89,19.23,32.79,41.282799999999995,-6.392799999999994,Low,1,False,False,False
2023-04-26,35.82,21.52,31.43,41.434333333333335,-5.6143333333333345,Low,1,False,False,False
2023-04-27,35.39,22.72,35.13,41.52704444444444,-6.137044444444442,Low,1,False,False,False
2023-04-28,35.68,20.73,38.21,41.64384444444444,-5.96384444444444,Low,1,False,False,False
2023-04-29,34.55,22.48,43.24,41.76173333333333,-7.211733333333335,Low,1,False,False,False
2023-04-30,32.27,21.02,57.83,41.832,-9.561999999999998,Low,1,False,False,False
2023-05-01,25.73,20.35,74.94,41.93557777777777,-16.205577777777773,Low,1,False,False,False
2023-05-02,27.81,20.15,72.98,42.023155555555554,-14.213155555555556,Low,1,False,False,False
2023-05-03,31.81,19.0,61.79,42.078399999999995,-10.268399999999996,Low,1,False,False,False
2023-05-04,33.74,21.58,50.06,42.13955555555556,-8.399555555555558,Low,1,False,False,False
2023-05-05,34.63,22.47,42.94,42.21975555555555,-7.5897555555555485,Low,1,False,False,False
2023-05-06,37.49,21.33,40.17,42.26844444444445,-4.778444444444446,Low,1,False,False,False
2023-05-07,39.25,22.88,34.03,42.34897777777778,-3.098977777777783,Moderate,1,False,False,False
2023-05-08,38.98,22.91,28.25,42.40802222222222,-3.428022222222225,Moderate,1,False,False,False
2023-05-09,38.59,19.4,26.05,42.520022222222224,-3.9300222222222203,Moderate,1,False,False,False
2023-05-10,38.12,19.58,25.28,42.63426666666666,-4.514266666666664,Moderate,1,False,False,False
2023-05-11,39.54,19.93,22.89,42.76553333333334,-3.2255333333333382,Moderate,1,False,False,False
2023-05-12,40.18,23.8,22.11,42.900955555555555,-2.7209555555555553,Moderate,1,False,False,False
2023-05-13,41.78,21.47,23.93,42.971399999999996,-1.1913999999999945,Moderate,1,False,False,False
2023-05-14,41.18,27.51,23.48,43.02808888888889,-1.8480888888888884,Moderate,1,False,False,False
2023-05-15,42.55,25.51,26.34,43.13562222222222,-0.58562222222222,Moderate,1,False,False,False
2023-05-16,40.46,27.22,27.27,43.21666666666667,-2.7566666666666677,Moderate,1,False,False,False
2023-05-17,41.92,25.76,30.84,43.31635555555556,-1.3963555555555587,Moderate,1,False,False,False
2023-05-18,38.57,26.75,40.45,43.413399999999996,-4.8433999999999955,Moderate,1,False,False,False
2023-05-19,39.56,24.2,33.65,43.49088888888889,-3.9308888888888873,Moderate,1,False,False,False
2023-05-20,41.38,24.29,28.84,43.546400000000006,-2.166400000000003,Moderate,1,False,False,False
2023-05-21,43.74,26.99,23.75,43.60217777777778,0.13782222222221918,Moderate,1,False,False,False
2023-05-22,44.8,26.94,26.36,43.64451111111111,1.1554888888888897,Moderate,1,False,False,False
2023-05-23,45.05,28.67,27.02,43.66228888888889,1.3877111111111091,High,1,False,True,False
2023-05-24,39.87,29.09,35.4,43.66553333333333,-3.7955333333333314,Moderate,1,False,False,False
2023-05-25,38.12,28.55,40.34,43.63744444444444,-5.517444444444443,Moderate,1,False,False,False
2023-05-26,34.8,25.71,56.46,43.628688888888895,-8.828688888888898,Low,1,False,False,False
2023-05-27,36.88,25.37,49.56,43.6098,-6.729799999999997,Low,1,False,False,False
2023-05-28,35.12,24.84,46.21,43.64233333333333,-8.522333333333336,Low,1,False,False,False
2023-05-29,36.92,26.08,47.53,43.70124444444444,-6.7812444444444395,Low,1,False,False,False
2023-05-30,37.11,25.73,46.19,43.729311111111116,-6.6193111111111165,Low,1,False,False,False
2023-05-31,34.13,23.27,52.24,43.714000000000006,-9.584000000000003,Low,1,False,False,False
2023-06-01,37.38,21.76,45.75,43.662400000000005,-6.282400000000003,Low,1,False,False,False
2023-06-02,37.42,24.26,43.61,43.63302222222222,-6.213022222222222,Low,1,False,False,False
2023-06-03,38.28,24.27,38.11,43.60995555555555,-5.32995555555555,Moderate,1,False,False,False
2023-06-04,35.9,24.1,44.91,43.5666,-7.6666000000000025,Low,1,False,False,False
2023-06-05,40.24,24.23,38.38,43.53282222222222,-3.2928222222222203,Moderate,1,False,False,False
2023-06-06,40.91,25.74,35.91,43.49028888888889,-2.5802888888888944,Moderate,1,False,False,False
2023-06-07,40.66,27.08,33.3,43.47284444444444,-2.812844444444444,Moderate,1,False,False,False
2023-06-08,41.98,25.76,33.32,43.43511111111112,-1.4551111111111226,Moderate,1,False,False,False
2023-06-09,43.0,28.09,32.22,43.40673333333333,-0.40673333333332806,Moderate,1,False,False,False
2023-06-10,44.06,30.4,34.46,43.328399999999995,0.7316000000000074,Moderate,1,False,False,False
2023-06-11,42.09,30.93,35.48,43.27304444444445,-1.1830444444444481,Moderate,1,False,False,False
2023-06-12,43.26,30.03,34.05,43.14535555555556,0.114644444444437,Moderate,1,False,False,False
2023-06-13,44.61,31.73,32.25,43.023133333333334,1.5868666666666655,Moderate,1,False,False,False
2023-06-14,43.68,30.72,32.56,42.9322,0.747799999999998,Moderate,1,False,False,False
2023-06-15,40.08,31.75,37.49,42.91224444444445,-2.8322444444444486,Moderate,1,False,False,False
2023-06-16,41.2,29.82,40.38,42.85815555555555,-1.6581555555555454,Moderate,1,False,False,False
2023-06-17,41.0,31.28,38.57,42.73677777777778,-1.7367777777777818,Moderate,1,False,False,False
2023-06-18,40.18,29.66,43.29,42.58573333333334,-2.4057333333333375,Moderate,1,False,False,False
2023-06-19,38.16,30.47,49.0,42.45753333333333,-4.297533333333334,Moderate,1,False,False,False
2023-06-20,38.6,29.76,53.21,42.30004444444445,-3.700044444444451,Moderate,1,False,False,False
2023-06-21,38.08,29.3,52.31,42.15328888888889,-4.073288888888889,Moderate,1,False,False,False
2023-06-22,39.51,29.8,53.23,41.95037777777778,-2.4403777777777833,Moderate,1,False,False,False
2023-06-23,39.42,32.34,51.88,41.75326666666667,-2.333266666666667,Moderate,1,False,False,False
2023-06-24,37.83,28.22,61.75,41.62502222222223,-3.7950222222222294,Low,1,False,False,False
2023-06-25,32.71,27.95,75.39,41.52491111111111,-8.814911111111108,Low,1,False,False,False
2023-06-26,36.76,26.63,64.3,41.37497777777777,-4.614977777777774,Low,1,False,False,False
2023-06-27,36.89,27.49,58.87,41.24328888888888,-4.353288888888876,Low,1,False,False,False
2023-06-28,36.26,28.32,62.15,41.07826666666667,-4.818266666666673,Low,1,False,False,False
2023-06-29,35.68,27.76,65.67,40.90608888888888,-5.2260888888888815,Low,1,False,False,False
2023-06-30,34.56,26.82,71.64,40.65440000000001,-6.094400000000007,Low,1,False,False,False
2023-07-01,36.05,25.94,67.02,40.44744444444445,-4.397444444444453,Low,1,False,False,False
2023-07-02,38.28,26.11,60.67,40.257533333333335,-1.9775333333333336,Moderate,1,False,False,False
2023-07-03,40.06,27.86,51.79,40.092933333333335,-0.03293333333333237,Moderate,1,False,False,False
2023-07-04,40.83,29.35,52.13,39.89702222222222,0.9329777777777792,Moderate,1,False,False,False
2023-07-05,37.25,29.27,61.69,39.696244444444446,-2.4462444444444458,Low,1,False,False,False
2023-07-06,32.22,27.61,77.8,39.465066666666665,-7.245066666666666,Low,1,False,False,False
2023-07-07,33.99,26.86,74.44,39.2772,-5.287199999999999,Low,1,False,False,False
2023-07-08,32.55,27.14,83.53,39.08133333333333,-6.531333333333336,Low,1,False,False,False
2023-07-09,33.48,26.37,83.7,38.83677777777778,-5.356777777777786,Low,1,False,False,False
2023-07-10,34.4,27.5,80.0,38.58848888888889,-4.188488888888891,Low,1,False,False,False
2023-07-11,34.08,26.55,77.05,38.39811111111111,-4.318111111111115,Low,1,False,False,False
2023-07-12,33.89,27.03,79.2,38.20135555555556,-4.311355555555558,Low,1,False,False,False
2023-07-13,33.94,26.81,79.74,38.00042222222223,-4.060422222222229,Low,1,False,False,False
2023-07-14,33.25,26.28,81.43,37.76537777777777,-4.515377777777772,Low,1,False,False,False
2023-07-15,32.86,26.42,81.91,37.570044444444434,-4.710044444444435,Low,1,False,False,False
2023-07-16,34.9,25.61,73.97,37.38737777777778,-2.4873777777777804,Low,1,False,False,False
2023-07-17,34.6,28.18,72.45,37.219022222222215,-2.6190222222222133,Low,1,False,False,False
2023-07-18,32.19,27.47,83.76,37.06086666666666,-4.8708666666666645,Low,1,False,False,False
2023-07-19,33.34,26.36,80.5,36.912577777777784,-3.5725777777777807,Low,1,False,False,False
2023-07-20,35.91,26.45,74.25,36.76746666666667,-0.8574666666666744,Low,1,False,False,False
2023-07-21,35.01,27.9,77.04,36.61904444444444,-1.609044444444443,Low,1,False,False,False
2023-07-22,34.04,26.51,79.53,36.49357777777778,-2.453577777777781,Low,1,False,False,False
2023-07-23,33.26,26.76,79.24,36.39324444444444,-3.1332444444444434,Low,1,False,False,False
2023-07-24,35.19,25.9,76.87,36.31066666666666,-1.120666666666665,Low,1,False,False,False
2023-07-25,33.38,26.92,81.69,36.208933333333334,-2.8289333333333317,Low,1,False,False,False
2023-07-26,33.33,26.86,79.43,36.05451111111111,-2.724511111111113,Low,1,False,False,False
2023-07-27,32.23,26.31,86.57,35.91702222222222,-3.6870222222222253,Low,1,False,False,False
2023-07-28,31.28,26.21,84.17,35.76773333333333,-4.487733333333331,Low,1,False,False,False
2023-07-29,33.29,25.81,85.31,35.6622,-2.3721999999999994,Low,1,False,False,False
2023-07-30,32.96,26.45,85.38,35.55608888888889,-2.596088888888886,Low,1,False,False,False
2023-07-31,33.72,26.45,80.36,35.45731111111111,-1.7373111111111115,Low,1,False,False,False
2023-08-01,34.78,26.2,79.04,35.36017777777778,-0.5801777777777772,Low,1,False,False,False
2023-08-02,33.51,27.43,81.74,35.27460000000001,-1.7646000000000086,Low,1,False,False,False
2023-08-03,32.76,27.24,82.98,35.2078,-2.447800000000001,Low,1,False,False,False
2023-08-04,32.13,26.83,86.9,35.15853333333333,-3.0285333333333284,Low,1,False,False,False
2023-08-05,31.11,27.13,87.47,35.105244444444445,-3.9952444444444453,Low,1,False,False,False
2023-08-06,34.08,25.9,82.55,35.03131111111111,-0.9513111111111101,Low,1,False,False,False
2023-08-07,33.17,26.06,83.21,34.92608888888889,-1.7560888888888897,Low,1,False,False,False
2023-08-08,33.39,25.3,83.34,34.80277777777778,-1.4127777777777766,Low,1,False,False,False
2023-08-09,33.17,25.57,82.24,34.71373333333334,-1.5437333333333356,Low,1,False,False,False
2023-08-10,32.88,25.78,80.94,34.68682222222222,-1.8068222222222161,Low,1,False,False,False
2023-08-11,33.39,26.1,79.76,34.692822222222226,-1.3028222222222254,Low,1,False,False,False
2023-08-12,33.7,25.48,77.8,34.64324444444444,-0.9432444444444386,Low,1,False,False,False
2023-08-13,33.82,25.1,79.32,34.61568888888889,-0.7956888888888898,Low,1,False,False,False
2023-08-14,29.36,25.46,84.72,34.593177777777775,-5.233177777777776,Low,1,False,False,False
2023-08-15,32.99,25.01,79.44,34.55428888888889,-1.564288888888889,Low,1,False,False,False
2023-08-16,34.04,25.5,78.71,34.51386666666667,-0.4738666666666731,Low,1,False,False,False
2023-08-17,34.02,26.53,78.77,34.4648,-0.44479999999999364,Low,1,False,False,False
2023-08-18,34.42,26.27,79.09,34.3954,0.02459999999999951,Low,1,False,False,False
2023-08-19,32.37,27.2,83.55,34.325044444444444,-1.9550444444444466,Low,1,False,False,False
2023-08-20,34.64,26.33,76.48,34.306688888888885,0.3333111111111151,Low,1,False,False,False
2023-08-21,34.41,27.29,74.77,34.28442222222222,0.125577777777778,Low,1,False,False,False
2023-08-22,33.7,26.76,83.99,34.269244444444446,-0.5692444444444433,Low,1,False,False,False
2023-08-23,30.61,26.3,88.99,34.26082222222222,-3.6508222222222173,Low,1,False,False,False
2023-08-24,32.34,24.36,82.74,34.28026666666666,-1.940266666666659,Low,1,False,False,False
2023-08-25,33.69,24.17,79.39,34.25842222222222,-0.5684222222222246,Low,1,False,False,False
2023-08-26,33.58,24.77,76.79,34.20153333333333,-0.6215333333333319,Low,1,False,False,False
2023-08-27,34.24,24.02,75.44,34.22771111111111,0.01228888888888946,Low,1,False,False,False
2023-08-28,33.59,25.07,75.67,34.18877777777778,-0.5987777777777765,Low,1,False,False,False
2023-08-29,33.71,24.69,75.3,34.1558,-0.4457999999999984,Low,1,False,False,False
2023-08-30,34.27,24.67,76.36,34.111422222222224,0.15857777777777926,Low,1,False,False,False
2023-08-31,34.94,24.71,74.95,34.0478,0.8921999999999954,Low,1,False,False,False
2023-09-01,35.66,24.55,70.49,34.026466666666664,1.6335333333333324,Low,1,False,False,False
2023-09-02,35.66,23.5,69.4,34.02546666666667,1.63453333333333,Low,1,False,False,False
2023-09-03,35.38,22.84,67.26,34.00006666666667,1.3799333333333337,Low,1,False,False,False
2023-09-04,35.25,23.53,68.92,33.942933333333336,1.307066666666664,Low,1,False,False,False
2023-09-05,35.64,24.31,73.61,33.876000000000005,1.7639999999999958,Low,1,False,False,False
2023-09-06,35.93,24.87,69.81,33.858133333333335,2.071866666666665,Low,1,False,False,False
2023-09-07,36.48,25.57,66.06,33.84168888888888,2.638311111111115,Low,1,False,False,False
2023-09-08,34.04,24.36,72.01,33.781866666666666,0.2581333333333333,Low,1,False,False,False
2023-09-09,32.12,24.88,83.45,33.717666666666666,-1.5976666666666688,Low,1,False,False,False
2023-09-10,31.13,24.72,90.71,33.6842,-2.554199999999998,Low,1,False,False,False
2023-09-11,31.81,24.22,85.42,33.65893333333334,-1.8489333333333384,Low,1,False,False,False
2023-09-12,32.75,24.24,82.44,33.67102222222222,-0.92102222222222,Low,1,False,False,False
2023-09-13,33.13,25.69,82.63,33.67057777777778,-0.5405777777777772,Low,1,False,False,False
2023-09-14,33.92,26.14,83.88,33.681244444444445,0.2387555555555565,Low,1,False,False,False
2023-09-15,33.02,25.83,84.72,33.70724444444444,-0.6872444444444383,Low,1,False,False,False
2023-09-16,29.64,25.01,87.34,33.68386666666667,-4.043866666666666,Low,1,False,False,False
2023-09-17,29.66,24.98,89.83,33.63984444444444,-3.979844444444442,Low,1,False,False,False
2023-09-18,31.49,24.55,84.07,33.653866666666666,-2.1638666666666673,Low,1,False,False,False
2023-09-19,32.73,23.87,81.18,33.68624444444445,-0.9562444444444509,Low,1,False,False,False
2023-09-20,33.37,24.94,77.3,33.73446666666667,-0.36446666666667227,Low,1,False,False,False
2023-09-21,33.99,24.99,76.85,33.76326666666667,0.22673333333333545,Low,1,False,False,False
2023-09-22,33.12,25.54,78.5,33.785111111111114,-0.6651111111111163,Low,1,False,False,False
2023-09-23,32.75,24.99,80.88,33.812266666666666,-1.062266666666666,Low,1,False,False,False
2023-09-24,32.99,24.33,79.68,33.852244444444445,-0.8622444444444426,Low,1,False,False,False
2023-09-25,32.82,24.15,74.11,33.869955555555556,-1.049955555555556,Low,1,False,False,False
2023-09-26,33.72,23.12,73.99,33.876977777777775,-0.15697777777777588,Low,1,False,False,False
2023-09-27,33.13,22.21,73.12,33.85371111111111,-0.7237111111111076,Low,1,False,False,False
2023-09-28,32.9,19.69,73.62,33.837022222222224,-0.9370222222222253,Low,1,False,False,False
2023-09-29,32.73,20.08,63.19,33.81057777777777,-1.0805777777777763,Low,1,False,False,False
2023-09-30,34.13,19.82,61.83,33.79295555555556,0.3370444444444445,Low,1,False,False,False
2023-10-01,33.31,18.96,62.69,33.80177777777778,-0.4917777777777772,Low,1,False,False,False
2023-10-02,34.62,19.2,58.1,33.83797777777778,0.7820222222222171,Low,1,False,False,False
2023-10-03,32.97,17.58,54.42,33.836644444444445,-0.8666444444444465,Low,1,False,False,False
2023-10-04,33.46,16.97,59.09,33.79262222222222,-0.33262222222221993,Low,1,False,False,False
2023-10-05,34.3,19.41,62.27,33.739222222222224,0.5607777777777727,Low,1,False,False,False
2023-10-06,34.25,17.73,59.55,33.674622222222226,0.5753777777777742,Low,1,False,False,False
2023-10-07,34.66,20.73,59.96,33.59664444444444,1.0633555555555532,Low,1,False,False,False
2023-10-08,35.65,21.76,58.28,33.52768888888889,2.1223111111111095,Low,1,False,False,False
2023-10-09,36.04,22.77,61.7,33.42704444444445,2.6129555555555513,Low,1,False,False,False
2023-10-10,34.91,22.65,62.97,33.3528,1.5571999999999946,Low,1,False,False,False
2023-10-11,34.77,19.74,57.89,33.248866666666665,1.5211333333333386,Low,1,False,False,False
2023-10-12,33.97,19.42,54.62,33.1806,0.7894000000000005,Low,1,False,False,False
2023-10-13,35.34,20.61,50.78,33.08891111111111,2.2510888888888942,Low,1,False,False,False
2023-10-14,35.26,22.16,49.83,33.01328888888889,2.246711111111111,Low,1,False,False,False
2023-10-15,33.75,21.13,54.6,32.931422222222224,0.8185777777777759,Low,1,False,False,False
2023-10-16,29.27,21.51,69.61,32.800066666666666,-3.5300666666666665,Low,1,False,False,False
2023-10-17,29.49,18.98,62.92,32.659822222222225,-3.1698222222222263,Low,1,False,False,False
2023-10-18,30.81,18.23,62.52,32.51526666666666,-1.7052666666666632,Low,1,False,False,False
2023-10-19,30.54,16.03,59.88,32.42591111111111,-1.8859111111111133,Low,1,False,False,False
2023-10-20,31.06,16.41,59.19,32.321822222222224,-1.261822222222225,Low,1,False,False,False
2023-10-21,30.55,16.2,54.65,32.220800000000004,-1.6708000000000034,Low,1,False,False,False
2023-10-22,31.5,18.07,49.86,32.141777777777776,-0.6417777777777758,Low,1,False,False,False
2023-10-23,30.91,16.76,58.36,32.04991111111111,-1.1399111111111075,Low,1,False,False,False
2023-10-24,31.49,17.57,57.87,31.9858,-0.4958000000000027,Low,1,False,False,False
2023-10-25,32.29,16.93,56.08,31.882377777777776,0.4076222222222228,Low,1,False,False,False
2023-10-26,31.98,16.08,56.8,31.814066666666662,0.1659333333333386,Low,1,False,False,False
2023-10-27,32.26,15.85,46.05,31.70722222222222,0.5527777777777771,Low,1,False,False,False
2023-10-28,30.46,19.28,46.53,31.621,-1.1609999999999978,Low,1,False,False,False
2023-10-29,32.17,19.11,46.55,31.512844444444443,0.6571555555555584,Low,1,False,False,False
2023-10-30,33.13,18.16,51.63,31.401288888888892,1.7287111111111102,Low,1,False,False,False
2023-10-31,31.89,18.98,52.61,31.304266666666667,0.5857333333333337,Low,1,False,False,False
2023-11-01,32.82,19.75,45.91,31.194844444444442,1.6251555555555584,Low,1,False,False,False
2023-11-02,31.33,18.19,48.95,31.099111111111107,0.23088888888889159,Low,1,False,False,False
2023-11-03,29.71,18.77,52.72,30.972644444444445,-1.2626444444444438,Low,1,False,False,False
2023-11-04,30.42,18.72,54.4,30.84648888888889,-0.4264888888888869,Low,1,False,False,False
2023-11-05,29.82,18.34,44.19,30.698422222222224,-0.8784222222222233,Low,1,False,False,False
2023-11-06,30.78,15.83,40.14,30.530866666666665,0.24913333333333654,Low,1,False,False,False
2023-11-07,30.48,18.15,40.98,30.36888888888889,0.11111111111111072,Low,1,False,False,False
2023-11-08,30.83,17.52,54.16,30.216711111111113,0.613288888888885,Low,1,False,False,False
2023-11-09,31.26,17.79,53.03,30.088288888888886,1.1717111111111151,Low,1,False,False,False
2023-11-10,27.68,17.75,60.4,29.936999999999998,-2.256999999999998,Low,1,False,False,False
2023-11-11,26.92,14.51,62.83,29.803711111111113,-2.8837111111111113,Low,1,False,False,False
2023-11-12,27.96,13.47,62.63,29.650355555555556,-1.6903555555555556,Low,1,False,False,False
2023-11-13,27.55,13.41,55.34,29.476444444444443,-1.9264444444444422,Low,1,False,False,False
2023-11-14,25.58,14.74,49.58,29.300555555555555,-3.7205555555555563,Low,1,False,False,False
2023-11-15,27.29,11.7,56.24,29.14313333333333,-1.8531333333333322,Low,1,False,False,False
2023-11-16,28.0,13.84,54.99,28.98662222222222,-0.9866222222222198,Low,1,False,False,False
2023-11-17,28.53,14.94,54.19,28.77284444444444,-0.2428444444444402,Low,1,False,False,False
2023-11-18,26.97,15.0,50.87,28.588733333333334,-1.618733333333335,Low,1,False,False,False
2023-11-19,25.73,14.31,47.51,28.408200000000004,-2.678200000000004,Low,1,False,False,False
2023-11-20,27.42,14.2,51.79,28.232511111111112,-0.8125111111111103,Low,1,False,False,False
2023-11-21,26.9,12.79,58.46,28.08188888888889,-1.181888888888892,Low,1,False,False,False
2023-11-22,25.97,11.26,57.83,27.934555555555555,-1.964555555555556,Low,1,False,False,False
2023-11-23,26.52,13.48,45.43,27.75091111111111,-1.2309111111111122,Low,1,False,False,False
2023-11-24,26.1,14.16,45.35,27.52846666666667,-1.4284666666666688,Low,1,False,False,False
2023-11-25,26.33,12.12,46.12,27.344111111111108,-1.0141111111111094,Low,1,False,False,False
2023-11-26,25.75,14.94,49.09,27.173555555555556,-1.4235555555555557,Low,1,False,False,False
2023-11-27,21.94,14.65,53.86,27.019755555555555,-5.079755555555554,Low,1,False,False,False
2023-11-28,24.83,13.83,54.48,26.90706666666667,-2.0770666666666706,Low,1,False,False,False
2023-11-29,24.66,14.67,58.2,26.79688888888889,-2.1368888888888904,Low,1,False,False,False
2023-11-30,25.76,13.93,62.39,26.675022222222218,-0.9150222222222162,Low,1,False,False,False
2023-12-01,26.73,16.1,62.8,26.570155555555555,0.15984444444444534,Low,1,False,False,False
2023-12-02,25.87,14.25,63.91,26.477844444444443,-0.6078444444444422,Low,1,False,False,False
2023-12-03,26.54,13.05,59.65,26.311577777777774,0.22842222222222475,Low,1,False,False,False
2023-12-04,26.2,14.52,62.34,26.14382222222222,0.05617777777777988,Low,1,False,False,False
2023-12-05,25.81,12.2,58.35,26.005266666666664,-0.19526666666666515,Low,1,False,False,False
2023-12-06,26.58,11.29,52.21,25.860755555555553,0.7192444444444455,Low,1,False,False,False
2023-12-07,27.22,12.51,50.68,25.690422222222224,1.5295777777777744,Low,1,False,False,False
2023-12-08,26.08,10.95,51.16,25.55206666666667,0.5279333333333298,Low,1,False,False,False
2023-12-09,25.45,9.56,46.4,25.45042222222222,-0.0004222222222196592,Low,1,False,False,False
2023-12-10,24.46,9.11,45.78,25.335266666666666,-0.8752666666666649,Low,1,False,False,False
2023-12-11,23.65,9.84,40.43,25.200733333333332,-1.5507333333333335,Low,1,False,False,False
2023-12-12,23.46,9.28,41.94,25.026177777777775,-1.5661777777777743,Low,1,False,False,False
2023-12-13,24.53,10.32,41.68,24.84988888888889,-0.3198888888888902,Low,1,False,False,False
2023-12-14,24.49,6.96,48.47,24.67351111111111,-0.1835111111111125,Low,1,False,False,False
2023-12-15,24.89,9.32,44.56,24.513511111111107,0.3764888888888933,Low,1,False,False,False
2023-12-16,24.03,9.64,45.53,24.31308888888889,-0.28308888888888717,Low,1,False,False,False
2023-12-17,24.11,9.41,49.26,24.155755555555555,-0.045755555555555105,Low,1,False,False,False
2023-12-18,23.11,7.48,54.58,24.0546,-0.9446000000000012,Low,1,False,False,False
2023-12-19,23.62,6.05,47.23,23.948666666666664,-0.32866666666666333,Low,1,False,False,False
2023-12-20,21.82,5.63,44.1,23.82611111111111,-2.0061111111111103,Low,1,False,False,False
2023-12-21,23.33,6.54,43.66,23.708155555555557,-0.37815555555555846,Low,1,False,False,False
2023-12-22,23.66,6.38,41.04,23.624844444444445,0.03515555555555494,Low,1,False,False,False
2023-12-23,23.17,9.99,43.96,23.505444444444446,-0.33544444444444466,Low,1,False,False,False
2023-12-24,24.92,10.3,51.16,23.33804444444445,1.5819555555555525,Low,1,False,False,False
2023-12-25,24.93,8.21,54.15,23.18155555555556,1.7484444444444414,Low,1,False,False,False
2023-12-26,23.84,9.32,55.02,23.04928888888889,0.7907111111111114,Low,1,False,False,False
2023-12-27,23.59,10.13,55.52,22.9332,0.6568000000000005,Low,1,False,False,False
2023-12-28,22.08,7.06,58.29,22.826666666666668,-0.7466666666666697,Low,1,False,False,False
2023-12-29,22.33,10.48,51.45,22.74795555555556,-0.41795555555556163,Low,1,False,False,False
2023-12-30,21.77,9.4,51.85,22.659,-0.8889999999999993,Low,1,False,False,False
2023-12-31,19.94,9.6,49.72,22.60408888888889,-2.6640888888888874,Low,1,False,False,False
2024-01-01,21.11,5.86,59.47,22.535333333333337,-1.425333333333338,Low,1,False,False,False
2024-01-02,20.87,5.08,56.57,22.474777777777778,-1.6047777777777767,Low,1,False,False,False
2024-01-03,21.48,6.85,45.68,22.452133333333336,-0.9721333333333355,Low,1,False,False,False
2024-01-04,17.51,6.76,60.43,22.437755555555558,-4.9277555555555566,Low,1,False,False,False
2024-01-05,19.06,6.24,68.29,22.431400000000004,-3.371400000000005,Low,1,False,False,False
2024-01-06,18.85,5.82,69.21,22.391222222222222,-3.5412222222222205,Low,1,False,False,False
2024-01-07,17.97,6.12,72.18,22.42482222222222,-4.454822222222223,Low,1,False,False,False
2024-01-08,23.07,6.52,57.67,22.491222222222223,0.578777777777777,Low,1,False,False,False
2024-01-09,21.38,8.27,58.17,22.51342222222222,-1.1334222222222223,Low,1,False,False,False
2024-01-10,21.87,4.4,55.33,22.509244444444445,-0.6392444444444436,Low,1,False,False,False
2024-01-11,19.94,3.73,53.14,22.535800000000002,-2.5958000000000006,Low,1,False,False,False
2024-01-12,20.86,3.64,47.98,22.5652,-1.7052000000000014,Low,1,False,False,False
2024-01-13,22.48,7.14,42.54,22.58406666666666,-0.10406666666666098,Low,1,False,False,False
2024-01-14,21.88,5.15,43.3,22.604177777777775,-0.7241777777777756,Low,1,False,False,False
2024-01-15,20.68,3.47,45.32,22.64688888888889,-1.9668888888888887,Low,1,False,False,False
2024-01-16,20.77,7.46,43.45,22.71151111111111,-1.9415111111111116,Low,1,False,False,False
2024-01-17,19.91,5.66,42.26,22.784866666666662,-2.8748666666666622,Low,1,False,False,False
2024-01-18,20.28,6.22,45.61,22.887088888888886,-2.6070888888888852,Low,1,False,False,False
2024-01-19,21.74,6.8,49.3,23.033711111111106,-1.293711111111108,Low,1,False,False,False
2024-01-20,19.03,6.74,49.95,23.159355555555553,-4.129355555555552,Low,1,False,False,False
2024-01-21,21.84,4.2,53.01,23.260111111111115,-1.4201111111111153,Low,1,False,False,False
2024-01-22,20.79,3.62,38.7,23.339355555555557,-2.5493555555555574,Low,1,False,False,False
2024-01-23,22.4,5.97,39.27,23.456488888888885,-1.056488888888886,Low,1,False,False,False
2024-01-24,22.31,6.25,45.28,23.577688888888886,-1.2676888888888875,Low,1,False,False,False
2024-01-25,21.76,4.54,45.75,23.7166,-1.9565999999999981,Low,1,False,False,False
2024-01-26,22.47,9.02,38.05,23.872511111111113,-1.4025111111111137,Low,1,False,False,False
2024-01-27,25.57,6.46,38.48,24.0528,1.517199999999999,Low,1,False,False,False
2024-01-28,21.21,9.92,44.64,24.255044444444444,-3.045044444444443,Low,1,False,False,False
2024-01-29,24.55,6.32,44.84,24.43764444444444,0.11235555555555976,Low,1,False,False,False
2024-01-30,23.61,9.04,42.92,24.64611111111111,-1.0361111111111114,Low,1,False,False,False
2024-01-31,24.48,10.97,50.07,24.836555555555556,-0.3565555555555555,Low,1,False,False,False
2024-02-01,20.64,9.74,73.16,24.962155555555558,-4.3221555555555575,Low,1,False,False,False
2024-02-02,23.76,8.36,57.25,25.038933333333333,-1.278933333333331,Low,1,False,False,False
2024-02-03,26.43,6.5,39.92,25.05077777777778,1.3792222222222215,Low,1,False,False,False
2024-02-04,19.06,12.12,83.36,25.08062222222222,-6.020622222222222,Low,1,False,False,False
2024-02-05,22.88,10.25,66.77,25.21828888888889,-2.33828888888889,Low,1,False,False,False
2024-02-06,21.18,6.16,41.28,25.346244444444448,-4.166244444444448,Low,1,False,False,False
2024-02-07,20.52,7.06,41.85,25.447022222222223,-4.927022222222224,Low,1,False,False,False
2024-02-08,22.6,5.23,42.24,25.5608,-2.960799999999999,Low,1,False,False,False
2024-02-09,24.75,4.22,35.15,25.69815555555556,-0.9481555555555587,Low,1,False,False,False
2024-02-10,24.57,8.91,33.51,25.818933333333334,-1.2489333333333335,Low,1,False,False,False
2024-02-11,24.57,7.36,42.52,25.900955555555555,-1.3309555555555548,Low,1,False,False,False
2024-02-12,25.13,7.87,40.35,25.980733333333333,-0.8507333333333342,Low,1,False,False,False
2024-02-13,23.99,12.55,34.89,26.121555555555556,-2.1315555555555576,Low,1,False,False,False
2024-02-14,25.92,11.45,41.28,26.23182222222222,-0.31182222222221867,Low,1,False,False,False
2024-02-15,26.66,8.96,45.43,26.372622222222223,0.2873777777777775,Low,1,False,False,False
2024-02-16,27.13,8.7,37.97,26.5314,0.5985999999999976,Low,1,False,False,False
2024-02-17,27.33,8.28,33.27,26.72222222222222,0.6077777777777769,Low,1,False,False,False
2024-02-18,29.33,11.91,30.47,26.923044444444443,2.4069555555555553,Low,1,False,False,False
2024-02-19,29.92,10.46,37.77,27.12337777777778,2.796622222222222,Low,1,False,False,False
2024-02-20,27.64,14.9,55.19,27.301733333333335,0.3382666666666658,Low,1,False,False,False
2024-02-21,27.54,10.48,35.78,27.478200000000005,0.061799999999994526,Low,1,False,False,False
2024-02-22,26.78,10.41,35.52,27.628056206088992,-0.8480562060889909,Low,1,False,False,False
2024-02-23,25.36,8.02,38.54,27.868032786885248,-2.5080327868852486,Low,1,False,False,False
2024-02-24,25.54,9.2,33.89,28.07224824355972,-2.532248243559721,Low,1,False,False,False
2024-02-25,26.5,10.32,31.93,28.334262295081967,-1.8342622950819667,Low,1,False,False,False
2024-02-26,27.76,9.89,33.2,28.601615925058546,-0.8416159250585444,Low,1,False,False,False
2024-02-27,24.73,11.68,50.0,28.863559718969555,-4.133559718969554,Low,1,False,False,False
2024-02-28,27.65,10.24,46.72,29.11730679156909,-1.46730679156909,Low,1,False,False,False
2024-02-29,29.03,10.2,37.17,29.38206088992974,-0.3520608899297386,Low,1,False,False,False
2024-03-01,31.83,13.65,36.53,29.60613583138173,2.2238641686182667,Low,1,False,False,False
2024-03-02,25.86,16.1,60.49,29.87288056206089,-4.012880562060889,Low,1,False,False,False
2024-03-03,25.21,12.05,69.75,30.130163934426232,-4.920163934426231,Low,1,False,False,False
2024-03-04,25.42,6.66,37.01,30.42782201405152,-5.00782201405152,Low,1,False,False,False
2024-03-05,23.39,6.27,31.26,30.675995316159256,-7.285995316159255,Low,1,False,False,False
2024-03-06,25.02,6.62,33.17,30.9004449648712,-5.880444964871199,Low,1,False,False,False
2024-03-07,27.63,9.12,36.77,31.094121779859485,-3.464121779859486,Low,1,False,False,False
2024-03-08,28.7,10.6,37.41,31.1864,-2.4863999999999997,Low,1,False,False,False
2024-03-09,28.44,10.14,37.46,31.4392,-2.9991999999999983,Low,1,False,False,False
2024-03-10,30.22,11.7,35.94,31.7304,-1.5104000000000006,Low,1,False,False,False
2024-03-11,31.95,14.01,31.04,31.999466666666663,-0.04946666666666388,Low,1,False,False,False
2024-03-12,32.21,16.64,34.67,32.2746,-0.06459999999999866,Low,1,False,False,False
2024-03-13,32.26,14.83,34.57,32.522,-0.26200000000000045,Low,1,False,False,False
2024-03-14,31.56,14.52,35.78,32.714844444444445,-1.1548444444444463,Low,1,False,False,False
2024-03-15,31.52,14.27,34.23,32.89988888888889,-1.379888888888889,Low,1,False,False,False
2024-03-16,29.88,11.75,28.67,33.123022222222225,-3.2430222222222262,Low,1,False,False,False
2024-03-17,32.99,11.94,26.27,33.33011111111111,-0.34011111111110637,Low,1,False,False,False
2024-03-18,32.83,13.53,28.43,33.50428888888889,-0.6742888888888885,Low,1,False,False,False
2024-03-19,32.79,14.23,28.31,33.67991111111111,-0.8899111111111111,Low,1,False,False,False
2024-03-20,34.63,14.79,22.49,33.88886666666667,0.7411333333333303,Low,1,False,False,False
2024-03-21,30.79,15.1,28.5,34.141866666666665,-3.351866666666666,Low,1,False,False,False
2024-03-22,35.3,14.85,29.4,34.41535555555556,0.8846444444444401,Low,1,False,False,False
2024-03-23,37.22,17.91,26.44,34.6516,2.568399999999997,Low,1,False,False,False
2024-03-24,31.04,18.62,27.57,34.84142222222223,-3.8014222222222287,Low,1,False,False,False
2024-03-25,35.71,16.66,27.19,34.99291111111111,0.7170888888888882,Low,1,False,False,False
2024-03-26,37.09,17.66,27.25,35.14222222222222,1.9477777777777803,Low,1,False,False,False
2024-03-27,38.9,21.44,25.42,35.28031111111111,3.619688888888888,Moderate,1,False,False,False
2024-03-28,40.05,21.61,30.71,35.43346666666667,4.616533333333329,High,1,True,True,False
2024-03-29,39.32,22.83,32.97,35.61944444444445,3.700555555555553,Moderate,1,False,False,False
2024-03-30,38.15,22.29,28.77,35.83931111111111,2.3106888888888903,Moderate,1,False,False,False
2024-03-31,37.26,20.25,23.42,36.04628888888888,1.2137111111111167,Low,1,False,False,False
2024-04-01,34.17,20.09,29.61,36.27857777777778,-2.108577777777775,Low,1,False,False,False
2024-04-02,35.91,17.82,19.34,36.52422222222223,-0.6142222222222316,Low,1,False,False,False
2024-04-03,37.83,19.78,21.1,36.733377777777775,1.0966222222222228,Low,1,False,False,False
2024-04-04,38.48,22.56,18.97,36.97615555555555,1.5038444444444465,Moderate,1,False,False,False
2024-04-05,36.96,22.71,21.31,37.18664444444445,-0.22664444444444598,Low,1,False,False,False
2024-04-06,37.55,18.75,19.14,37.409155555555564,0.14084444444443278,Low,1,False,False,False
2024-04-07,37.71,18.38,15.37,37.60075555555556,0.10924444444444248,Low,1,False,False,False
2024-04-08,39.16,21.7,15.81,37.809333333333335,1.3506666666666618,Moderate,1,False,False,False
2024-04-09,39.58,19.76,14.78,38.03431111111111,1.5456888888888898,Moderate,1,False,False,False
2024-04-10,40.2,20.67,15.94,38.20848888888889,1.991511111111116,Moderate,1,False,False,False
2024-04-11,40.4,22.36,26.16,38.400977777777776,1.999022222222223,Moderate,1,False,False,False
2024-04-12,39.72,25.67,22.34,38.63024444444444,1.0897555555555556,Moderate,1,False,False,False
2024-04-13,39.77,24.91,25.95,38.87571111111111,0.8942888888888945,Moderate,1,False,False,False
2024-04-14,36.17,22.85,32.53,39.07668888888889,-2.906688888888887,Low,1,False,False,False
2024-04-15,34.53,26.21,38.01,39.27815555555555,-4.748155555555549,Low,1,False,False,False
2024-04-16,36.99,23.33,34.11,39.456488888888885,-2.4664888888888825,Low,1,False,False,False
2024-04-17,37.05,21.92,23.79,39.64866666666667,-2.5986666666666736,Low,1,False,False,False
2024-04-18,38.95,22.66,23.83,39.89935555555555,-0.9493555555555488,Moderate,1,False,False,False
2024-04-19,40.91,23.34,25.42,40.11044444444445,0.7995555555555498,Moderate,1,False,False,False
2024-04-20,38.82,22.24,22.4,40.290644444444446,-1.4706444444444458,Moderate,1,False,False,False
2024-04-21,39.04,23.27,26.13,40.50011111111111,-1.460111111111111,Moderate,1,False,False,False
2024-04-22,38.62,26.57,24.93,40.71031111111112,-2.09031111111112,Moderate,1,False,False,False
2024-04-23,40.29,25.1,17.73,40.933755555555564,-0.6437555555555647,Moderate,1,False,False,False
2024-04-24,39.38,24.16,21.97,41.10231111111111,-1.722311111111111,Moderate,1,False,False,False
2024-04-25,41.03,23.46,19.62,41.282799999999995,-0.2527999999999935,Moderate,1,False,False,False
2024-04-26,41.87,24.92,19.33,41.434333333333335,0.43566666666666265,Moderate,1,False,False,False
2024-04-27,40.82,26.96,20.07,41.52704444444444,-0.7070444444444419,Moderate,1,False,False,False
2024-04-28,40.07,24.16,23.06,41.64384444444444,-1.5738444444444397,Moderate,1,False,False,False
2024-04-29,41.08,25.32,22.98,41.76173333333333,-0.6817333333333337,Moderate,1,False,False,False
2024-04-30,38.7,22.92,21.9,41.832,-3.131999999999998,Moderate,1,False,False,False
2024-05-01,35.85,20.16,19.07,41.93557777777777,-6.085577777777772,Low,1,False,False,False
2024-05-02,37.94,19.11,18.53,42.023155555555554,-4.083155555555557,Low,1,False,False,False
2024-05-03,40.15,21.84,15.05,42.078399999999995,-1.9283999999999963,Moderate,1,False,False,False
2024-05-04,42.71,26.08,15.78,42.13955555555556,0.5704444444444405,Moderate,1,False,False,False
2024-05-05,43.84,24.75,20.69,42.21975555555555,1.6202444444444524,Moderate,1,False,False,False
2024-05-06,43.03,26.86,20.65,42.26844444444445,0.7615555555555531,Moderate,1,False,False,False
2024-05-07,43.37,27.68,19.19,42.34897777777778,1.0210222222222143,Moderate,1,False,False,False
2024-05-08,43.13,27.43,19.31,42.40802222222222,0.7219777777777807,Moderate,1,False,False,False
2024-05-09,40.91,25.64,28.64,42.520022222222224,-1.6100222222222271,Moderate,1,False,False,False
2024-05-10,41.9,26.61,27.33,42.63426666666666,-0.7342666666666631,Moderate,1,False,False,False
2024-05-11,41.73,27.6,29.22,42.76553333333334,-1.0355333333333405,Moderate,1,False,False,False
2024-05-12,41.92,27.78,24.38,42.900955555555555,-0.9809555555555534,Moderate,1,False,False,False
2024-05-13,42.4,27.9,20.55,42.971399999999996,-0.571399999999997,Moderate,1,False,False,False
2024-05-14,43.09,25.36,15.96,43.02808888888889,0.06191111111111525,Moderate,1,False,False,False
2024-05-15,43.64,27.18,11.8,43.13562222222222,0.5043777777777834,Moderate,1,False,False,False
2024-05-16,44.87,26.63,12.45,43.21666666666667,1.6533333333333289,Moderate,1,False,False,False
2024-05-17,46.63,29.45,14.11,43.31635555555556,3.313644444444442,High,1,True,True,False
2024-05-18,46.88,30.52,15.12,43.413399999999996,3.466600000000007,High,2,True,True,False
2024-05-19,47.13,30.15,17.41,43.49088888888889,3.639111111111113,Extreme,3,True,True,True
2024-05-20,47.01,31.36,16.48,43.546400000000006,3.4635999999999925,Extreme,4,True,True,True
2024-05-21,45.96,30.97,14.96,43.60217777777778,2.357822222222218,High,1,False,True,False
2024-05-22,45.02,29.17,18.14,43.64451111111111,1.3754888888888956,High,1,False,True,False
2024-05-23,43.06,30.51,29.06,43.66228888888889,-0.6022888888888858,Moderate,1,False,False,False
2024-05-24,43.11,30.12,30.24,43.66553333333333,-0.5555333333333294,Moderate,1,False,False,False
2024-05-25,46.22,30.3,23.1,43.63744444444444,2.582555555555558,High,1,False,True,False
2024-05-26,47.84,30.06,16.72,43.628688888888895,4.211311111111108,Extreme,1,True,True,True
2024-05-27,47.76,29.91,15.79,43.6098,4.150199999999998,Extreme,2,True,True,True
2024-05-28,48.5,31.94,9.69,43.64233333333333,4.857666666666667,Extreme,3,True,True,True
2024-05-29,48.07,30.23,11.16,43.70124444444444,4.368755555555559,Extreme,4,True,True,True
2024-05-30,47.77,32.37,13.15,43.729311111111116,4.040688888888887,Extreme,5,True,True,True
2024-05-31,48.21,30.67,9.84,43.714000000000006,4.495999999999995,Extreme,6,True,True,True
2024-06-01,45.9,30.83,15.77,43.662400000000005,2.2375999999999934,High,1,False,True,False
2024-06-02,45.92,30.84,21.53,43.63302222222222,2.2869777777777784,High,1,False,True,False
2024-06-03,46.35,31.18,18.55,43.60995555555555,2.7400444444444503,High,1,False,True,False
2024-06-04,46.15,32.71,18.85,43.5666,2.5833999999999975,High,1,False,True,False
2024-06-05,46.09,31.35,21.15,43.53282222222222,2.557177777777781,High,1,False,True,False
2024-06-06,44.05,30.49,22.79,43.49028888888889,0.5597111111111062,Moderate,1,False,False,False
2024-06-07,44.7,30.26,26.29,43.47284444444444,1.2271555555555622,Moderate,1,False,False,False
2024-06-08,44.42,31.06,24.29,43.43511111111112,0.9848888888888823,Moderate,1,False,False,False
2024-06-09,45.02,30.37,21.07,43.40673333333333,1.613266666666675,High,1,False,True,False
2024-06-10,45.39,28.68,17.96,43.328399999999995,2.0616000000000057,High,1,False,True,False
2024-06-11,45.86,29.87,16.09,43.27304444444445,2.586955555555548,High,1,False,True,False
2024-06-12,46.81,31.17,14.95,43.14535555555556,3.6646444444444413,High,1,True,True,False
2024-06-13,47.02,31.67,19.67,43.023133333333334,3.9968666666666692,Extreme,2,True,True,True
2024-06-14,46.74,32.87,22.72,42.9322,3.8078000000000003,High,1,False,True,False
2024-06-15,47.26,32.93,20.93,42.91224444444445,4.347755555555551,Extreme,1,True,True,True
2024-06-16,47.04,33.45,21.8,42.85815555555555,4.181844444444451,Extreme,2,True,True,True
2024-06-17,47.67,34.4,23.82,42.73677777777778,4.93322222222222,Extreme,3,True,True,True
2024-06-18,47.03,35.13,24.27,42.58573333333334,4.444266666666664,Extreme,4,True,True,True
2024-06-19,47.1,34.78,24.55,42.45753333333333,4.642466666666671,Extreme,5,True,True,True
2024-06-20,43.97,33.95,27.03,42.30004444444445,1.6699555555555463,Moderate,1,False,False,False
2024-06-21,42.89,31.23,31.13,42.15328888888889,0.7367111111111129,Moderate,1,False,False,False
2024-06-22,42.5,31.32,29.25,41.95037777777778,0.5496222222222187,Moderate,1,False,False,False
2024-06-23,43.4,32.55,31.69,41.75326666666667,1.64673333333333,Moderate,1,False,False,False
2024-06-24,38.33,30.88,47.12,41.62502222222223,-3.2950222222222294,Moderate,1,False,False,False
2024-06-25,41.9,30.11,47.46,41.52491111111111,0.37508888888888947,Moderate,1,False,False,False
2024-06-26,41.11,31.88,45.85,41.37497777777777,-0.26497777777777287,Moderate,1,False,False,False
2024-06-27,34.0,29.78,69.38,41.24328888888888,-7.243288888888877,Low,1,False,False,False
2024-06-28,35.41,28.75,67.8,41.07826666666667,-5.668266666666675,Low,1,False,False,False
2024-06-29,37.27,28.94,63.35,40.90608888888888,-3.636088888888878,Low,1,False,False,False
2024-06-30,38.42,28.58,63.7,40.65440000000001,-2.234400000000008,Moderate,1,False,False,False
2024-07-01,36.54,28.73,63.93,40.44744444444445,-3.907444444444451,Low,1,False,False,False
2024-07-02,37.96,29.74,66.18,40.257533333333335,-2.297533333333334,Low,1,False,False,False
2024-07-03,33.51,28.21,78.16,40.092933333333335,-6.582933333333337,Low,1,False,False,False
2024-07-04,30.08,27.43,85.11,39.89702222222222,-9.81702222222222,Low,1,False,False,False
2024-07-05,36.95,27.12,73.22,39.696244444444446,-2.746244444444443,Low,1,False,False,False
2024-07-06,34.19,26.42,79.03,39.465066666666665,-5.2750666666666675,Low,1,False,False,False
2024-07-07,34.61,26.77,76.58,39.2772,-4.667200000000001,Low,1,False,False,False
2024-07-08,35.27,27.08,75.18,39.08133333333333,-3.81133333333333,Low,1,False,False,False
2024-07-09,32.94,27.2,75.75,38.83677777777778,-5.8967777777777854,Low,1,False,False,False
2024-07-10,37.6,27.61,67.97,38.58848888888889,-0.9884888888888881,Low,1,False,False,False
2024-07-11,38.24,27.95,69.07,38.39811111111111,-0.1581111111111113,Moderate,1,False,False,False
2024-07-12,38.53,29.68,66.0,38.20135555555556,0.32864444444444274,Moderate,1,False,False,False
2024-07-13,35.82,27.85,68.35,38.00042222222223,-2.1804222222222265,Low,1,False,False,False
2024-07-14,38.1,26.36,62.33,37.76537777777777,0.3346222222222295,Moderate,1,False,False,False
2024-07-15,37.17,28.06,66.1,37.570044444444434,-0.40004444444443266,Low,1,False,False,False
2024-07-16,38.14,28.15,68.17,37.38737777777778,0.7526222222222216,Moderate,1,False,False,False
2024-07-17,37.26,27.71,67.72,37.219022222222215,0.04097777777778333,Low,1,False,False,False
2024-07-18,36.83,28.4,70.47,37.06086666666666,-0.2308666666666639,Low,1,False,False,False
2024-07-19,36.6,28.15,70.77,36.912577777777784,-0.31257777777778273,Low,1,False,False,False
2024-07-20,36.9,27.27,68.07,36.76746666666667,0.13253333333332762,Low,1,False,False,False
2024-07-21,39.09,27.98,64.19,36.61904444444444,2.4709555555555625,Moderate,1,False,False,False
2024-07-22,37.26,27.44,68.85,36.49357777777778,0.7664222222222179,Low,1,False,False,False
2024-07-23,36.98,28.31,72.55,36.39324444444444,0.5867555555555555,Low,1,False,False,False
2024-07-24,34.98,27.19,83.12,36.31066666666666,-1.3306666666666658,Low,1,False,False,False
2024-07-25,34.85,27.72,76.87,36.208933333333334,-1.3589333333333329,Low,1,False,False,False
2024-07-26,34.08,27.91,76.35,36.05451111111111,-1.9745111111111129,Low,1,False,False,False
2024-07-27,34.63,27.38,81.12,35.91702222222222,-1.2870222222222196,Low,1,False,False,False
2024-07-28,37.11,27.76,72.77,35.76773333333333,1.3422666666666672,Low,1,False,False,False
2024-07-29,37.36,27.18,72.43,35.6622,1.6978000000000009,Low,1,False,False,False
2024-07-30,37.73,27.83,71.56,35.55608888888889,2.17391111111111,Low,1,False,False,False
2024-07-31,35.72,28.67,78.87,35.45731111111111,0.2626888888888885,Low,1,False,False,False
2024-08-01,31.42,27.07,89.15,35.36017777777778,-3.9401777777777767,Low,1,False,False,False
2024-08-02,32.37,26.07,84.65,35.27460000000001,-2.904600000000009,Low,1,False,False,False
2024-08-03,32.8,26.35,82.36,35.2078,-2.4078000000000017,Low,1,False,False,False
2024-08-04,33.44,25.38,80.32,35.15853333333333,-1.7185333333333332,Low,1,False,False,False
2024-08-05,33.22,26.16,82.51,35.105244444444445,-1.8852444444444458,Low,1,False,False,False
2024-08-06,33.54,24.7,83.27,35.03131111111111,-1.4913111111111093,Low,1,False,False,False
2024-08-07,29.02,25.56,89.45,34.92608888888889,-5.906088888888892,Low,1,False,False,False
2024-08-08,31.86,25.22,88.12,34.80277777777778,-2.9427777777777777,Low,1,False,False,False
2024-08-09,30.57,26.82,91.23,34.71373333333334,-4.143733333333337,Low,1,False,False,False
2024-08-10,32.56,26.29,86.05,34.68682222222222,-2.1268222222222164,Low,1,False,False,False
2024-08-11,30.85,26.12,87.73,34.692822222222226,-3.8428222222222246,Low,1,False,False,False
2024-08-12,31.77,25.37,86.09,34.64324444444444,-2.873244444444442,Low,1,False,False,False
2024-08-13,31.19,26.16,89.16,34.61568888888889,-3.425688888888889,Low,1,False,False,False
2024-08-14,30.83,26.65,90.84,34.593177777777775,-3.763177777777777,Low,1,False,False,False
2024-08-15,32.07,26.29,87.24,34.55428888888889,-2.4842888888888908,Low,1,False,False,False
2024-08-16,32.37,25.49,86.75,34.51386666666667,-2.143866666666675,Low,1,False,False,False
2024-08-17,31.65,26.87,86.82,34.4648,-2.814799999999998,Low,1,False,False,False
2024-08-18,33.46,26.08,84.28,34.3954,-0.9354000000000013,Low,1,False,False,False
2024-08-19,32.51,26.48,84.54,34.325044444444444,-1.815044444444446,Low,1,False,False,False
2024-08-20,32.49,25.94,84.75,34.306688888888885,-1.8166888888888835,Low,1,False,False,False
2024-08-21,33.76,25.53,82.12,34.28442222222222,-0.5244222222222206,Low,1,False,False,False
2024-08-22,33.85,26.1,81.01,34.269244444444446,-0.41924444444444475,Low,1,False,False,False
2024-08-23,30.68,26.07,83.46,34.26082222222222,-3.580822222222217,Low,1,False,False,False
2024-08-24,33.03,25.2,81.68,34.28026666666666,-1.2502666666666613,Low,1,False,False,False
2024-08-25,32.81,25.65,84.05,34.25842222222222,-1.44842222222222,Low,1,False,False,False
2024-08-26,31.99,25.26,84.37,34.20153333333333,-2.211533333333332,Low,1,False,False,False
2024-08-27,31.83,25.14,84.66,34.22771111111111,-2.3977111111111142,Low,1,False,False,False
2024-08-28,31.54,25.68,86.49,34.18877777777778,-2.648777777777781,Low,1,False,False,False
2024-08-29,31.6,24.04,85.08,34.1558,-2.555799999999998,Low,1,False,False,False
2024-08-30,32.74,25.17,77.73,34.111422222222224,-1.3714222222222219,Low,1,False,False,False
2024-08-31,33.93,24.66,77.81,34.0478,-0.11780000000000257,Low,1,False,False,False
2024-09-01,34.6,25.66,76.99,34.026466666666664,0.5735333333333372,Low,1,False,False,False
2024-09-02,28.83,26.07,88.06,34.02546666666667,-5.195466666666668,Low,1,False,False,False
2024-09-03,33.3,25.03,79.5,34.00006666666667,-0.7000666666666717,Low,1,False,False,False
2024-09-04,31.62,25.58,83.96,33.942933333333336,-2.322933333333335,Low,1,False,False,False
2024-09-05,33.24,24.46,81.96,33.876000000000005,-0.6360000000000028,Low,1,False,False,False
2024-09-06,30.48,25.38,88.27,33.858133333333335,-3.3781333333333343,Low,1,False,False,False
2024-09-07,30.88,24.97,84.63,33.84168888888888,-2.961688888888883,Low,1,False,False,False
2024-09-08,32.68,25.09,81.18,33.781866666666666,-1.101866666666666,Low,1,False,False,False
2024-09-09,31.45,25.68,82.94,33.717666666666666,-2.267666666666667,Low,1,False,False,False
2024-09-10,33.74,26.17,76.36,33.6842,0.05580000000000496,Low,1,False,False,False
2024-09-11,32.79,25.71,85.21,33.65893333333334,-0.868933333333338,Low,1,False,False,False
2024-09-12,30.23,25.75,90.04,33.67102222222222,-3.4410222222222195,Low,1,False,False,False
2024-09-13,30.81,24.52,87.18,33.67057777777778,-2.860577777777781,Low,1,False,False,False
2024-09-14,30.67,23.8,85.49,33.681244444444445,-3.0112444444444435,Low,1,False,False,False
2024-09-15,31.29,23.19,84.11,33.70724444444444,-2.4172444444444423,Low,1,False,False,False
2024-09-16,31.18,22.56,81.5,33.68386666666667,-2.503866666666667,Low,1,False,False,False
2024-09-17,31.03,22.9,80.19,33.63984444444444,-2.609844444444441,Low,1,False,False,False
2024-09-18,30.45,23.74,88.8,33.653866666666666,-3.2038666666666664,Low,1,False,False,False
2024-09-19,30.84,23.76,86.45,33.68624444444445,-2.846244444444448,Low,1,False,False,False
2024-09-20,31.93,24.02,83.68,33.73446666666667,-1.80446666666667,Low,1,False,False,False
2024-09-21,32.28,23.99,82.88,33.76326666666667,-1.4832666666666654,Low,1,False,False,False
2024-09-22,33.44,25.38,81.54,33.785111111111114,-0.34511111111111603,Low,1,False,False,False
2024-09-23,33.41,25.19,82.91,33.812266666666666,-0.40226666666666944,Low,1,False,False,False
2024-09-24,34.37,26.37,75.8,33.852244444444445,0.5177555555555529,Low,1,False,False,False
2024-09-25,32.23,25.32,86.49,33.869955555555556,-1.6399555555555594,Low,1,False,False,False
2024-09-26,30.16,25.1,88.79,33.876977777777775,-3.7169777777777746,Low,1,False,False,False
2024-09-27,30.14,24.33,87.68,33.85371111111111,-3.7137111111111096,Low,1,False,False,False
2024-09-28,29.57,23.21,90.19,33.837022222222224,-4.267022222222224,Low,1,False,False,False
2024-09-29,31.94,23.72,81.01,33.81057777777777,-1.870577777777772,Low,1,False,False,False
2024-09-30,31.57,23.3,80.79,33.79295555555556,-2.222955555555558,Low,1,False,False,False
2024-10-01,32.15,22.78,77.42,33.80177777777778,-1.651777777777781,Low,1,False,False,False
2024-10-02,33.22,22.54,74.81,33.83797777777778,-0.6179777777777815,Low,1,False,False,False
2024-10-03,32.67,21.46,69.29,33.836644444444445,-1.1666444444444437,Low,1,False,False,False
2024-10-04,32.42,20.35,74.69,33.79262222222222,-1.372622222222219,Low,1,False,False,False
2024-10-05,32.23,22.42,78.14,33.739222222222224,-1.5092222222222276,Low,1,False,False,False
2024-10-06,32.87,21.8,73.77,33.674622222222226,-0.8046222222222283,Low,1,False,False,False
2024-10-07,31.81,20.36,71.46,33.59664444444444,-1.7866444444444447,Low,1,False,False,False
2024-10-08,32.15,21.34,65.25,33.52768888888889,-1.3776888888888905,Low,1,False,False,False
2024-10-09,31.47,21.92,64.92,33.42704444444445,-1.957044444444449,Low,1,False,False,False
2024-10-10,31.96,20.08,69.56,33.3528,-1.3928000000000011,Low,1,False,False,False
2024-10-11,31.2,17.93,64.88,33.248866666666665,-2.0488666666666653,Low,1,False,False,False
2024-10-12,31.74,17.6,59.33,33.1806,-1.4405999999999999,Low,1,False,False,False
2024-10-13,31.65,17.89,60.75,33.08891111111111,-1.4389111111111106,Low,1,False,False,False
2024-10-14,31.29,20.6,66.48,33.01328888888889,-1.723288888888888,Low,1,False,False,False
2024-10-15,31.31,18.78,56.2,32.931422222222224,-1.6214222222222254,Low,1,False,False,False
2024-10-16,32.09,17.19,58.63,32.800066666666666,-0.7100666666666626,Low,1,False,False,False
2024-10-17,32.8,19.15,64.25,32.659822222222225,0.1401777777777724,Low,1,False,False,False
2024-10-18,33.05,19.65,62.99,32.51526666666666,0.5347333333333353,Low,1,False,False,False
2024-10-19,32.0,20.33,67.11,32.42591111111111,-0.42591111111111246,Low,1,False,False,False
2024-10-20,32.73,20.24,66.14,32.321822222222224,0.4081777777777731,Low,1,False,False,False
2024-10-21,31.42,19.7,72.21,32.220800000000004,-0.8008000000000024,Low,1,False,False,False
2024-10-22,31.51,19.77,74.97,32.141777777777776,-0.6317777777777742,Low,1,False,False,False
2024-10-23,31.98,18.79,66.57,32.04991111111111,-0.06991111111110726,Low,1,False,False,False
2024-10-24,32.33,17.59,66.73,31.9858,0.3441999999999972,Low,1,False,False,False
2024-10-25,32.22,18.08,63.01,31.882377777777776,0.3376222222222225,Low,1,False,False,False
2024-10-26,32.23,18.61,61.69,31.814066666666662,0.41593333333333504,Low,1,False,False,False
2024-10-27,30.68,18.78,69.85,31.70722222222222,-1.0272222222222211,Low,1,False,False,False
2024-10-28,30.78,19.13,79.63,31.621,-0.8409999999999975,Low,1,False,False,False
2024-10-29,33.03,19.27,74.41,31.512844444444443,1.5171555555555578,Low,1,False,False,False
2024-10-30,34.74,19.98,65.07,31.401288888888892,3.3387111111111096,Moderate,1,True,False,False
2024-10-31,32.81,20.21,58.6,31.304266666666667,1.5057333333333354,Low,1,False,False,False
2024-11-01,32.15,16.66,49.4,31.194844444444442,0.9551555555555566,Low,1,False,False,False
2024-11-02,32.37,18.4,52.38,31.099111111111107,1.2708888888888907,Low,1,False,False,False
2024-11-03,31.56,17.25,57.63,30.972644444444445,0.5873555555555541,Low,1,False,False,False
2024-11-04,30.42,16.91,64.86,30.84648888888889,-0.4264888888888869,Low,1,False,False,False
2024-11-05,30.31,16.52,69.13,30.698422222222224,-0.3884222222222249,Low,1,False,False,False
2024-11-06,30.14,16.71,68.3,30.530866666666665,-0.39086666666666403,Low,1,False,False,False
2024-11-07,29.92,17.53,71.49,30.36888888888889,-0.448888888888888,Low,1,False,False,False
2024-11-08,30.31,17.39,73.68,30.216711111111113,0.09328888888888542,Low,1,False,False,False
2024-11-09,30.82,17.72,75.92,30.088288888888886,0.7317111111111139,Low,1,False,False,False
2024-11-10,30.91,17.02,66.71,29.936999999999998,0.9730000000000025,Low,1,False,False,False
2024-11-11,30.88,17.59,64.43,29.803711111111113,1.076288888888886,Low,1,False,False,False
2024-11-12,31.95,17.68,60.45,29.650355555555556,2.299644444444443,Low,1,False,False,False
2024-11-13,29.91,16.17,53.42,29.476444444444443,0.43355555555555725,Low,1,False,False,False
2024-11-14,29.68,16.85,48.97,29.300555555555555,0.37944444444444514,Low,1,False,False,False
2024-11-15,29.84,16.97,50.03,29.14313333333333,0.6968666666666685,Low,1,False,False,False
2024-11-16,28.86,14.86,51.4,28.98662222222222,-0.12662222222222042,Low,1,False,False,False
2024-11-17,28.58,16.45,53.46,28.77284444444444,-0.19284444444444304,Low,1,False,False,False
2024-11-18,26.31,12.75,52.76,28.588733333333334,-2.278733333333335,Low,1,False,False,False
2024-11-19,26.37,12.33,48.16,28.408200000000004,-2.0382000000000033,Low,1,False,False,False
2024-11-20,26.58,11.74,44.78,28.232511111111112,-1.6525111111111137,Low,1,False,False,False
2024-11-21,26.68,11.7,41.55,28.08188888888889,-1.401888888888891,Low,1,False,False,False
2024-11-22,26.47,12.33,41.14,27.934555555555555,-1.464555555555556,Low,1,False,False,False
2024-11-23,27.63,12.55,48.05,27.75091111111111,-0.12091111111111275,Low,1,False,False,False
2024-11-24,28.38,12.38,50.04,27.52846666666667,0.8515333333333288,Low,1,False,False,False
2024-11-25,26.71,11.79,52.52,27.344111111111108,-0.6341111111111069,Low,1,False,False,False
2024-11-26,26.61,10.96,48.36,27.173555555555556,-0.5635555555555563,Low,1,False,False,False
2024-11-27,25.94,11.96,48.55,27.019755555555555,-1.079755555555554,Low,1,False,False,False
2024-11-28,26.45,12.53,44.89,26.90706666666667,-0.4570666666666696,Low,1,False,False,False
2024-11-29,25.88,11.81,44.33,26.79688888888889,-0.9168888888888915,Low,1,False,False,False
2024-11-30,25.76,11.16,47.81,26.675022222222218,-0.9150222222222162,Low,1,False,False,False
2024-12-01,26.0,11.02,48.45,26.570155555555555,-0.5701555555555551,Low,1,False,False,False
2024-12-02,27.06,13.11,47.4,26.477844444444443,0.5821555555555555,Low,1,False,False,False
2024-12-03,27.83,14.24,51.27,26.311577777777774,1.518422222222224,Low,1,False,False,False
2024-12-04,27.51,12.41,52.08,26.14382222222222,1.3661777777777822,Low,1,False,False,False
2024-12-05,25.18,9.68,46.62,26.005266666666664,-0.8252666666666642,Low,1,False,False,False
2024-12-06,25.3,9.3,46.85,25.860755555555553,-0.5607555555555521,Low,1,False,False,False
2024-12-07,23.43,9.65,37.67,25.690422222222224,-2.2604222222222248,Low,1,False,False,False
2024-12-08,23.43,7.19,45.52,25.55206666666667,-2.1220666666666688,Low,1,False,False,False
2024-12-09,21.53,8.76,60.69,25.45042222222222,-3.920422222222218,Low,1,False,False,False
2024-12-10,22.06,6.58,48.65,25.335266666666666,-3.275266666666667,Low,1,False,False,False
2024-12-11,22.43,4.37,33.17,25.200733333333332,-2.7707333333333324,Low,1,False,False,False
2024-12-12,21.75,4.17,35.65,25.026177777777775,-3.276177777777775,Low,1,False,False,False
2024-12-13,22.66,5.12,38.43,24.84988888888889,-2.189888888888891,Low,1,False,False,False
2024-12-14,22.49,4.07,36.87,24.67351111111111,-2.1835111111111125,Low,1,False,False,False
2024-12-15,21.83,4.96,35.5,24.513511111111107,-2.683511111111109,Low,1,False,False,False
2024-12-16,22.33,6.09,33.94,24.31308888888889,-1.98308888888889,Low,1,False,False,False
2024-12-17,23.24,8.47,31.46,24.155755555555555,-0.9157555555555561,Low,1,False,False,False
2024-12-18,22.47,7.21,35.23,24.0546,-1.5846000000000018,Low,1,False,False,False
2024-12-19,21.23,7.57,42.94,23.948666666666664,-2.718666666666664,Low,1,False,False,False
2024-12-20,23.43,8.1,48.53,23.82611111111111,-0.39611111111111086,Low,1,False,False,False
2024-12-21,23.69,7.23,52.19,23.708155555555557,-0.01815555555555548,Low,1,False,False,False
2024-12-22,23.64,11.08,47.83,23.624844444444445,0.015155555555555367,Low,1,False,False,False
2024-12-23,19.98,7.32,57.92,23.505444444444446,-3.525444444444446,Low,1,False,False,False
2024-12-24,21.41,9.94,63.86,23.33804444444445,-1.9280444444444491,Low,1,False,False,False
2024-12-25,23.42,9.09,66.08,23.18155555555556,0.23844444444444335,Low,1,False,False,False
2024-12-26,24.34,8.49,52.7,23.04928888888889,1.2907111111111114,Low,1,False,False,False
2024-12-27,23.76,13.56,64.59,22.9332,0.8268000000000022,Low,1,False,False,False
2024-12-28,19.26,11.41,87.76,22.826666666666668,-3.5666666666666664,Low,1,False,False,False
2024-12-29,22.34,9.35,72.73,22.74795555555556,-0.40795555555556007,Low,1,False,False,False
2024-12-30,20.98,6.11,55.76,22.659,-1.6789999999999985,Low,1,False,False,False
2024-12-31,20.6,5.47,49.13,22.60408888888889,-2.0040888888888873,Low,1,False,False,False
2025-01-01,22.69,4.7,45.72,22.535333333333337,0.15466666666666384,Low,1,False,False,False
2025-01-02,20.97,8.47,47.31,22.474777777777778,-1.5047777777777789,Low,1,False,False,False
2025-01-03,22.96,8.8,51.3,22.452133333333336,0.5078666666666649,Low,1,False,False,False
2025-01-04,25.63,9.05,51.49,22.437755555555558,3.192244444444441,Moderate,1,True,False,False
2025-01-05,23.98,7.17,56.55,22.431400000000004,1.5485999999999969,Low,1,False,False,False
2025-01-06,21.98,8.98,61.57,22.391222222222222,-0.4112222222222215,Low,1,False,False,False
2025-01-07,21.11,7.11,58.99,22.42482222222222,-1.3148222222222223,Low,1,False,False,False
2025-01-08,22.06,4.23,41.82,22.491222222222223,-0.4312222222222246,Low,1,False,False,False
2025-01-09,22.7,5.83,34.59,22.51342222222222,0.18657777777777795,Low,1,False,False,False
2025-01-10,21.44,6.93,32.88,22.509244444444445,-1.0692444444444433,Low,1,False,False,False
2025-01-11,19.87,4.88,49.01,22.535800000000002,-2.665800000000001,Low,1,False,False,False
2025-01-12,19.3,7.35,74.62,22.5652,-3.2652,Low,1,False,False,False
2025-01-13,22.65,6.61,69.46,22.58406666666666,0.06593333333333717,Low,1,False,False,False
2025-01-14,22.52,5.12,48.98,22.604177777777775,-0.08417777777777502,Low,1,False,False,False
2025-01-15,21.81,7.75,46.41,22.64688888888889,-0.8368888888888897,Low,1,False,False,False
2025-01-16,17.66,10.24,78.08,22.71151111111111,-5.051511111111111,Low,1,False,False,False
2025-01-17,21.38,7.47,65.43,22.784866666666662,-1.4048666666666634,Low,1,False,False,False
2025-01-18,21.11,6.0,44.93,22.887088888888886,-1.777088888888887,Low,1,False,False,False
2025-01-19,26.43,9.26,46.35,23.033711111111106,3.3962888888888934,Moderate,1,True,False,False
2025-01-20,25.36,9.92,46.96,23.159355555555553,2.200644444444446,Low,1,False,False,False
2025-01-21,26.34,8.46,45.82,23.260111111111115,3.0798888888888847,Low,1,False,False,False
2025-01-22,26.05,8.56,50.48,23.339355555555557,2.710644444444444,Low,1,False,False,False
2025-01-23,24.97,10.96,46.63,23.456488888888885,1.5135111111111144,Low,1,False,False,False
2025-01-24,24.55,7.06,44.5,23.577688888888886,0.9723111111111145,Low,1,False,False,False
2025-01-25,25.03,6.35,35.54,23.7166,1.3134000000000015,Low,1,False,False,False
2025-01-26,24.53,3.75,32.29,23.872511111111113,0.6574888888888886,Low,1,False,False,False
2025-01-27,23.89,4.18,33.66,24.0528,-0.16280000000000072,Low,1,False,False,False
2025-01-28,25.02,4.08,30.52,24.255044444444444,0.7649555555555558,Low,1,False,False,False
2025-01-29,26.0,7.08,34.13,24.43764444444444,1.562355555555559,Low,1,False,False,False
2025-01-30,26.03,8.14,38.91,24.64611111111111,1.3838888888888903,Low,1,False,False,False
2025-01-31,26.41,8.06,41.71,24.836555555555556,1.5734444444444442,Low,1,False,False,False
2025-02-01,26.33,10.52,39.68,24.962155555555558,1.3678444444444402,Low,1,False,False,False
2025-02-02,26.74,9.77,48.01,25.038933333333333,1.7010666666666658,Low,1,False,False,False
2025-02-03,26.83,9.07,42.49,25.05077777777778,1.77922222222222,Low,1,False,False,False
2025-02-04,26.11,12.56,44.6,25.08062222222222,1.0293777777777784,Low,1,False,False,False
2025-02-05,24.19,9.39,44.38,25.21828888888889,-1.0282888888888877,Low,1,False,False,False
2025-02-06,24.33,7.15,35.93,25.346244444444448,-1.0162444444444496,Low,1,False,False,False
2025-02-07,24.64,6.82,37.24,25.447022222222223,-0.8070222222222228,Low,1,False,False,False
2025-02-08,27.0,7.49,33.55,25.5608,1.4391999999999996,Low,1,False,False,False
2025-02-09,27.9,8.96,30.48,25.69815555555556,2.20184444444444,Low,1,False,False,False
2025-02-10,29.03,11.58,30.7,25.818933333333334,3.2110666666666674,Low,1,False,False,False
2025-02-11,29.47,12.88,33.14,25.900955555555555,3.569044444444444,Low,1,False,False,False
2025-02-12,27.28,11.77,38.97,25.980733333333333,1.299266666666668,Low,1,False,False,False
2025-02-13,27.68,9.4,30.39,26.121555555555556,1.5584444444444436,Low,1,False,False,False
2025-02-14,28.89,8.46,30.19,26.23182222222222,2.65817777777778,Low,1,False,False,False
2025-02-15,28.15,12.21,34.76,26.372622222222223,1.777377777777776,Low,1,False,False,False
2025-02-16,28.52,9.9,42.91,26.5314,1.9885999999999981,Low,1,False,False,False
2025-02-17,29.96,14.7,35.99,26.72222222222222,3.2377777777777794,Low,1,False,False,False
2025-02-18,29.97,14.06,36.46,26.923044444444443,3.046955555555556,Low,1,False,False,False
2025-02-19,28.75,11.69,34.88,27.12337777777778,1.6266222222222204,Low,1,False,False,False
2025-02-20,27.81,14.14,52.68,27.301733333333335,0.508266666666664,Low,1,False,False,False
2025-02-21,28.3,12.7,51.58,27.478200000000005,0.8217999999999961,Low,1,False,False,False
2025-02-22,25.39,11.45,48.25,27.628056206088992,-2.2380562060889915,Low,1,False,False,False
2025-02-23,28.23,10.56,44.16,27.868032786885248,0.36196721311475244,Low,1,False,False,False
2025-02-24,28.33,11.45,42.58,28.07224824355972,0.25775175644027826,Low,1,False,False,False
2025-02-25,29.58,14.31,40.05,28.334262295081967,1.2457377049180316,Low,1,False,False,False
2025-02-26,30.56,14.68,37.94,28.601615925058546,1.9583840749414527,Low,1,False,False,False
2025-02-27,26.52,16.67,52.51,28.863559718969555,-2.343559718969555,Low,1,False,False,False
2025-02-28,24.49,16.39,68.65,29.11730679156909,-4.62730679156909,Low,1,False,False,False
2025-03-01,28.71,14.36,63.49,29.60613583138173,-0.8961358313817307,Low,1,False,False,False
2025-03-02,29.91,13.55,45.89,29.87288056206089,0.03711943793911132,Low,1,False,False,False
2025-03-03,31.28,10.24,33.78,30.130163934426232,1.1498360655737692,Low,1,False,False,False
2025-03-04,28.24,13.91,39.08,30.42782201405152,-2.187822014051523,Low,1,False,False,False
2025-03-05,27.0,9.58,29.95,30.675995316159256,-3.6759953161592556,Low,1,False,False,False
2025-03-06,30.07,8.49,27.46,30.9004449648712,-0.830444964871198,Low,1,False,False,False
2025-03-07,30.65,10.76,29.36,31.094121779859485,-0.4441217798594863,Low,1,False,False,False
2025-03-08,31.74,10.7,30.1,31.1864,0.5535999999999994,Low,1,False,False,False
2025-03-09,33.33,13.42,28.32,31.4392,1.8907999999999987,Low,1,False,False,False
2025-03-10,34.22,14.44,28.97,31.7304,2.4895999999999994,Low,1,False,False,False
2025-03-11,35.64,17.14,31.41,31.999466666666663,3.6405333333333374,Low,1,False,False,False
2025-03-12,35.5,16.69,37.05,32.2746,3.2254000000000005,Low,1,False,False,False
2025-03-13,35.71,20.27,38.0,32.522,3.1880000000000024,Low,1,False,False,False
2025-03-14,35.66,20.56,35.16,32.714844444444445,2.9451555555555515,Low,1,False,False,False
2025-03-15,34.66,18.49,34.74,32.89988888888889,1.760111111111108,Low,1,False,False,False
2025-03-16,33.63,18.04,36.11,33.123022222222225,0.5069777777777773,Low,1,False,False,False
2025-03-17,31.54,15.83,37.59,33.33011111111111,-1.7901111111111092,Low,1,False,False,False
2025-03-18,32.83,14.12,32.91,33.50428888888889,-0.6742888888888885,Low,1,False,False,False
2025-03-19,35.06,15.65,26.63,33.67991111111111,1.380088888888892,Low,1,False,False,False
2025-03-20,36.06,15.87,25.87,33.88886666666667,2.17113333333333,Low,1,False,False,False
2025-03-21,35.24,15.6,26.81,34.141866666666665,1.0981333333333367,Low,1,False,False,False
2025-03-22,33.88,18.14,22.56,34.41535555555556,-0.5353555555555545,Low,1,False,False,False
2025-03-23,35.63,15.22,20.84,34.6516,0.9784000000000006,Low,1,False,False,False
2025-03-24,37.05,15.6,17.23,34.84142222222223,2.2085777777777693,Low,1,False,False,False
2025-03-25,38.6,17.29,19.38,34.99291111111111,3.607088888888889,Moderate,1,False,False,False
2025-03-26,40.1,21.71,19.44,35.14222222222222,4.957777777777778,High,1,True,True,False
2025-03-27,39.51,21.65,19.25,35.28031111111111,4.229688888888887,Moderate,1,False,False,False
2025-03-28,36.4,17.96,11.72,35.43346666666667,0.9665333333333308,Low,1,False,False,False
2025-03-29,31.35,13.43,10.3,35.61944444444445,-4.269444444444446,Low,1,False,False,False
2025-03-30,35.76,15.61,11.33,35.83931111111111,-0.07931111111111022,Low,1,False,False,False
2025-03-31,37.1,14.11,12.65,36.04628888888888,1.0537111111111201,Low,1,False,False,False
2025-04-01,36.57,15.4,16.39,36.27857777777778,0.2914222222222236,Low,1,False,False,False
2025-04-02,38.55,18.59,13.08,36.52422222222223,2.025777777777769,Moderate,1,False,False,False
2025-04-03,39.25,20.28,11.41,36.733377777777775,2.5166222222222245,Moderate,1,False,False,False
2025-04-04,39.5,21.67,14.3,36.97615555555555,2.5238444444444497,Moderate,1,False,False,False
2025-04-05,38.44,18.51,19.24,37.18664444444445,1.253355555555551,Moderate,1,False,False,False
2025-04-06,40.69,19.49,16.07,37.409155555555564,3.2808444444444333,Moderate,1,False,False,False
2025-04-07,41.75,21.77,16.86,37.60075555555556,4.149244444444442,Moderate,1,True,False,False
2025-04-08,41.42,22.75,16.94,37.809333333333335,3.610666666666667,Moderate,1,False,False,False
2025-04-09,41.57,22.97,22.7,38.03431111111111,3.5356888888888918,Moderate,1,False,False,False
2025-04-10,40.46,25.2,26.03,38.20848888888889,2.251511111111114,Moderate,1,False,False,False
2025-04-11,39.73,23.55,33.81,38.400977777777776,1.3290222222222212,Moderate,1,False,False,False
2025-04-12,37.07,20.75,37.59,38.63024444444444,-1.560244444444443,Low,1,False,False,False
2025-04-13,38.51,22.49,28.17,38.87571111111111,-0.36571111111111065,Moderate,1,False,False,False
2025-04-14,38.33,22.44,25.88,39.07668888888889,-0.7466888888888903,Moderate,1,False,False,False
2025-04-15,38.45,23.42,29.1,39.27815555555555,-0.8281555555555471,Moderate,1,False,False,False
2025-04-16,39.62,24.36,27.42,39.456488888888885,0.16351111111111294,Moderate,1,False,False,False
2025-04-17,41.78,24.68,25.1,39.64866666666667,2.1313333333333304,Moderate,1,False,False,False
2025-04-18,42.65,23.88,25.63,39.89935555555555,2.750644444444447,Moderate,1,False,False,False
2025-04-19,41.9,25.11,29.96,40.11044444444445,1.7895555555555518,Moderate,1,False,False,False
2025-04-20,41.68,24.25,27.35,40.290644444444446,1.3893555555555537,Moderate,1,False,False,False
2025-04-21,42.4,26.13,15.3,40.50011111111111,1.8998888888888885,Moderate,1,False,False,False
2025-04-22,42.57,20.65,8.6,40.71031111111112,1.8596888888888827,Moderate,1,False,False,False
2025-04-23,41.95,22.5,11.75,40.933755555555564,1.016244444444439,Moderate,1,False,False,False
2025-04-24,42.74,23.0,6.93,41.10231111111111,1.6376888888888885,Moderate,1,False,False,False
2025-04-25,43.78,23.65,8.1,41.282799999999995,2.4972000000000065,Moderate,1,False,False,False
2025-04-26,43.69,26.57,9.49,41.434333333333335,2.255666666666663,Moderate,1,False,False,False
2025-04-27,42.24,24.54,12.17,41.52704444444444,0.7129555555555598,Moderate,1,False,False,False
2025-04-28,41.97,23.41,15.72,41.64384444444444,0.32615555555555886,Moderate,1,False,False,False
2025-04-29,39.09,22.96,23.65,41.76173333333333,-2.6717333333333286,Moderate,1,False,False,False
2025-04-30,39.22,23.52,30.42,41.832,-2.612000000000002,Moderate,1,False,False,False
2025-05-01,38.84,24.78,33.83,41.93557777777777,-3.0955777777777698,Moderate,1,False,False,False
2025-05-02,34.18,24.98,51.26,42.023155555555554,-7.843155555555555,Low,1,False,False,False
2025-05-03,35.27,23.34,52.19,42.078399999999995,-6.808399999999992,Low,1,False,False,False
2025-05-04,37.1,22.96,47.06,42.13955555555556,-5.039555555555559,Low,1,False,False,False
2025-05-05,36.69,22.11,51.07,42.21975555555555,-5.529755555555553,Low,1,False,False,False
2025-05-06,35.12,23.89,41.23,42.26844444444445,-7.148444444444451,Low,1,False,False,False
2025-05-07,36.7,25.27,42.05,42.34897777777778,-5.64897777777778,Low,1,False,False,False
2025-05-08,37.49,25.45,43.49,42.40802222222222,-4.91802222222222,Low,1,False,False,False
2025-05-09,37.27,25.22,42.01,42.520022222222224,-5.250022222222221,Low,1,False,False,False
2025-05-10,38.14,25.59,44.7,42.63426666666666,-4.494266666666661,Moderate,1,False,False,False
2025-05-11,40.14,26.18,41.14,42.76553333333334,-2.625533333333337,Moderate,1,False,False,False
2025-05-12,41.42,27.07,32.25,42.900955555555555,-1.4809555555555534,Moderate,1,False,False,False
2025-05-13,41.87,27.39,37.81,42.971399999999996,-1.1013999999999982,Moderate,1,False,False,False
2025-05-14,42.02,26.44,37.71,43.02808888888889,-1.008088888888885,Moderate,1,False,False,False
2025-05-15,43.2,26.46,27.46,43.13562222222222,0.06437777777778564,Moderate,1,False,False,False
2025-05-16,44.93,28.75,25.4,43.21666666666667,1.7133333333333312,Moderate,1,False,False,False
2025-05-17,43.88,27.83,26.85,43.31635555555556,0.5636444444444422,Moderate,1,False,False,False
2025-05-18,44.43,27.62,27.74,43.413399999999996,1.016600000000004,Moderate,1,False,False,False
2025-05-19,43.36,26.97,23.43,43.49088888888889,-0.13088888888889016,Moderate,1,False,False,False
2025-05-20,44.48,28.54,25.06,43.546400000000006,0.9335999999999913,Moderate,1,False,False,False
2025-05-21,44.38,29.8,24.03,43.60217777777778,0.7778222222222198,Moderate,1,False,False,False
2025-05-22,37.09,24.59,44.63,43.64451111111111,-6.554511111111104,Low,1,False,False,False
2025-05-23,39.92,25.82,38.75,43.66228888888889,-3.7422888888888863,Moderate,1,False,False,False
2025-05-24,39.99,27.19,37.73,43.66553333333333,-3.675533333333327,Moderate,1,False,False,False
2025-05-25,35.24,26.72,54.34,43.63744444444444,-8.397444444444439,Low,1,False,False,False
2025-05-26,38.05,26.53,48.46,43.628688888888895,-5.578688888888898,Moderate,1,False,False,False
2025-05-27,39.39,26.06,41.29,43.6098,-4.219799999999999,Moderate,1,False,False,False
2025-05-28,39.8,27.54,45.99,43.64233333333333,-3.842333333333336,Moderate,1,False,False,False
2025-05-29,40.77,28.16,42.33,43.70124444444444,-2.931244444444438,Moderate,1,False,False,False
2025-05-30,40.35,27.13,42.26,43.729311111111116,-3.3793111111111145,Moderate,1,False,False,False
2025-05-31,41.16,27.38,33.24,43.714000000000006,-2.554000000000009,Moderate,1,False,False,False
2025-06-01,40.76,26.23,40.29,43.662400000000005,-2.902400000000007,Moderate,1,False,False,False
2025-06-02,38.25,24.41,46.42,43.63302222222222,-5.383022222222223,Moderate,1,False,False,False
2025-06-03,36.93,25.44,39.17,43.60995555555555,-6.679955555555551,Low,1,False,False,False
2025-06-04,36.63,24.6,39.34,43.5666,-6.9365999999999985,Low,1,False,False,False
2025-06-05,38.43,25.3,38.34,43.53282222222222,-5.102822222222223,Moderate,1,False,False,False
2025-06-06,39.83,25.94,34.1,43.49028888888889,-3.6602888888888927,Moderate,1,False,False,False
2025-06-07,41.56,26.33,31.95,43.47284444444444,-1.9128444444444384,Moderate,1,False,False,False
2025-06-08,44.7,28.81,29.6,43.43511111111112,1.2648888888888834,Moderate,1,False,False,False
2025-06-09,45.53,29.54,24.42,43.40673333333333,2.123266666666673,High,1,False,True,False
2025-06-10,45.86,28.26,21.43,43.328399999999995,2.5316000000000045,High,1,False,True,False
2025-06-11,45.64,29.36,22.58,43.27304444444445,2.366955555555549,High,1,False,True,False
2025-06-12,44.92,30.4,27.84,43.14535555555556,1.7746444444444407,Moderate,1,False,False,False
2025-06-13,44.31,31.9,33.0,43.023133333333334,1.2868666666666684,Moderate,1,False,False,False
2025-06-14,43.07,31.04,34.83,42.9322,0.1377999999999986,Moderate,1,False,False,False
2025-06-15,40.99,30.99,38.54,42.91224444444445,-1.9222444444444449,Moderate,1,False,False,False
2025-06-16,37.48,29.38,53.61,42.85815555555555,-5.378155555555551,Low,1,False,False,False
2025-06-17,38.39,27.79,58.95,42.73677777777778,-4.346777777777781,Moderate,1,False,False,False
2025-06-18,32.63,27.89,74.29,42.58573333333334,-9.955733333333335,Low,1,False,False,False
2025-06-19,36.71,27.03,60.04,42.45753333333333,-5.74753333333333,Low,1,False,False,False
2025-06-20,38.45,28.0,58.38,42.30004444444445,-3.8500444444444497,Moderate,1,False,False,False
2025-06-21,40.62,28.35,51.18,42.15328888888889,-1.5332888888888903,Moderate,1,False,False,False
2025-06-22,40.04,29.52,49.49,41.95037777777778,-1.9103777777777822,Moderate,1,False,False,False
2025-06-23,39.74,29.28,53.1,41.75326666666667,-2.0132666666666665,Moderate,1,False,False,False
2025-06-24,39.27,28.78,51.05,41.62502222222223,-2.3550222222222246,Moderate,1,False,False,False
2025-06-25,38.92,29.75,51.69,41.52491111111111,-2.6049111111111074,Moderate,1,False,False,False
2025-06-26,38.88,29.3,53.01,41.37497777777777,-2.4949777777777697,Moderate,1,False,False,False
2025-06-27,40.1,29.67,49.95,41.24328888888888,-1.1432888888888755,Moderate,1,False,False,False
2025-06-28,37.72,29.54,54.03,41.07826666666667,-3.3582666666666725,Low,1,False,False,False
2025-06-29,37.74,28.09,64.5,40.90608888888888,-3.166088888888879,Low,1,False,False,False
2025-06-30,30.12,26.29,87.23,40.65440000000001,-10.534400000000009,Low,1,False,False,False
2025-07-01,36.42,25.58,65.92,40.44744444444445,-4.027444444444448,Low,1,False,False,False
2025-07-02,37.05,26.7,64.87,40.257533333333335,-3.2075333333333376,Low,1,False,False,False
2025-07-03,36.74,27.71,64.38,40.092933333333335,-3.3529333333333327,Low,1,False,False,False
2025-07-04,36.21,27.46,68.34,39.89702222222222,-3.687022222222218,Low,1,False,False,False
2025-07-05,37.61,27.86,64.19,39.696244444444446,-2.0862444444444463,Low,1,False,False,False
2025-07-06,35.33,27.82,70.86,39.465066666666665,-4.135066666666667,Low,1,False,False,False
2025-07-07,36.84,27.46,67.35,39.2772,-2.437199999999997,Low,1,False,False,False
2025-07-08,35.63,28.07,69.82,39.08133333333333,-3.4513333333333307,Low,1,False,False,False
2025-07-09,35.24,27.18,71.74,38.83677777777778,-3.596777777777781,Low,1,False,False,False
2025-07-10,30.08,26.41,84.64,38.58848888888889,-8.508488888888891,Low,1,False,False,False
2025-07-11,34.98,25.91,71.62,38.39811111111111,-3.4181111111111164,Low,1,False,False,False
2025-07-12,36.31,26.33,68.06,38.20135555555556,-1.8913555555555561,Low,1,False,False,False
2025-07-13,32.57,26.43,76.68,38.00042222222223,-5.4304222222222265,Low,1,False,False,False
2025-07-14,31.67,26.39,81.26,37.76537777777777,-6.09537777777777,Low,1,False,False,False
2025-07-15,33.37,25.84,81.5,37.570044444444434,-4.200044444444437,Low,1,False,False,False
2025-07-16,32.31,25.11,78.12,37.38737777777778,-5.077377777777777,Low,1,False,False,False
2025-07-17,33.21,24.97,78.18,37.219022222222215,-4.009022222222214,Low,1,False,False,False
2025-07-18,33.07,25.56,76.98,37.06086666666666,-3.990866666666662,Low,1,False,False,False
2025-07-19,34.6,24.74,76.54,36.912577777777784,-2.3125777777777827,Low,1,False,False,False
2025-07-20,37.04,25.81,70.69,36.76746666666667,0.2725333333333282,Low,1,False,False,False
2025-07-21,34.27,26.48,72.1,36.61904444444444,-2.349044444444438,Low,1,False,False,False
2025-07-22,31.66,26.85,79.71,36.49357777777778,-4.83357777777778,Low,1,False,False,False
2025-07-23,33.03,26.92,82.6,36.39324444444444,-3.3632444444444403,Low,1,False,False,False
2025-07-24,35.36,26.61,74.16,36.31066666666666,-0.9506666666666632,Low,1,False,False,False
2025-07-25,35.22,27.86,71.93,36.208933333333334,-0.9889333333333354,Low,1,False,False,False
2025-07-26,37.83,27.57,69.54,36.05451111111111,1.7754888888888871,Low,1,False,False,False
2025-07-27,36.5,27.62,69.97,35.91702222222222,0.5829777777777778,Low,1,False,False,False
2025-07-28,32.45,27.17,77.1,35.76773333333333,-3.3177333333333294,Low,1,False,False,False
2025-07-29,30.57,26.29,85.44,35.6622,-5.092199999999998,Low,1,False,False,False
2025-07-30,33.32,26.9,84.33,35.55608888888889,-2.2360888888888866,Low,1,False,False,False
2025-07-31,33.03,26.44,85.09,35.45731111111111,-2.427311111111109,Low,1,False,False,False
2025-08-01,34.21,26.74,81.49,35.36017777777778,-1.1501777777777775,Low,1,False,False,False
2025-08-02,33.47,26.05,81.07,35.27460000000001,-1.8046000000000078,Low,1,False,False,False
2025-08-03,32.66,26.13,82.74,35.2078,-2.5478000000000023,Low,1,False,False,False
2025-08-04,33.23,26.34,83.93,35.15853333333333,-1.928533333333334,Low,1,False,False,False
2025-08-05,31.39,26.34,88.16,35.105244444444445,-3.715244444444444,Low,1,False,False,False
2025-08-06,31.77,25.58,82.44,35.03131111111111,-3.261311111111109,Low,1,False,False,False
2025-08-07,33.99,24.74,78.66,34.92608888888889,-0.9360888888888894,Low,1,False,False,False
2025-08-08,34.01,25.59,77.12,34.80277777777778,-0.7927777777777791,Low,1,False,False,False
2025-08-09,31.45,25.76,83.7,34.71373333333334,-3.263733333333338,Low,1,False,False,False
2025-08-10,32.13,25.25,81.88,34.68682222222222,-2.556822222222216,Low,1,False,False,False
2025-08-11,33.39,26.23,82.53,34.692822222222226,-1.3028222222222254,Low,1,False,False,False
2025-08-12,33.13,26.47,83.34,34.64324444444444,-1.5132444444444388,Low,1,False,False,False
2025-08-13,32.89,26.07,83.08,34.61568888888889,-1.7256888888888895,Low,1,False,False,False
2025-08-14,30.73,25.12,89.8,34.593177777777775,-3.863177777777775,Low,1,False,False,False
2025-08-15,31.95,24.42,83.6,34.55428888888889,-2.6042888888888918,Low,1,False,False,False
2025-08-16,32.44,25.01,83.95,34.51386666666667,-2.0738666666666745,Low,1,False,False,False
2025-08-17,32.75,25.46,84.89,34.4648,-1.7147999999999968,Low,1,False,False,False
2025-08-18,30.2,26.24,90.4,34.3954,-4.195400000000003,Low,1,False,False,False
2025-08-19,32.86,25.3,83.85,34.325044444444444,-1.4650444444444446,Low,1,False,False,False
2025-08-20,32.23,25.4,84.55,34.306688888888885,-2.0766888888888886,Low,1,False,False,False
2025-08-21,32.5,25.61,84.6,34.28442222222222,-1.7844222222222186,Low,1,False,False,False
2025-08-22,33.45,25.91,81.54,34.269244444444446,-0.8192444444444433,Low,1,False,False,False
2025-08-23,31.82,25.93,86.76,34.26082222222222,-2.4408222222222165,Low,1,False,False,False
2025-08-24,31.9,25.07,86.64,34.28026666666666,-2.380266666666664,Low,1,False,False,False
2025-08-25,29.13,25.54,92.24,34.25842222222222,-5.128422222222223,Low,1,False,False,False
2025-08-26,31.56,24.87,87.58,34.20153333333333,-2.6415333333333315,Low,1,False,False,False
2025-08-27,32.32,25.27,85.08,34.22771111111111,-1.9077111111111122,Low,1,False,False,False
2025-08-28,33.06,25.35,84.1,34.18877777777778,-1.1287777777777777,Low,1,False,False,False
2025-08-29,30.06,25.3,90.71,34.1558,-4.0958000000000006,Low,1,False,False,False
2025-08-30,31.48,24.5,89.03,34.111422222222224,-2.6314222222222234,Low,1,False,False,False
2025-08-31,29.5,25.67,92.43,34.0478,-4.547800000000002,Low,1,False,False,False
2025-09-01,29.0,25.11,91.2,34.026466666666664,-5.026466666666664,Low,1,False,False,False
2025-09-02,29.37,24.95,90.94,34.02546666666667,-4.6554666666666655,Low,1,False,False,False
2025-09-03,30.26,24.47,90.66,34.00006666666667,-3.7400666666666673,Low,1,False,False,False
2025-09-04,31.57,24.09,85.18,33.942933333333336,-2.372933333333336,Low,1,False,False,False
2025-09-05,30.23,24.44,89.64,33.876000000000005,-3.6460000000000043,Low,1,False,False,False
2025-09-06,31.21,24.48,88.02,33.858133333333335,-2.648133333333334,Low,1,False,False,False
2025-09-07,30.82,24.77,88.05,33.84168888888888,-3.0216888888888818,Low,1,False,False,False
2025-09-08,31.53,23.92,85.93,33.781866666666666,-2.2518666666666647,Low,1,False,False,False
2025-09-09,32.55,24.3,84.64,33.717666666666666,-1.167666666666669,Low,1,False,False,False
2025-09-10,31.44,24.11,85.49,33.6842,-2.2441999999999958,Low,1,False,False,False
2025-09-11,31.54,22.34,83.76,33.65893333333334,-2.118933333333338,Low,1,False,False,False
2025-09-12,31.46,23.83,81.75,33.67102222222222,-2.211022222222219,Low,1,False,False,False
2025-09-13,32.31,24.27,76.07,33.67057777777778,-1.3605777777777774,Low,1,False,False,False
2025-09-14,33.05,23.74,78.05,33.681244444444445,-0.631244444444448,Low,1,False,False,False
2025-09-15,32.25,24.67,82.12,33.70724444444444,-1.4572444444444415,Low,1,False,False,False
2025-09-16,33.26,23.6,77.49,33.68386666666667,-0.42386666666666883,Low,1,False,False,False
2025-09-17,32.64,24.9,80.07,33.63984444444444,-0.9998444444444416,Low,1,False,False,False
2025-09-18,31.55,23.94,83.26,33.653866666666666,-2.103866666666665,Low,1,False,False,False
2025-09-19,32.33,24.12,81.67,33.68624444444445,-1.3562444444444495,Low,1,False,False,False
2025-09-20,32.55,23.61,79.8,33.73446666666667,-1.1844666666666726,Low,1,False,False,False
2025-09-21,32.43,21.83,79.21,33.76326666666667,-1.3332666666666668,Low,1,False,False,False
2025-09-22,32.26,20.64,77.63,33.785111111111114,-1.5251111111111157,Low,1,False,False,False
2025-09-23,32.14,20.26,76.49,33.812266666666666,-1.6722666666666655,Low,1,False,False,False
2025-09-24,32.42,19.93,73.43,33.852244444444445,-1.4322444444444429,Low,1,False,False,False
2025-09-25,32.46,20.21,74.8,33.869955555555556,-1.4099555555555554,Low,1,False,False,False
2025-09-26,32.99,19.84,77.33,33.876977777777775,-0.8869777777777728,Low,1,False,False,False
2025-09-27,33.53,23.33,79.25,33.85371111111111,-0.32371111111110906,Low,1,False,False,False
2025-09-28,33.09,24.7,82.42,33.837022222222224,-0.7470222222222205,Low,1,False,False,False
2025-09-29,32.27,23.68,82.78,33.81057777777777,-1.54057777777777,Low,1,False,False,False
2025-09-30,29.44,23.69,88.32,33.79295555555556,-4.352955555555557,Low,1,False,False,False
2025-10-01,31.41,23.56,79.51,33.80177777777778,-2.3917777777777793,Low,1,False,False,False
2025-10-02,30.63,23.14,81.31,33.83797777777778,-3.2079777777777814,Low,1,False,False,False
2025-10-03,29.73,22.65,83.0,33.836644444444445,-4.106644444444445,Low,1,False,False,False
2025-10-04,31.92,23.19,76.61,33.79262222222222,-1.872622222222219,Low,1,False,False,False
2025-10-05,31.83,20.56,67.73,33.739222222222224,-1.9092222222222262,Low,1,False,False,False
2025-10-06,29.78,21.05,81.68,33.674622222222226,-3.8946222222222247,Low,1,False,False,False
2025-10-07,28.19,21.41,87.72,33.59664444444444,-5.406644444444442,Low,1,False,False,False
2025-10-08,27.61,17.68,81.68,33.52768888888889,-5.91768888888889,Low,1,False,False,False
2025-10-09,28.29,16.5,78.45,33.42704444444445,-5.137044444444449,Low,1,False,False,False
2025-10-10,27.72,16.12,67.44,33.3528,-5.632800000000003,Low,1,False,False,False
2025-10-11,28.62,17.48,61.73,33.248866666666665,-4.628866666666664,Low,1,False,False,False
2025-10-12,29.62,17.44,69.84,33.1806,-3.5605999999999973,Low,1,False,False,False
2025-10-13,29.84,18.56,56.77,33.08891111111111,-3.2489111111111093,Low,1,False,False,False
2025-10-14,30.17,17.0,55.44,33.01328888888889,-2.8432888888888854,Low,1,False,False,False
2025-10-15,29.89,16.1,55.3,32.931422222222224,-3.0414222222222236,Low,1,False,False,False
2025-10-16,30.58,15.27,55.43,32.800066666666666,-2.2200666666666677,Low,1,False,False,False
2025-10-17,30.27,16.95,62.22,32.659822222222225,-2.389822222222225,Low,1,False,False,False
2025-10-18,29.56,18.44,66.53,32.51526666666666,-2.955266666666663,Low,1,False,False,False
2025-10-19,30.41,17.99,65.52,32.42591111111111,-2.0159111111111123,Low,1,False,False,False
2025-10-20,29.87,18.81,65.73,32.321822222222224,-2.451822222222223,Low,1,False,False,False
2025-10-21,29.37,20.41,72.68,32.220800000000004,-2.850800000000003,Low,1,False,False,False
2025-10-22,30.41,20.11,66.67,32.141777777777776,-1.7317777777777756,Low,1,False,False,False
2025-10-23,30.64,17.98,55.94,32.04991111111111,-1.4099111111111071,Low,1,False,False,False
2025-10-24,30.16,16.8,53.52,31.9858,-1.825800000000001,Low,1,False,False,False
2025-10-25,29.68,16.26,52.32,31.882377777777776,-2.2023777777777767,Low,1,False,False,False
2025-10-26,29.9,17.2,49.0,31.814066666666662,-1.9140666666666633,Low,1,False,False,False
2025-10-27,28.69,19.08,58.09,31.70722222222222,-3.0172222222222196,Low,1,False,False,False
2025-10-28,26.28,17.56,75.55,31.621,-5.3409999999999975,Low,1,False,False,False
2025-10-29,28.81,17.05,70.8,31.512844444444443,-2.7028444444444446,Low,1,False,False,False
2025-10-30,26.12,20.35,78.93,31.401288888888892,-5.281288888888891,Low,1,False,False,False
2025-10-31,30.03,18.96,76.05,31.304266666666667,-1.2742666666666658,Low,1,False,False,False
2025-11-01,29.96,18.26,64.18,31.194844444444442,-1.234844444444441,Low,1,False,False,False
2025-11-02,30.13,15.9,60.14,31.099111111111107,-0.9691111111111077,Low,1,False,False,False
2025-11-03,29.45,14.25,53.53,30.972644444444445,-1.5226444444444454,Low,1,False,False,False
2025-11-04,26.69,15.09,56.64,30.84648888888889,-4.156488888888887,Low,1,False,False,False
2025-11-05,29.64,16.52,53.4,30.698422222222224,-1.058422222222223,Low,1,False,False,False
2025-11-06,26.92,12.95,59.42,30.530866666666665,-3.610866666666663,Low,1,False,False,False
2025-11-07,27.09,10.25,52.47,30.36888888888889,-3.27888888888889,Low,1,False,False,False
2025-11-08,25.52,8.78,50.6,30.216711111111113,-4.696711111111114,Low,1,False,False,False
2025-11-09,25.57,9.55,52.45,30.088288888888886,-4.518288888888886,Low,1,False,False,False
2025-11-10,26.3,9.89,47.78,29.936999999999998,-3.636999999999997,Low,1,False,False,False
2025-11-11,26.24,11.52,47.28,29.803711111111113,-3.5637111111111146,Low,1,False,False,False
2025-11-12,26.13,9.68,53.47,29.650355555555556,-3.5203555555555575,Low,1,False,False,False
2025-11-13,25.86,9.6,51.62,29.476444444444443,-3.6164444444444435,Low,1,False,False,False
2025-11-14,25.93,9.31,48.65,29.300555555555555,-3.370555555555555,Low,1,False,False,False
2025-11-15,25.7,9.25,46.68,29.14313333333333,-3.443133333333332,Low,1,False,False,False
2025-11-16,26.29,9.28,47.41,28.98662222222222,-2.6966222222222207,Low,1,False,False,False
2025-11-17,26.09,8.67,45.66,28.77284444444444,-2.6828444444444415,Low,1,False,False,False
2025-11-18,26.24,9.74,44.29,28.588733333333334,-2.3487333333333353,Low,1,False,False,False
2025-11-19,25.42,13.83,50.34,28.408200000000004,-2.9882000000000026,Low,1,False,False,False
2025-11-20,26.01,11.14,64.17,28.232511111111112,-2.2225111111111104,Low,1,False,False,False
2025-11-21,25.22,11.38,63.95,28.08188888888889,-2.861888888888892,Low,1,False,False,False
2025-11-22,26.29,11.2,55.67,27.934555555555555,-1.6445555555555558,Low,1,False,False,False
2025-11-23,25.91,13.14,46.61,27.75091111111111,-1.8409111111111116,Low,1,False,False,False
2025-11-24,25.37,11.51,46.77,27.52846666666667,-2.158466666666669,Low,1,False,False,False
2025-11-25,24.23,9.12,48.08,27.344111111111108,-3.1141111111111073,Low,1,False,False,False
2025-11-26,24.53,8.91,44.76,27.173555555555556,-2.6435555555555545,Low,1,False,False,False
2025-11-27,24.92,11.74,38.62,27.019755555555555,-2.0997555555555536,Low,1,False,False,False
2025-11-28,25.7,10.9,53.02,26.90706666666667,-1.2070666666666696,Low,1,False,False,False
2025-11-29,26.51,10.21,54.48,26.79688888888889,-0.28688888888888897,Low,1,False,False,False
2025-11-30,24.08,8.9,44.21,26.675022222222218,-2.5950222222222195,Low,1,False,False,False
2025-12-01,24.84,10.13,41.43,26.570155555555555,-1.7301555555555552,Low,1,False,False,False
2025-12-02,25.73,10.91,51.65,26.477844444444443,-0.7478444444444428,Low,1,False,False,False
2025-12-03,23.59,8.96,47.51,26.311577777777774,-2.7215777777777745,Low,1,False,False,False
2025-12-04,22.49,6.24,49.44,26.14382222222222,-3.653822222222221,Low,1,False,False,False
2025-12-05,22.19,7.92,45.56,26.005266666666664,-3.8152666666666626,Low,1,False,False,False
2025-12-06,24.97,6.85,51.46,25.860755555555553,-0.890755555555554,Low,1,False,False,False
2025-12-07,24.73,7.18,44.86,25.690422222222224,-0.9604222222222241,Low,1,False,False,False
2025-12-08,26.81,10.45,46.28,25.55206666666667,1.2579333333333302,Low,1,False,False,False
2025-12-09,25.47,7.96,47.23,25.45042222222222,0.019577777777779914,Low,1,False,False,False
2025-12-10,24.3,7.13,45.33,25.335266666666666,-1.035266666666665,Low,1,False,False,False
2025-12-11,24.83,8.06,41.44,25.200733333333332,-0.3707333333333338,Low,1,False,False,False
2025-12-12,24.49,9.23,43.09,25.026177777777775,-0.5361777777777768,Low,1,False,False,False
2025-12-13,24.74,11.65,51.18,24.84988888888889,-0.10988888888889292,Low,1,False,False,False
2025-12-14,24.42,9.67,50.34,24.67351111111111,-0.25351111111110924,Low,1,False,False,False
2025-12-15,25.78,9.92,50.13,24.513511111111107,1.2664888888888939,Low,1,False,False,False
2025-12-16,24.55,7.61,53.83,24.31308888888889,0.2369111111111124,Low,1,False,False,False
2025-12-17,24.68,7.06,52.28,24.155755555555555,0.5242444444444452,Low,1,False,False,False
2025-12-18,22.65,10.21,64.01,24.0546,-1.404600000000002,Low,1,False,False,False
2025-12-19,24.36,7.76,59.12,23.948666666666664,0.4113333333333351,Low,1,False,False,False
2025-12-20,24.33,8.27,47.18,23.82611111111111,0.5038888888888877,Low,1,False,False,False
2025-12-21,22.48,7.46,55.99,23.708155555555557,-1.2281555555555563,Low,1,False,False,False
2025-12-22,23.2,9.2,59.08,23.624844444444445,-0.4248444444444459,Low,1,False,False,False
2025-12-23,25.61,9.7,60.92,23.505444444444446,2.104555555555553,Low,1,False,False,False
2025-12-24,22.17,8.21,57.15,23.33804444444445,-1.1680444444444475,Low,1,False,False,False
2025-12-25,22.04,5.94,48.2,23.18155555555556,-1.1415555555555592,Low,1,False,False,False
2025-12-26,21.32,10.75,46.98,23.04928888888889,-1.7292888888888882,Low,1,False,False,False
2025-12-27,21.31,6.44,47.65,22.9332,-1.6232000000000006,Low,1,False,False,False
2025-12-28,21.91,7.37,47.97,22.826666666666668,-0.9166666666666679,Low,1,False,False,False
2025-12-29,22.97,5.36,45.59,22.74795555555556,0.22204444444443894,Low,1,False,False,False
2025-12-30,23.38,8.3,40.85,22.659,0.7210000000000001,Low,1,False,False,False
2025-12-31,22.04,7.38,51.12,22.60408888888889,-0.5640888888888895,Low,1,False,False,False
