date,max_temp_c,min_temp_c,relative_humidity_pct
1985-01-01,22.82,7.72,56.02
1985-01-02,22.69,6.5,49.72
1985-01-03,19.79,7.17,38.16
1985-01-04,20.06,8.86,51.21
1985-01-05,20.91,9.67,56.67
1985-01-06,21.24,6.95,56.88
1985-01-07,19.64,8.32,51.68
1985-01-08,21.6,6.18,48.05
1985-01-09,22.8,6.72,43.01
1985-01-10,24.07,6.26,36.57
1985-01-11,23.83,6.57,32.0
1985-01-12,22.53,5.62,34.86
1985-01-13,22.31,4.73,34.23
1985-01-14,23.29,6.44,27.84
1985-01-15,22.85,8.67,27.6
1985-01-16,24.47,6.92,47.19
1985-01-17,22.99,7.83,47.7
1985-01-18,24.59,9.91,31.25
1985-01-19,20.06,8.69,53.41
1985-01-20,23.29,6.38,58.04
1985-01-21,21.49,10.68,55.28
1985-01-22,24.69,7.34,58.71
1985-01-23,23.03,6.46,39.12
1985-01-24,24.45,5.54,28.92
1985-01-25,25.12,5.94,21.42
1985-01-26,25.57,8.6,25.32
1985-01-27,25.34,6.24,36.88
1985-01-28,25.75,8.81,29.69
1985-01-29,25.77,9.18,24.04
1985-01-30,25.45,11.29,21.93
1985-01-31,25.72,7.87,24.13
1985-02-01,25.37,7.02,21.45
1985-02-02,25.6,6.31,24.86
1985-02-03,27.72,7.94,25.57
1985-02-04,28.56,10.7,34.03
1985-02-05,26.49,10.9,38.54
1985-02-06,25.46,7.49,30.16
1985-02-07,26.94,5.72,17.27
1985-02-08,28.8,8.85,18.37
1985-02-09,28.13,8.26,18.74
1985-02-10,26.84,5.36,12.35
1985-02-11,26.54,4.96,11.7
1985-02-12,26.36,4.76,12.7
1985-02-13,26.98,5.7,12.29
1985-02-14,28.31,8.06,14.66
1985-02-15,26.65,6.69,17.54
1985-02-16,27.77,7.17,15.87
1985-02-17,30.08,7.02,14.13
1985-02-18,30.73,12.09,11.36
1985-02-19,30.99,11.38,13.68
1985-02-20,28.41,9.4,19.23
1985-02-21,27.59,9.79,24.55
1985-02-22,29.6,9.5,16.18
1985-02-23,31.01,8.44,9.98
1985-02-24,31.77,12.09,8.55
1985-02-25,32.12,9.59,9.77
1985-02-26,32.89,11.2,9.18
1985-02-27,34.72,11.04,10.17
1985-02-28,34.59,15.64,9.46
1985-03-01,34.97,12.56,10.83
1985-03-02,35.06,13.24,11.15
1985-03-03,36.09,13.72,9.15
1985-03-04,36.03,14.27,7.96
1985-03-05,37.87,15.97,9.06
1985-03-06,37.62,18.58,11.93
1985-03-07,36.19,16.78,10.97
1985-03-08,34.38,13.53,7.0
1985-03-09,35.41,15.24,7.98
1985-03-10,35.35,16.31,14.24
1985-03-11,34.98,15.6,17.81
1985-03-12,36.35,18.26,15.66
1985-03-13,34.58,14.86,11.63
1985-03-14,34.93,12.96,3.66
1985-03-15,36.0,13.22,5.67
1985-03-16,37.99,18.22,9.9
1985-03-17,36.12,16.05,14.72
1985-03-18,32.31,13.95,9.05
1985-03-19,32.75,12.19,7.07
1985-03-20,34.74,12.41,8.09
1985-03-21,35.21,14.06,11.17
1985-03-22,36.96,16.78,15.43
1985-03-23,36.28,19.78,17.93
1985-03-24,36.15,19.49,29.26
1985-03-25,37.4,20.33,25.39
1985-03-26,39.54,19.4,23.0
1985-03-27,40.66,22.89,20.67
1985-03-28,39.2,22.55,24.41
1985-03-29,37.4,22.32,20.57
1985-03-30,37.05,19.78,21.66
1985-03-31,33.62,18.39,22.73
1985-04-01,38.75,21.6,19.66
1985-04-02,35.93,22.75,34.09
1985-04-03,30.96,19.54,39.57
1985-04-04,34.16,17.3,39.54
1985-04-05,36.61,20.63,35.68
1985-04-06,36.78,20.98,30.86
1985-04-07,37.57,21.75,31.74
1985-04-08,38.05,22.53,32.79
1985-04-09,38.81,22.29,29.95
1985-04-10,35.46,20.4,31.17
1985-04-11,35.14,17.15,29.81
1985-04-12,38.92,18.63,26.0
1985-04-13,39.21,22.84,20.59
1985-04-14,36.16,19.49,24.24
1985-04-15,36.72,19.72,24.36
1985-04-16,39.44,20.39,19.98
1985-04-17,40.41,19.67,15.13
1985-04-18,41.48,20.75,14.53
1985-04-19,42.25,22.18,14.01
1985-04-20,43.43,23.17,13.28
1985-04-21,43.16,25.0,13.7
1985-04-22,42.09,24.34,14.9
1985-04-23,41.86,22.99,13.3
1985-04-24,41.5,23.94,15.92
1985-04-25,42.87,24.96,13.38
1985-04-26,42.98,24.4,12.47
1985-04-27,43.47,23.28,13.42
1985-04-28,44.12,25.22,14.18
1985-04-29,44.78,26.54,14.28
1985-04-30,44.16,26.53,14.02
1985-05-01,43.96,26.11,10.45
1985-05-02,41.79,25.14,12.07
1985-05-03,41.67,22.88,12.57
1985-05-04,42.44,24.75,15.06
1985-05-05,43.12,25.53,15.44
1985-05-06,43.99,25.28,11.66
1985-05-07,45.73,26.03,11.77
1985-05-08,44.61,27.2,12.96
1985-05-09,45.6,29.06,13.71
1985-05-10,42.92,27.19,16.59
1985-05-11,41.32,25.75,17.05
1985-05-12,43.78,28.91,14.77
1985-05-13,45.26,26.12,12.35
1985-05-14,42.2,24.96,11.67
1985-05-15,42.88,24.13,7.06
1985-05-16,44.21,23.88,5.4
1985-05-17,44.58,25.0,6.42
1985-05-18,46.23,25.94,7.57
1985-05-19,46.85,26.51,7.82
1985-05-20,47.24,26.62,8.75
1985-05-21,45.13,27.25,11.78
1985-05-22,43.25,27.45,22.73
1985-05-23,44.24,27.52,17.04
1985-05-24,44.39,27.53,18.89
1985-05-25,44.58,29.17,20.58
1985-05-26,45.2,28.22,20.43
1985-05-27,45.21,27.41,13.92
1985-05-28,43.65,24.17,20.27
1985-05-29,44.66,26.65,16.66
1985-05-30,44.66,27.32,16.54
1985-05-31,43.73,28.42,19.8
1985-06-01,43.21,30.0,26.66
1985-06-02,44.42,30.86,22.91
1985-06-03,42.97,29.64,28.27
1985-06-04,41.77,26.66,40.44
1985-06-05,43.86,27.71,30.41
1985-06-06,42.92,28.71,28.73
1985-06-07,42.76,27.51,30.41
1985-06-08,36.9,27.67,42.17
1985-06-09,40.11,28.06,43.21
1985-06-10,41.32,29.95,37.89
1985-06-11,38.85,29.34,45.95
1985-06-12,41.61,27.74,42.01
1985-06-13,42.27,27.73,39.43
1985-06-14,43.81,27.76,32.0
1985-06-15,44.78,29.57,27.75
1985-06-16,43.62,28.89,29.72
1985-06-17,43.81,27.56,27.1
1985-06-18,44.57,27.77,26.55
1985-06-19,44.05,29.19,27.55
1985-06-20,43.52,28.55,28.26
1985-06-21,43.91,29.13,27.16
1985-06-22,44.07,29.24,27.05
1985-06-23,44.57,30.95,25.07
1985-06-24,44.79,31.35,23.89
1985-06-25,43.96,31.22,28.8
1985-06-26,43.71,29.86,33.93
1985-06-27,44.23,31.38,35.06
1985-06-28,43.87,32.19,36.49
1985-06-29,43.29,31.36,35.88
1985-06-30,42.0,29.5,32.64
1985-07-01,43.05,30.41,30.93
1985-07-02,42.44,30.99,28.8
1985-07-03,44.34,31.73,25.97
1985-07-04,45.8,31.7,22.79
1985-07-05,45.92,31.99,22.82
1985-07-06,44.9,33.86,24.82
1985-07-07,40.95,31.95,41.53
1985-07-08,38.15,27.92,55.38
1985-07-09,40.49,30.11,44.64
1985-07-10,38.0,29.17,53.27
1985-07-11,35.43,28.15,59.9
1985-07-12,36.96,27.67,63.88
1985-07-13,35.08,27.44,67.89
1985-07-14,35.71,28.14,62.69
1985-07-15,31.04,26.84,76.25
1985-07-16,32.84,25.81,74.93
1985-07-17,34.86,25.65,66.98
1985-07-18,34.13,26.66,69.51
1985-07-19,34.33,25.9,76.92
1985-07-20,31.09,25.64,81.56
1985-07-21,30.78,25.88,83.9
1985-07-22,31.96,25.54,81.86
1985-07-23,32.6,26.6,80.51
1985-07-24,33.02,26.86,80.12
1985-07-25,30.84,25.38,86.04
1985-07-26,31.36,23.78,84.97
1985-07-27,30.14,24.12,87.07
1985-07-28,32.07,25.72,83.14
1985-07-29,32.81,25.76,83.55
1985-07-30,32.05,25.5,85.65
1985-07-31,32.64,25.2,84.06
1985-08-01,30.88,26.16,87.4
1985-08-02,31.71,25.51,84.58
1985-08-03,31.26,25.25,87.1
1985-08-04,28.18,25.39,92.48
1985-08-05,30.93,25.33,88.7
1985-08-06,31.13,25.61,87.14
1985-08-07,32.39,24.2,77.62
1985-08-08,32.8,24.96,80.08
1985-08-09,32.73,25.82,83.49
1985-08-10,31.88,25.66,83.54
1985-08-11,32.35,26.68,78.99
1985-08-12,34.07,25.72,77.37
1985-08-13,34.37,26.61,76.38
1985-08-14,34.35,26.14,79.34
1985-08-15,33.84,27.07,78.73
1985-08-16,32.57,26.24,84.68
1985-08-17,31.04,26.27,89.56
1985-08-18,34.69,25.08,77.16
1985-08-19,33.36,26.23,80.16
1985-08-20,32.65,25.63,81.96
1985-08-21,33.47,24.89,80.48
1985-08-22,33.45,23.92,79.06
1985-08-23,33.48,23.5,78.32
1985-08-24,33.18,23.76,79.02
1985-08-25,33.56,23.59,78.4
1985-08-26,33.37,22.93,74.81
1985-08-27,33.88,23.14,73.51
1985-08-28,33.96,22.94,70.82
1985-08-29,33.83,24.49,72.37
1985-08-30,32.92,26.01,74.93
1985-08-31,34.64,25.18,73.71
1985-09-01,33.52,25.44,73.35
1985-09-02,34.08,24.52,73.9
1985-09-03,35.54,23.56,67.43
1985-09-04,35.46,22.9,66.17
1985-09-05,34.85,22.85,66.93
1985-09-06,35.06,22.32,64.87
1985-09-07,35.28,22.68,64.86
1985-09-08,35.79,23.25,59.77
1985-09-09,35.74,22.8,57.25
1985-09-10,35.62,22.23,55.02
1985-09-11,34.66,23.25,59.99
1985-09-12,29.68,23.59,78.78
1985-09-13,30.91,23.21,80.49
1985-09-14,31.22,22.84,84.12
1985-09-15,30.77,22.72,84.01
1985-09-16,31.0,21.79,83.22
1985-09-17,29.92,23.81,85.71
1985-09-18,30.62,22.49,80.9
1985-09-19,31.08,22.58,79.53
1985-09-20,30.98,22.64,80.58
1985-09-21,30.99,23.45,83.71
1985-09-22,30.23,23.41,84.53
1985-09-23,30.22,23.38,84.14
1985-09-24,27.3,23.27,88.69
1985-09-25,31.81,21.45,72.7
1985-09-26,33.05,19.74,66.47
1985-09-27,34.7,20.66,59.83
1985-09-28,35.48,20.73,61.62
1985-09-29,33.95,19.62,66.54
1985-09-30,35.36,18.97,64.26
1985-10-01,34.27,18.64,67.66
1985-10-02,33.54,19.58,72.28
1985-10-03,32.01,20.41,73.09
1985-10-04,31.8,21.5,75.24
1985-10-05,31.17,21.54,80.68
1985-10-06,24.93,21.37,88.67
1985-10-07,24.18,20.68,87.46
1985-10-08,25.45,20.39,90.97
1985-10-09,24.63,19.82,91.12
1985-10-10,25.91,19.74,88.96
1985-10-11,28.49,18.84,82.97
1985-10-12,28.61,19.28,84.47
1985-10-13,25.39,20.44,90.86
1985-10-14,28.13,20.45,80.51
1985-10-15,31.09,17.96,67.67
1985-10-16,31.22,17.07,53.79
1985-10-17,29.77,13.75,54.12
1985-10-18,29.58,11.82,50.64
1985-10-19,30.06,11.2,44.45
1985-10-20,29.48,13.15,44.24
1985-10-21,28.69,14.44,49.5
1985-10-22,29.43,12.94,51.34
1985-10-23,29.03,13.57,43.68
1985-10-24,29.68,13.79,39.73
1985-10-25,30.61,13.28,46.05
1985-10-26,30.62,13.48,51.39
1985-10-27,30.11,11.81,45.43
1985-10-28,30.99,10.97,39.92
1985-10-29,30.92,10.96,40.37
1985-10-30,30.8,14.02,44.36
1985-10-31,30.1,12.47,57.88
1985-11-01,31.2,12.32,59.88
1985-11-02,30.51,12.76,62.36
1985-11-03,30.46,14.7,61.52
1985-11-04,30.03,15.73,49.33
1985-11-05,27.91,14.02,38.47
1985-11-06,29.23,11.58,41.86
1985-11-07,30.13,11.44,44.64
1985-11-08,30.23,15.42,39.18
1985-11-09,29.43,13.97,36.56
1985-11-10,30.01,13.73,42.95
1985-11-11,29.14,12.17,45.34
1985-11-12,28.41,10.41,39.04
1985-11-13,28.24,13.69,36.77
1985-11-14,27.56,13.28,39.8
1985-11-15,27.98,12.98,36.48
1985-11-16,27.51,13.56,42.02
1985-11-17,27.37,13.64,50.05
1985-11-18,27.31,13.99,47.86
1985-11-19,28.72,12.96,42.89
1985-11-20,28.53,10.53,40.99
1985-11-21,27.58,10.91,37.26
1985-11-22,27.68,11.91,38.07
1985-11-23,24.63,11.56,40.39
1985-11-24,26.21,10.87,36.46
1985-11-25,25.98,11.21,35.56
1985-11-26,26.71,9.99,36.41
1985-11-27,25.21,8.02,36.64
1985-11-28,24.59,7.31,36.27
1985-11-29,26.78,8.79,40.47
1985-11-30,27.3,10.38,43.4
1985-12-01,26.63,9.94,44.94
1985-12-02,26.64,8.83,40.92
1985-12-03,26.22,8.13,38.19
1985-12-04,26.51,8.05,36.0
1985-12-05,25.63,9.13,37.16
1985-12-06,25.86,9.38,37.68
1985-12-07,25.57,9.13,42.39
1985-12-08,26.76,9.84,42.86
1985-12-09,22.99,6.17,36.79
1985-12-10,22.5,4.64,34.52
1985-12-11,19.07,10.79,61.31
1985-12-12,22.12,9.3,68.29
1985-12-13,25.16,14.98,66.39
1985-12-14,26.3,13.44,67.15
1985-12-15,27.39,14.89,60.19
1985-12-16,23.46,14.89,81.4
1985-12-17,27.08,14.08,60.51
1985-12-18,24.85,12.21,46.38
1985-12-19,24.34,8.66,41.49
1985-12-20,23.94,8.7,41.49
1985-12-21,24.89,8.56,42.23
1985-12-22,23.22,7.6,57.59
1985-12-23,22.78,9.73,61.88
1985-12-24,22.53,8.46,66.35
1985-12-25,22.3,10.37,65.91
1985-12-26,22.6,12.03,72.31
1985-12-27,21.71,9.85,77.3
1985-12-28,19.65,7.95,68.52
1985-12-29,22.63,6.33,52.1
1985-12-30,22.52,6.92,46.43
1985-12-31,21.35,5.04,47.43
1986-01-01,20.42,6.8,46.07
1986-01-02,21.24,5.97,42.56
1986-01-03,17.1,6.78,39.7
1986-01-04,20.41,2.28,36.22
1986-01-05,21.01,1.58,38.43
1986-01-06,21.29,2.53,34.57
1986-01-07,22.45,6.14,29.59
1986-01-08,21.68,6.79,33.35
1986-01-09,22.03,6.78,44.67
1986-01-10,22.6,6.4,48.0
1986-01-11,23.09,6.03,47.61
1986-01-12,22.43,6.25,56.87
1986-01-13,23.12,6.23,50.14
1986-01-14,21.58,5.09,48.67
1986-01-15,22.07,4.72,41.69
1986-01-16,21.51,4.19,41.12
1986-01-17,21.74,4.07,41.74
1986-01-18,22.97,4.97,40.88
1986-01-19,21.84,5.28,38.53
1986-01-20,23.16,6.14,45.45
1986-01-21,24.2,7.17,55.64
1986-01-22,25.32,10.16,42.29
1986-01-23,25.35,9.05,46.2
1986-01-24,22.5,6.97,39.39
1986-01-25,23.78,5.55,37.48
1986-01-26,24.02,9.05,40.41
1986-01-27,24.32,8.38,40.19
1986-01-28,21.44,7.37,48.51
1986-01-29,19.07,10.58,73.94
1986-01-30,23.13,8.08,68.55
1986-01-31,21.48,7.41,53.91
1986-02-01,21.98,5.3,46.54
1986-02-02,22.88,5.09,39.82
1986-02-03,23.03,6.89,35.62
1986-02-04,25.2,10.62,33.2
1986-02-05,24.88,9.72,39.82
1986-02-06,23.46,7.11,45.49
1986-02-07,24.88,8.38,40.32
1986-02-08,24.64,7.88,41.3
1986-02-09,16.13,10.44,71.96
1986-02-10,19.93,11.25,90.25
1986-02-11,17.7,10.84,87.43
1986-02-12,23.34,9.01,71.08
1986-02-13,24.75,11.06,62.97
1986-02-14,20.71,10.28,76.09
1986-02-15,23.41,9.17,56.08
1986-02-16,22.83,6.57,47.84
1986-02-17,25.2,6.48,42.3
1986-02-18,27.24,12.02,40.58
1986-02-19,24.66,9.63,48.29
1986-02-20,26.97,8.19,42.67
1986-02-21,27.71,13.18,47.38
1986-02-22,24.39,10.03,60.91
1986-02-23,24.46,8.18,53.9
1986-02-24,25.07,7.3,42.99
1986-02-25,25.83,7.65,40.94
1986-02-26,24.95,7.49,38.46
1986-02-27,26.93,7.5,36.64
1986-02-28,28.15,10.03,36.01
1986-03-01,29.0,9.19,39.65
1986-03-02,28.58,10.07,37.71
1986-03-03,29.17,9.66,36.77
1986-03-04,29.81,10.65,34.0
1986-03-05,30.17,16.3,28.6
1986-03-06,30.82,12.98,32.14
1986-03-07,32.91,16.3,34.36
1986-03-08,32.21,12.73,34.93
1986-03-09,34.03,14.47,37.73
1986-03-10,35.25,17.53,37.02
1986-03-11,34.73,17.02,41.97
1986-03-12,33.55,15.29,43.16
1986-03-13,33.51,15.94,38.22
1986-03-14,33.53,16.32,39.76
1986-03-15,29.81,14.5,37.85
1986-03-16,28.3,12.04,36.42
1986-03-17,26.73,13.74,34.17
1986-03-18,27.98,14.31,49.79
1986-03-19,29.04,13.24,42.1
1986-03-20,28.52,8.9,36.13
1986-03-21,29.89,10.72,30.48
1986-03-22,27.46,14.12,48.36
1986-03-23,29.69,14.23,43.88
1986-03-24,30.09,13.61,40.59
1986-03-25,29.34,12.05,33.31
1986-03-26,32.96,13.51,30.26
1986-03-27,36.87,15.31,30.83
1986-03-28,37.67,19.31,29.97
1986-03-29,36.59,18.8,29.56
1986-03-30,36.34,17.86,28.16
1986-03-31,34.04,16.93,28.47
1986-04-01,33.71,16.08,29.42
1986-04-02,36.17,17.77,22.47
1986-04-03,33.98,14.83,22.43
1986-04-04,33.39,14.44,26.17
1986-04-05,33.26,13.12,21.57
1986-04-06,36.33,19.27,16.53
1986-04-07,38.0,18.49,19.87
1986-04-08,39.29,20.41,23.1
1986-04-09,41.42,20.65,25.13
1986-04-10,40.98,21.99,25.89
1986-04-11,39.52,23.77,29.26
1986-04-12,40.35,23.44,28.92
1986-04-13,40.11,23.51,29.98
1986-04-14,40.69,23.85,24.48
1986-04-15,39.3,22.87,23.89
1986-04-16,40.04,22.34,20.28
1986-04-17,40.2,20.84,17.23
1986-04-18,39.68,20.35,12.73
1986-04-19,41.6,21.16,13.28
1986-04-20,42.13,21.47,13.47
1986-04-21,42.97,21.95,13.07
1986-04-22,43.6,23.48,10.89
1986-04-23,44.4,23.58,10.96
1986-04-24,41.15,25.48,12.38
1986-04-25,40.99,23.63,17.0
1986-04-26,40.01,23.32,16.56
1986-04-27,38.82,24.92,19.38
1986-04-28,38.11,21.4,24.2
1986-04-29,37.87,21.76,17.88
1986-04-30,40.26,21.12,16.5
1986-05-01,42.04,23.73,16.17
1986-05-02,42.1,27.24,16.86
1986-05-03,41.84,25.66,15.48
1986-05-04,40.2,24.06,16.25
1986-05-05,42.81,22.41,13.31
1986-05-06,44.95,24.04,9.74
1986-05-07,43.77,25.33,9.34
1986-05-08,43.15,23.95,20.11
1986-05-09,44.13,26.85,20.63
1986-05-10,42.92,26.34,15.51
1986-05-11,42.57,26.37,16.52
1986-05-12,44.98,27.25,13.78
1986-05-13,45.72,27.83,15.38
1986-05-14,44.73,27.89,14.73
1986-05-15,45.72,29.16,11.7
1986-05-16,44.79,27.49,14.13
1986-05-17,43.97,27.08,18.58
1986-05-18,44.07,27.52,12.29
1986-05-19,42.63,28.58,18.11
1986-05-20,41.46,26.17,20.66
1986-05-21,38.92,22.12,12.87
1986-05-22,39.5,20.1,10.93
1986-05-23,40.21,21.49,13.54
1986-05-24,42.25,21.48,9.42
1986-05-25,43.72,24.72,8.27
1986-05-26,44.8,27.35,11.07
1986-05-27,38.77,27.79,36.06
1986-05-28,39.17,25.19,35.76
1986-05-29,39.21,26.24,32.88
1986-05-30,39.41,24.89,24.79
1986-05-31,40.85,26.31,25.65
1986-06-01,40.2,25.78,23.07
1986-06-02,40.02,24.37,23.95
1986-06-03,41.54,25.09,23.48
1986-06-04,41.98,27.24,21.02
1986-06-05,42.09,26.54,18.71
1986-06-06,42.42,27.04,18.3
1986-06-07,44.07,26.21,19.29
1986-06-08,44.65,28.45,15.06
1986-06-09,46.0,25.43,12.08
1986-06-10,47.08,27.99,12.41
1986-06-11,45.79,30.44,14.76
1986-06-12,45.02,30.83,20.8
1986-06-13,45.76,31.71,21.28
1986-06-14,46.87,32.15,20.37
1986-06-15,45.59,30.13,18.99
1986-06-16,46.52,29.95,20.85
1986-06-17,45.32,31.9,27.98
1986-06-18,45.85,31.85,30.38
1986-06-19,47.65,33.36,23.39
1986-06-20,48.26,33.27,20.69
1986-06-21,44.72,33.97,29.9
1986-06-22,45.5,33.32,31.72
1986-06-23,45.07,33.64,31.05
1986-06-24,43.67,33.23,37.27
1986-06-25,38.85,31.09,51.02
1986-06-26,40.14,29.64,52.25
1986-06-27,39.18,30.6,50.85
1986-06-28,39.1,31.04,50.5
1986-06-29,35.84,29.25,51.44
1986-06-30,37.86,27.4,51.05
1986-07-01,39.06,28.16,45.71
1986-07-02,40.24,27.68,41.68
1986-07-03,40.46,27.96,39.99
1986-07-04,42.22,27.87,33.98
1986-07-05,42.05,30.15,36.39
1986-07-06,42.38,31.27,35.63
1986-07-07,41.44,31.66,36.37
1986-07-08,39.52,29.86,46.27
1986-07-09,36.34,26.68,60.46
1986-07-10,38.44,25.46,56.64
1986-07-11,38.99,27.47,49.58
1986-07-12,41.29,29.42,42.74
1986-07-13,42.2,28.8,41.98
1986-07-14,40.98,29.83,46.7
1986-07-15,40.19,30.25,49.76
1986-07-16,36.65,30.31,55.26
1986-07-17,41.33,28.82,50.71
1986-07-18,34.87,28.28,65.45
1986-07-19,35.12,27.2,63.33
1986-07-20,34.77,26.58,59.9
1986-07-21,35.21,28.19,60.82
1986-07-22,35.89,27.81,58.55
1986-07-23,36.24,28.5,54.35
1986-07-24,38.73,27.67,56.31
1986-07-25,37.14,26.85,65.84
1986-07-26,34.2,26.11,67.15
1986-07-27,32.92,25.42,66.89
1986-07-28,34.54,25.31,65.3
1986-07-29,36.32,23.39,62.28
1986-07-30,37.52,25.94,58.82
1986-07-31,36.53,28.49,56.33
1986-08-01,31.07,26.33,70.62
1986-08-02,37.4,25.19,61.45
1986-08-03,38.84,27.43,51.66
1986-08-04,37.45,27.67,52.53
1986-08-05,38.29,26.9,53.62
1986-08-06,39.89,28.36,49.81
1986-08-07,39.51,28.34,51.76
1986-08-08,39.11,28.33,52.05
1986-08-09,39.69,27.16,53.82
1986-08-10,39.57,28.5,51.25
1986-08-11,41.19,28.47,48.24
1986-08-12,40.13,30.27,46.17
1986-08-13,36.22,27.34,62.13
1986-08-14,31.76,28.24,67.58
1986-08-15,37.47,27.66,57.45
1986-08-16,38.46,28.33,54.58
1986-08-17,36.54,28.29,60.59
1986-08-18,36.23,27.45,62.17
1986-08-19,31.93,27.13,70.09
1986-08-20,33.4,26.22,70.9
1986-08-21,34.26,25.19,70.55
1986-08-22,36.74,27.16,60.2
1986-08-23,38.45,26.01,56.46
1986-08-24,38.67,25.95,49.21
1986-08-25,38.59,24.93,46.68
1986-08-26,38.31,24.59,47.07
1986-08-27,38.63,24.63,48.04
1986-08-28,38.74,25.68,45.21
1986-08-29,38.95,26.17,44.47
1986-08-30,39.49,25.14,40.96
1986-08-31,39.08,24.58,43.47
1986-09-01,39.75,24.06,41.18
1986-09-02,39.58,25.33,37.86
1986-09-03,39.34,24.14,39.83
1986-09-04,39.79,24.96,39.38
1986-09-05,39.69,23.42,38.71
1986-09-06,40.11,23.46,35.28
1986-09-07,40.42,23.5,33.84
1986-09-08,41.2,23.55,32.34
1986-09-09,40.25,22.84,33.94
1986-09-10,40.15,24.78,36.27
1986-09-11,40.09,24.12,40.26
1986-09-12,37.68,25.06,55.66
1986-09-13,36.3,23.95,58.68
1986-09-14,37.63,24.63,50.02
1986-09-15,38.39,23.04,44.93
1986-09-16,38.19,22.97,37.77
1986-09-17,39.43,21.63,36.21
1986-09-18,40.48,21.57,30.4
1986-09-19,41.27,22.01,28.01
1986-09-20,40.85,22.72,31.04
1986-09-21,39.64,23.96,32.77
1986-09-22,39.12,24.87,37.74
1986-09-23,34.34,25.4,51.2
1986-09-24,34.76,21.82,58.78
1986-09-25,34.61,23.62,56.96
1986-09-26,34.52,23.51,55.91
1986-09-27,32.32,23.68,67.93
1986-09-28,31.75,21.9,71.88
1986-09-29,32.19,21.44,64.68
1986-09-30,33.52,21.2,55.91
1986-10-01,34.12,21.02,51.61
1986-10-02,34.79,20.87,45.97
1986-10-03,35.71,22.0,43.85
1986-10-04,35.92,20.88,44.74
1986-10-05,35.69,23.31,46.96
1986-10-06,35.88,22.17,43.69
1986-10-07,36.36,23.45,40.38
1986-10-08,37.02,21.23,41.45
1986-10-09,35.33,20.75,42.72
1986-10-10,36.2,20.11,43.61
1986-10-11,37.41,20.06,42.67
1986-10-12,36.3,20.08,45.62
1986-10-13,36.75,20.94,42.54
1986-10-14,37.33,22.08,34.79
1986-10-15,37.57,19.78,37.93
1986-10-16,34.23,19.44,43.44
1986-10-17,34.29,18.36,45.31
1986-10-18,32.3,19.52,40.35
1986-10-19,32.65,17.41,40.44
1986-10-20,32.28,16.04,34.43
1986-10-21,32.13,14.06,33.85
1986-10-22,32.69,13.84,30.76
1986-10-23,31.66,14.19,27.06
1986-10-24,32.16,14.64,26.46
1986-10-25,32.61,16.92,24.98
1986-10-26,32.5,13.73,31.29
1986-10-27,33.82,14.27,26.58
1986-10-28,34.74,16.88,23.77
1986-10-29,34.11,17.1,24.19
1986-10-30,34.1,15.82,25.04
1986-10-31,34.26,16.69,25.4
1986-11-01,33.85,16.2,26.07
1986-11-02,33.41,15.38,26.76
1986-11-03,33.46,15.09,25.74
1986-11-04,33.16,13.89,23.58
1986-11-05,32.84,13.64,23.48
1986-11-06,32.66,12.85,20.67
1986-11-07,32.52,15.45,19.61
1986-11-08,31.68,13.51,19.02
1986-11-09,31.73,15.12,20.22
1986-11-10,33.29,12.78,18.14
1986-11-11,34.04,13.95,18.75
1986-11-12,33.3,13.81,19.66
1986-11-13,33.13,13.67,21.58
1986-11-14,33.44,14.16,23.87
1986-11-15,33.52,14.28,22.81
1986-11-16,32.2,16.76,23.69
1986-11-17,30.25,14.83,26.91
1986-11-18,29.4,11.38,20.61
1986-11-19,28.49,9.61,14.59
1986-11-20,28.59,10.02,12.59
1986-11-21,29.11,10.52,12.58
1986-11-22,30.59,14.85,15.69
1986-11-23,30.98,12.16,18.68
1986-11-24,30.03,11.67,18.36
1986-11-25,29.16,12.86,18.58
1986-11-26,27.88,13.51,22.16
1986-11-27,27.47,12.06,26.79
1986-11-28,28.65,12.24,26.91
1986-11-29,29.38,12.97,26.41
1986-11-30,26.4,9.15,27.65
1986-12-01,26.71,9.25,32.58
1986-12-02,27.26,9.4,27.74
1986-12-03,28.14,9.73,29.62
1986-12-04,29.04,10.72,27.59
1986-12-05,28.35,9.95,24.73
1986-12-06,28.64,10.16,21.61
1986-12-07,28.31,12.35,22.38
1986-12-08,26.41,12.92,24.49
1986-12-09,27.57,11.75,24.05
1986-12-10,26.06,9.15,30.11
1986-12-11,26.71,13.03,30.06
1986-12-12,27.0,10.7,41.31
1986-12-13,24.84,12.22,40.31
1986-12-14,21.49,5.49,27.33
1986-12-15,18.68,4.2,32.09
1986-12-16,20.17,2.37,35.99
1986-12-17,20.72,4.92,35.7
1986-12-18,20.15,9.05,48.63
1986-12-19,20.65,4.48,50.51
1986-12-20,19.5,3.14,36.31
1986-12-21,19.21,3.07,34.74
1986-12-22,21.83,6.71,34.33
1986-12-23,22.15,3.54,34.73
1986-12-24,21.34,6.36,31.36
1986-12-25,22.32,5.98,34.23
1986-12-26,22.91,4.82,33.8
1986-12-27,24.67,5.73,29.67
1986-12-28,23.84,5.22,28.36
1986-12-29,23.07,6.42,26.39
1986-12-30,22.27,3.84,26.72
1986-12-31,22.88,3.86,29.83
1987-01-01,23.05,5.35,24.64
1987-01-02,23.88,4.87,26.15
1987-01-03,23.92,6.23,28.49
1987-01-04,24.17,10.8,23.53
1987-01-05,25.43,12.33,24.56
1987-01-06,26.09,9.77,33.87
1987-01-07,26.52,11.89,30.18
1987-01-08,26.98,10.77,31.19
1987-01-09,24.59,9.6,32.01
1987-01-10,25.59,13.47,33.18
1987-01-11,19.65,10.75,67.83
1987-01-12,21.07,10.3,68.25
1987-01-13,21.71,12.13,59.22
1987-01-14,23.39,8.76,64.78
1987-01-15,22.29,6.32,58.48
1987-01-16,22.72,8.23,57.86
1987-01-17,17.33,10.11,80.47
1987-01-18,21.21,7.77,73.36
1987-01-19,22.08,6.11,60.3
1987-01-20,24.04,6.01,44.1
1987-01-21,23.39,4.12,40.91
1987-01-22,22.86,4.65,31.71
1987-01-23,24.29,7.83,30.7
1987-01-24,23.85,4.35,36.38
1987-01-25,24.42,4.23,40.5
1987-01-26,24.79,4.96,37.16
1987-01-27,24.69,7.07,30.2
1987-01-28,26.07,8.41,32.44
1987-01-29,25.8,7.02,33.91
1987-01-30,26.97,9.14,32.31
1987-01-31,26.74,10.44,28.97
1987-02-01,26.93,11.4,31.54
1987-02-02,27.47,9.29,35.99
1987-02-03,25.96,9.55,37.03
1987-02-04,26.99,8.27,38.92
1987-02-05,27.26,7.88,38.56
1987-02-06,27.79,7.91,34.79
1987-02-07,27.52,11.42,27.82
1987-02-08,28.16,10.07,31.01
1987-02-09,28.06,9.4,33.82
1987-02-10,25.79,8.87,35.41
1987-02-11,26.5,7.37,34.76
1987-02-12,26.99,7.94,32.09
1987-02-13,27.18,9.88,30.43
1987-02-14,29.84,12.2,27.37
1987-02-15,29.36,12.8,29.38
1987-02-16,27.83,12.0,44.74
1987-02-17,26.37,9.28,50.33
1987-02-18,26.49,12.41,39.87
1987-02-19,29.64,11.65,34.3
1987-02-20,31.07,14.73,35.34
1987-02-21,28.73,13.24,42.51
1987-02-22,28.51,12.21,40.29
1987-02-23,31.33,12.84,36.28
1987-02-24,31.69,14.26,43.52
1987-02-25,25.7,13.52,51.79
1987-02-26,26.18,9.51,42.75
1987-02-27,25.9,10.22,47.96
1987-02-28,26.5,10.29,45.97
1987-03-01,27.88,9.99,42.25
1987-03-02,29.34,11.44,35.7
1987-03-03,30.7,13.18,29.47
1987-03-04,31.84,13.0,27.9
1987-03-05,30.37,12.5,28.47
1987-03-06,34.02,14.04,24.99
1987-03-07,34.12,14.77,26.67
1987-03-08,32.38,14.66,32.73
1987-03-09,32.39,14.06,33.57
1987-03-10,31.98,13.59,26.97
1987-03-11,32.72,14.83,26.82
1987-03-12,29.48,13.34,34.07
1987-03-13,31.68,14.74,30.49
1987-03-14,32.56,14.36,32.79
1987-03-15,34.8,14.49,36.0
1987-03-16,35.31,17.2,33.0
1987-03-17,33.85,18.24,28.93
1987-03-18,34.55,15.64,22.69
1987-03-19,35.74,16.05,22.61
1987-03-20,33.15,19.85,22.44
1987-03-21,35.71,18.43,22.9
1987-03-22,35.5,18.18,30.32
1987-03-23,33.54,17.38,42.05
1987-03-24,34.65,16.94,40.46
1987-03-25,36.38,17.49,31.93
1987-03-26,37.26,19.15,31.7
1987-03-27,34.71,18.09,33.79
1987-03-28,33.59,17.08,33.62
1987-03-29,35.25,18.56,25.36
1987-03-30,36.72,18.4,25.54
1987-03-31,38.76,19.21,23.76
1987-04-01,37.5,20.66,24.85
1987-04-02,38.51,20.54,23.44
1987-04-03,37.2,21.53,22.65
1987-04-04,37.84,20.64,20.01
1987-04-05,37.89,18.77,23.3
1987-04-06,38.47,19.83,19.92
1987-04-07,40.02,19.22,17.66
1987-04-08,39.27,21.11,19.98
1987-04-09,37.13,21.85,20.02
1987-04-10,34.72,16.08,14.73
1987-04-11,35.94,16.47,16.24
1987-04-12,37.23,17.53,13.55
1987-04-13,36.76,17.5,13.45
1987-04-14,37.42,18.48,13.98
1987-04-15,38.88,18.54,16.15
1987-04-16,39.63,19.74,18.34
1987-04-17,41.16,22.67,17.56
1987-04-18,41.18,21.97,15.81
1987-04-19,41.98,21.24,14.53
1987-04-20,43.36,23.93,11.81
1987-04-21,44.68,23.12,11.09
1987-04-22,43.49,23.38,10.25
1987-04-23,44.08,24.74,11.37
1987-04-24,40.25,21.07,10.8
1987-04-25,41.25,22.7,11.03
1987-04-26,40.44,22.12,12.69
1987-04-27,40.89,22.74,10.91
1987-04-28,39.87,20.62,25.46
1987-04-29,41.8,22.79,20.9
1987-04-30,41.75,24.99,17.36
1987-05-01,39.69,27.58,20.09
1987-05-02,36.31,21.4,44.48
1987-05-03,32.51,18.88,47.3
1987-05-04,34.25,20.51,34.15
1987-05-05,37.27,20.19,30.84
1987-05-06,39.31,22.2,28.64
1987-05-07,34.63,19.26,50.35
1987-05-08,30.98,23.98,60.89
1987-05-09,29.76,21.96,62.04
1987-05-10,35.03,18.82,47.93
1987-05-11,38.11,21.01,35.4
1987-05-12,39.84,23.6,31.01
1987-05-13,37.34,24.25,34.25
1987-05-14,37.6,22.09,33.12
1987-05-15,39.15,22.32,32.61
1987-05-16,39.05,23.43,29.56
1987-05-17,38.9,23.57,33.34
1987-05-18,40.17,23.79,28.2
1987-05-19,42.07,25.03,26.64
1987-05-20,43.04,26.08,25.78
1987-05-21,43.5,26.32,25.28
1987-05-22,42.28,26.54,28.45
1987-05-23,40.14,28.15,31.47
1987-05-24,40.14,25.46,27.39
1987-05-25,41.63,23.91,24.2
1987-05-26,43.15,24.8,20.86
1987-05-27,44.34,29.12,17.95
1987-05-28,44.09,26.43,17.11
1987-05-29,44.08,27.12,19.91
1987-05-30,44.73,30.62,19.17
1987-05-31,45.38,29.65,18.26
1987-06-01,44.57,30.57,23.87
1987-06-02,42.18,29.91,38.85
1987-06-03,44.81,30.8,28.83
1987-06-04,43.81,31.2,27.28
1987-06-05,44.28,29.44,22.98
1987-06-06,46.04,30.71,18.71
1987-06-07,47.02,29.84,16.38
1987-06-08,47.41,30.45,16.73
1987-06-09,44.03,32.26,20.85
1987-06-10,40.89,31.15,29.24
1987-06-11,40.77,29.33,35.54
1987-06-12,43.1,30.04,30.78
1987-06-13,42.51,30.17,35.46
1987-06-14,43.72,30.28,32.8
1987-06-15,45.25,31.12,30.24
1987-06-16,44.96,31.72,26.23
1987-06-17,42.84,30.27,26.89
1987-06-18,44.89,26.88,22.07
1987-06-19,44.78,28.97,22.95
1987-06-20,44.9,29.25,22.41
1987-06-21,44.16,29.14,23.44
1987-06-22,45.05,29.75,23.75
1987-06-23,44.24,30.08,22.78
1987-06-24,44.42,28.93,21.2
1987-06-25,44.93,28.61,20.55
1987-06-26,45.34,29.47,18.94
1987-06-27,46.64,29.24,15.47
1987-06-28,46.92,30.43,17.31
1987-06-29,47.69,31.64,15.68
1987-06-30,46.17,34.23,20.76
1987-07-01,46.63,33.24,24.56
1987-07-02,46.09,32.53,28.36
1987-07-03,47.83,33.31,21.03
1987-07-04,47.21,33.74,23.69
1987-07-05,45.82,33.69,27.34
1987-07-06,45.73,33.95,28.18
1987-07-07,42.97,32.67,34.43
1987-07-08,43.55,31.78,33.39
1987-07-09,44.31,33.42,27.4
1987-07-10,42.22,32.35,32.45
1987-07-11,42.4,28.88,39.71
1987-07-12,43.03,31.71,30.66
1987-07-13,41.98,30.67,36.18
1987-07-14,39.55,29.58,42.16
1987-07-15,42.88,29.51,38.81
1987-07-16,43.59,28.45,34.49
1987-07-17,43.83,30.84,30.45
1987-07-18,44.1,31.95,28.27
1987-07-19,44.07,32.18,27.72
1987-07-20,45.32,30.7,24.12
1987-07-21,45.61,33.01,22.63
1987-07-22,45.46,33.52,23.07
1987-07-23,45.13,32.73,25.44
1987-07-24,44.48,34.09,30.12
1987-07-25,40.3,33.2,34.43
1987-07-26,41.9,29.85,40.13
1987-07-27,38.31,30.62,48.72
1987-07-28,41.12,30.3,45.42
1987-07-29,43.91,30.06,37.02
1987-07-30,44.86,31.12,31.76
1987-07-31,43.66,32.4,29.62
1987-08-01,45.18,31.91,26.2
1987-08-02,45.11,30.62,25.58
1987-08-03,45.07,31.16,26.31
1987-08-04,44.22,31.71,28.13
1987-08-05,42.73,32.92,30.34
1987-08-06,38.13,30.51,42.11
1987-08-07,36.14,29.81,55.1
1987-08-08,40.46,29.06,47.87
1987-08-09,42.4,31.15,39.61
1987-08-10,45.35,32.91,29.97
1987-08-11,46.06,31.17,25.7
1987-08-12,45.19,33.02,28.55
1987-08-13,41.27,31.81,37.13
1987-08-14,39.36,28.68,50.18
1987-08-15,38.97,27.29,50.04
1987-08-16,40.94,29.8,39.47
1987-08-17,42.93,30.04,32.7
1987-08-18,43.74,31.36,29.66
1987-08-19,41.05,31.07,34.75
1987-08-20,42.51,28.68,35.86
1987-08-21,40.9,28.52,38.18
1987-08-22,41.57,30.8,37.8
1987-08-23,41.24,30.96,42.67
1987-08-24,41.35,28.86,47.17
1987-08-25,42.08,31.31,41.23
1987-08-26,42.02,30.46,40.54
1987-08-27,41.94,31.4,40.12
1987-08-28,34.07,27.3,65.13
1987-08-29,33.59,26.16,73.73
1987-08-30,33.5,25.68,78.4
1987-08-31,34.23,26.61,69.66
1987-09-01,36.75,26.88,65.25
1987-09-02,38.9,25.7,56.28
1987-09-03,39.51,26.68,49.56
1987-09-04,39.29,27.8,47.89
1987-09-05,37.5,26.46,56.86
1987-09-06,38.26,26.15,55.59
1987-09-07,38.43,26.17,56.23
1987-09-08,39.81,25.86,49.07
1987-09-09,37.41,25.47,56.25
1987-09-10,39.16,25.0,48.48
1987-09-11,39.1,25.32,43.76
1987-09-12,39.59,23.76,41.89
1987-09-13,39.49,23.71,40.79
1987-09-14,39.66,23.42,39.88
1987-09-15,39.82,23.34,39.71
1987-09-16,39.26,24.52,49.73
1987-09-17,36.14,26.46,55.85
1987-09-18,35.48,26.4,62.14
1987-09-19,37.49,24.41,53.77
1987-09-20,39.31,23.0,42.5
1987-09-21,39.33,24.08,39.13
1987-09-22,39.38,22.7,46.99
1987-09-23,39.63,25.18,37.75
1987-09-24,39.69,24.87,32.33
1987-09-25,41.2,21.47,30.18
1987-09-26,40.54,21.58,29.32
1987-09-27,39.78,20.57,30.91
1987-09-28,39.6,22.27,29.4
1987-09-29,38.67,23.04,29.3
1987-09-30,39.16,22.34,30.04
1987-10-01,39.06,22.33,27.83
1987-10-02,39.44,24.02,26.03
1987-10-03,38.76,23.92,30.31
1987-10-04,37.61,23.08,30.55
1987-10-05,37.39,21.4,35.22
1987-10-06,37.7,20.01,39.55
1987-10-07,37.9,20.38,34.85
1987-10-08,37.76,20.42,36.9
1987-10-09,37.94,19.52,36.14
1987-10-10,37.55,20.38,37.9
1987-10-11,38.12,20.09,35.4
1987-10-12,38.45,22.06,27.73
1987-10-13,37.55,21.72,26.47
1987-10-14,37.29,19.23,24.83
1987-10-15,37.27,20.03,26.13
1987-10-16,37.01,19.77,29.78
1987-10-17,36.64,19.68,34.72
1987-10-18,30.64,22.29,57.4
1987-10-19,31.57,21.24,57.56
1987-10-20,31.88,17.68,43.23
1987-10-21,32.79,14.84,27.04
1987-10-22,33.11,14.6,22.85
1987-10-23,34.24,15.35,22.12
1987-10-24,34.73,16.34,21.28
1987-10-25,34.61,17.17,22.37
1987-10-26,34.78,17.62,21.2
1987-10-27,34.92,20.03,20.55
1987-10-28,36.01,17.68,22.48
1987-10-29,37.91,19.58,22.66
1987-10-30,36.74,18.74,23.64
1987-10-31,35.74,16.29,31.68
1987-11-01,34.14,15.78,17.2
1987-11-02,33.43,12.94,11.42
1987-11-03,33.0,14.9,10.34
1987-11-04,32.69,14.08,11.04
1987-11-05,33.08,15.38,12.88
1987-11-06,33.72,12.89,14.54
1987-11-07,34.07,13.42,14.3
1987-11-08,32.99,14.7,14.83
1987-11-09,33.17,14.9,17.72
1987-11-10,33.35,14.54,16.7
1987-11-11,33.13,14.91,13.32
1987-11-12,32.71,13.29,15.08
1987-11-13,32.96,14.72,20.4
1987-11-14,33.11,12.35,15.84
1987-11-15,31.65,13.08,12.67
1987-11-16,31.3,13.96,9.57
1987-11-17,31.24,13.76,9.46
1987-11-18,30.91,14.38,9.99
1987-11-19,31.59,14.84,11.67
1987-11-20,30.68,11.03,13.05
1987-11-21,30.41,10.64,10.94
1987-11-22,30.61,10.28,9.54
1987-11-23,29.6,14.67,7.4
1987-11-24,29.97,14.99,7.19
1987-11-25,29.18,13.19,8.54
1987-11-26,29.91,9.5,14.55
1987-11-27,29.65,11.44,10.41
1987-11-28,28.24,10.05,11.9
1987-11-29,29.43,9.45,13.68
1987-11-30,29.48,10.12,13.87
1987-12-01,29.8,12.06,13.21
1987-12-02,30.24,10.83,19.58
1987-12-03,30.93,11.93,20.11
1987-12-04,27.43,10.17,10.42
1987-12-05,25.73,5.62,10.39
1987-12-06,25.72,5.78,11.34
1987-12-07,25.42,9.32,10.56
1987-12-08,26.71,8.6,8.51
1987-12-09,26.67,12.05,10.23
1987-12-10,22.6,10.1,16.12
1987-12-11,22.12,14.26,47.21
1987-12-12,26.08,13.07,63.79
1987-12-13,24.96,7.57,28.75
1987-12-14,25.72,6.1,32.23
1987-12-15,25.29,7.6,26.94
1987-12-16,25.36,8.89,24.15
1987-12-17,25.68,7.16,25.61
1987-12-18,26.39,6.81,27.06
1987-12-19,25.03,6.97,25.61
1987-12-20,25.61,8.74,19.23
1987-12-21,26.93,9.87,22.13
1987-12-22,26.22,8.22,22.74
1987-12-23,24.93,6.33,20.87
1987-12-24,25.06,5.65,19.55
1987-12-25,25.09,10.98,16.15
1987-12-26,25.57,10.66,15.81
1987-12-27,25.55,8.38,17.43
1987-12-28,25.2,7.84,18.56
1987-12-29,25.57,6.84,16.7
1987-12-30,22.21,9.91,17.19
1987-12-31,22.87,8.88,18.41
1988-01-01,25.46,7.23,19.58
1988-01-02,24.94,8.08,30.99
1988-01-03,22.88,8.99,33.35
1988-01-04,26.98,9.95,39.6
1988-01-05,26.14,10.56,34.06
1988-01-06,25.02,7.86,37.85
1988-01-07,25.56,8.65,38.66
1988-01-08,25.03,9.49,33.39
1988-01-09,26.84,9.05,30.75
1988-01-10,27.64,10.28,30.58
1988-01-11,26.89,12.25,43.42
1988-01-12,25.88,13.22,46.77
1988-01-13,25.54,9.38,45.97
1988-01-14,25.71,11.86,45.48
1988-01-15,25.35,9.54,42.65
1988-01-16,24.56,8.43,35.53
1988-01-17,25.4,7.66,33.77
1988-01-18,25.92,7.41,24.63
1988-01-19,27.49,7.0,22.16
1988-01-20,26.84,8.37,21.43
1988-01-21,27.71,8.01,20.23
1988-01-22,26.88,7.47,29.18
1988-01-23,26.49,8.06,32.08
1988-01-24,23.38,6.59,28.01
1988-01-25,23.34,5.43,23.33
1988-01-26,24.62,5.4,20.62
1988-01-27,26.45,5.29,17.85
1988-01-28,25.94,10.09,29.01
1988-01-29,25.02,8.52,40.48
1988-01-30,25.9,6.89,32.75
1988-01-31,26.75,9.02,30.04
1988-02-01,26.98,8.74,24.7
1988-02-02,27.41,7.26,19.19
1988-02-03,29.02,7.43,19.02
1988-02-04,29.38,7.46,21.82
1988-02-05,30.58,9.52,21.27
1988-02-06,30.05,12.2,16.87
1988-02-07,30.98,12.98,15.0
1988-02-08,30.04,9.0,18.72
1988-02-09,30.51,13.75,17.7
1988-02-10,30.31,11.71,12.86
1988-02-11,30.95,12.12,13.84
1988-02-12,29.83,15.45,25.52
1988-02-13,27.94,12.78,51.75
1988-02-14,24.67,13.4,50.27
1988-02-15,25.81,10.8,56.34
1988-02-16,26.19,11.87,52.46
1988-02-17,27.38,8.65,38.87
1988-02-18,23.46,9.54,38.62
1988-02-19,28.59,9.07,34.98
1988-02-20,29.0,10.84,38.49
1988-02-21,30.23,15.44,34.3
1988-02-22,30.01,12.37,42.23
1988-02-23,28.64,12.01,31.56
1988-02-24,27.9,8.49,24.26
1988-02-25,29.19,8.45,21.37
1988-02-26,31.54,11.88,21.03
1988-02-27,30.18,11.79,23.52
1988-02-28,29.27,15.49,40.53
1988-02-29,29.84,12.7,41.94
1988-03-01,28.62,12.31,32.96
1988-03-02,28.59,10.02,31.85
1988-03-03,27.21,10.42,25.93
1988-03-04,31.23,11.21,25.58
1988-03-05,33.55,12.71,26.31
1988-03-06,33.85,13.6,28.91
1988-03-07,34.57,18.34,25.52
1988-03-08,28.98,16.13,47.59
1988-03-09,29.32,14.13,53.96
1988-03-10,32.76,15.59,44.17
1988-03-11,33.88,18.47,48.75
1988-03-12,28.52,16.63,69.97
1988-03-13,31.9,15.03,53.46
1988-03-14,30.19,13.78,38.2
1988-03-15,31.98,11.63,39.62
1988-03-16,35.79,15.07,32.57
1988-03-17,32.18,14.62,33.39
1988-03-18,31.98,12.48,28.15
1988-03-19,31.53,14.11,25.52
1988-03-20,31.25,10.62,30.48
1988-03-21,32.31,11.87,24.38
1988-03-22,33.96,11.28,24.2
1988-03-23,36.04,13.17,26.73
1988-03-24,37.85,18.85,24.34
1988-03-25,36.34,14.58,28.87
1988-03-26,33.43,18.01,35.51
1988-03-27,31.17,13.38,19.34
1988-03-28,31.97,12.12,27.6
1988-03-29,35.5,13.44,20.93
1988-03-30,36.35,13.93,18.43
1988-03-31,36.32,14.58,20.4
1988-04-01,35.37,15.05,16.15
1988-04-02,38.33,15.62,16.84
1988-04-03,40.03,20.4,17.63
1988-04-04,39.67,19.32,19.19
1988-04-05,39.44,20.85,15.73
1988-04-06,37.93,18.17,8.83
1988-04-07,39.14,17.87,8.77
1988-04-08,39.37,21.26,10.21
1988-04-09,41.84,20.9,10.61
1988-04-10,42.49,20.78,10.79
1988-04-11,42.72,23.08,12.62
1988-04-12,43.01,21.87,14.66
1988-04-13,42.74,22.85,14.2
1988-04-14,42.78,21.73,12.28
1988-04-15,43.99,21.68,8.21
1988-04-16,43.92,22.98,7.62
1988-04-17,43.19,23.86,8.63
1988-04-18,42.3,24.84,17.5
1988-04-19,41.15,25.77,19.48
1988-04-20,39.59,25.33,18.36
1988-04-21,41.05,24.07,17.27
1988-04-22,42.29,24.85,14.52
1988-04-23,42.61,26.56,13.94
1988-04-24,41.54,26.19,18.03
1988-04-25,40.98,24.28,18.6
1988-04-26,43.15,24.51,17.16
1988-04-27,43.9,25.21,17.86
1988-04-28,44.54,26.94,16.89
1988-04-29,43.83,26.4,17.32
1988-04-30,43.92,26.68,18.13
1988-05-01,37.91,28.48,25.32
1988-05-02,43.07,25.25,18.69
1988-05-03,42.57,25.94,21.66
1988-05-04,42.24,26.52,13.34
1988-05-05,44.42,24.31,12.29
1988-05-06,45.2,25.18,10.18
1988-05-07,45.64,25.65,10.25
1988-05-08,46.24,25.64,9.83
1988-05-09,45.8,25.2,7.1
1988-05-10,46.18,25.72,6.87
1988-05-11,46.99,29.04,6.12
1988-05-12,47.45,26.24,5.52
1988-05-13,47.62,26.09,8.08
1988-05-14,48.34,30.82,9.42
1988-05-15,45.45,27.11,11.38
1988-05-16,46.53,27.04,14.8
1988-05-17,46.87,27.55,13.41
1988-05-18,44.62,28.78,14.94
1988-05-19,44.41,30.26,16.11
1988-05-20,45.15,27.9,12.66
1988-05-21,45.49,26.97,8.45
1988-05-22,46.36,26.69,9.32
1988-05-23,46.43,27.96,8.98
1988-05-24,46.34,29.53,13.73
1988-05-25,46.62,29.35,14.85
1988-05-26,47.49,29.13,13.44
1988-05-27,47.92,31.14,15.14
1988-05-28,48.36,31.19,15.68
1988-05-29,48.23,33.27,16.36
1988-05-30,48.2,32.11,15.84
1988-05-31,47.86,31.88,16.36
1988-06-01,47.33,30.62,17.94
1988-06-02,47.67,31.85,15.98
1988-06-03,46.91,31.21,16.47
1988-06-04,47.72,31.12,9.4
1988-06-05,45.04,30.33,19.52
1988-06-06,42.48,29.92,22.57
1988-06-07,43.47,29.52,20.82
1988-06-08,44.7,32.01,21.24
1988-06-09,45.95,30.07,16.74
1988-06-10,46.23,30.24,12.79
1988-06-11,45.94,28.07,9.82
1988-06-12,46.77,28.32,9.8
1988-06-13,47.47,28.88,11.61
1988-06-14,46.78,29.47,17.74
1988-06-15,47.37,31.07,14.47
1988-06-16,46.05,32.13,20.63
1988-06-17,44.43,33.97,26.69
1988-06-18,42.25,31.96,29.78
1988-06-19,40.47,29.23,43.87
1988-06-20,44.41,30.28,37.74
1988-06-21,41.59,30.3,45.01
1988-06-22,41.43,29.69,48.62
1988-06-23,40.75,29.95,44.26
1988-06-24,40.41,30.99,44.46
1988-06-25,42.96,31.19,40.51
1988-06-26,43.37,32.06,39.44
1988-06-27,44.47,31.65,38.63
1988-06-28,45.42,32.34,37.31
1988-06-29,39.16,32.15,46.46
1988-06-30,34.55,30.27,58.76
1988-07-01,40.11,28.37,54.1
1988-07-02,39.52,29.93,52.08
1988-07-03,37.69,29.91,55.28
1988-07-04,41.28,28.77,51.11
1988-07-05,37.96,30.11,56.63
1988-07-06,39.3,29.28,54.56
1988-07-07,38.67,29.41,55.63
1988-07-08,38.2,29.43,55.55
1988-07-09,39.82,29.26,50.52
1988-07-10,40.69,30.36,47.25
1988-07-11,33.07,29.59,62.33
1988-07-12,36.93,28.5,62.97
1988-07-13,30.81,26.94,82.19
1988-07-14,33.28,25.94,78.49
1988-07-15,30.2,26.62,88.04
1988-07-16,33.9,26.6,80.8
1988-07-17,34.71,26.75,78.1
1988-07-18,33.62,26.62,80.72
1988-07-19,35.21,25.69,74.02
1988-07-20,33.22,26.84,76.97
1988-07-21,35.51,26.13,72.91
1988-07-22,32.52,27.11,80.07
1988-07-23,34.29,27.21,78.16
1988-07-24,33.62,26.9,77.51
1988-07-25,35.03,26.3,76.3
1988-07-26,32.87,27.0,83.22
1988-07-27,32.68,26.65,82.72
1988-07-28,32.91,26.99,83.59
1988-07-29,32.17,26.43,81.8
1988-07-30,36.8,26.95,73.0
1988-07-31,33.56,27.65,78.58
1988-08-01,29.77,25.92,91.35
1988-08-02,29.16,24.24,91.89
1988-08-03,30.57,24.58,86.54
1988-08-04,33.34,24.61,82.29
1988-08-05,32.0,26.32,84.3
1988-08-06,33.42,25.73,81.58
1988-08-07,33.2,25.94,81.58
1988-08-08,30.32,25.91,90.13
1988-08-09,30.15,25.8,88.74
1988-08-10,33.67,25.57,79.79
1988-08-11,32.46,26.43,85.47
1988-08-12,29.54,26.5,91.12
1988-08-13,30.5,25.79,89.86
1988-08-14,33.46,25.13,83.26
1988-08-15,33.72,24.77,80.4
1988-08-16,33.79,23.81,77.42
1988-08-17,33.86,24.15,76.25
1988-08-18,30.0,26.02,89.08
1988-08-19,30.95,26.39,90.44
1988-08-20,31.16,26.11,89.45
1988-08-21,33.11,25.57,83.82
1988-08-22,31.74,26.29,86.87
1988-08-23,31.96,25.96,88.66
1988-08-24,29.49,26.21,93.48
1988-08-25,31.88,25.24,87.39
1988-08-26,32.34,24.68,85.86
1988-08-27,33.26,24.43,83.49
1988-08-28,33.31,24.56,81.79
1988-08-29,33.99,23.85,76.49
1988-08-30,33.35,22.77,74.93
1988-08-31,33.64,23.81,73.07
1988-09-01,33.82,24.24,68.82
1988-09-02,34.55,22.77,72.21
1988-09-03,34.32,24.12,76.41
1988-09-04,34.78,25.81,73.14
1988-09-05,35.28,24.29,69.68
1988-09-06,35.62,23.54,71.72
1988-09-07,35.86,24.51,72.98
1988-09-08,35.15,24.25,75.89
1988-09-09,34.13,24.49,76.71
1988-09-10,33.15,23.82,76.44
1988-09-11,32.5,24.59,73.67
1988-09-12,33.15,23.25,72.61
1988-09-13,34.5,22.73,67.2
1988-09-14,34.65,22.72,72.74
1988-09-15,34.53,23.14,77.09
1988-09-16,30.54,23.04,84.14
1988-09-17,30.92,21.47,82.03
1988-09-18,30.57,22.74,84.23
1988-09-19,31.48,22.95,85.11
1988-09-20,30.28,23.98,86.05
1988-09-21,30.24,23.9,86.74
1988-09-22,29.59,23.53,88.84
1988-09-23,29.69,23.43,89.35
1988-09-24,28.63,25.01,93.34
1988-09-25,32.7,24.78,86.01
1988-09-26,32.87,24.67,82.73
1988-09-27,29.0,24.64,91.7
1988-09-28,30.7,22.95,82.75
1988-09-29,32.37,21.58,67.46
1988-09-30,31.96,20.68,69.09
1988-10-01,31.46,19.62,73.47
1988-10-02,31.0,20.19,76.6
1988-10-03,31.97,21.91,79.15
1988-10-04,30.9,22.96,82.21
1988-10-05,31.02,19.7,75.79
1988-10-06,30.15,15.94,64.5
1988-10-07,31.01,13.74,53.21
1988-10-08,30.72,15.58,54.66
1988-10-09,31.59,19.86,64.85
1988-10-10,30.15,17.07,68.52
1988-10-11,29.92,14.52,67.79
1988-10-12,30.08,14.04,65.17
1988-10-13,31.63,14.59,64.97
1988-10-14,31.28,16.02,64.07
1988-10-15,31.77,15.26,61.95
1988-10-16,31.49,13.5,56.27
1988-10-17,32.01,17.44,49.01
1988-10-18,31.54,14.51,58.34
1988-10-19,33.1,15.52,60.18
1988-10-20,32.39,17.72,55.13
1988-10-21,31.11,16.72,59.04
1988-10-22,32.0,15.24,49.55
1988-10-23,32.43,14.95,46.84
1988-10-24,33.12,17.2,48.93
1988-10-25,32.85,17.57,50.11
1988-10-26,33.37,17.75,50.51
1988-10-27,32.18,17.76,48.62
1988-10-28,31.63,17.82,48.87
1988-10-29,31.19,17.38,49.18
1988-10-30,30.78,15.53,50.65
1988-10-31,30.76,15.41,47.94
1988-11-01,30.58,16.75,45.9
1988-11-02,31.56,16.67,40.09
1988-11-03,31.45,17.05,37.73
1988-11-04,30.76,16.35,43.76
1988-11-05,30.31,16.45,40.73
1988-11-06,31.29,14.5,38.23
1988-11-07,30.73,14.88,39.12
1988-11-08,31.33,13.33,40.68
1988-11-09,30.82,13.27,44.16
1988-11-10,30.85,13.78,41.96
1988-11-11,30.1,14.88,39.65
1988-11-12,30.04,14.71,36.85
1988-11-13,29.21,12.99,39.69
1988-11-14,29.68,12.44,37.12
1988-11-15,29.57,13.66,35.73
1988-11-16,28.64,12.33,37.97
1988-11-17,28.24,13.33,39.25
1988-11-18,28.62,11.84,43.05
1988-11-19,27.65,13.03,41.32
1988-11-20,28.42,12.79,41.99
1988-11-21,27.96,14.64,39.35
1988-11-22,27.57,14.42,38.6
1988-11-23,27.36,10.83,39.7
1988-11-24,28.3,11.72,40.59
1988-11-25,27.37,13.19,43.89
1988-11-26,25.1,10.38,43.77
1988-11-27,24.8,8.65,37.4
1988-11-28,23.74,7.82,39.62
1988-11-29,26.11,7.04,45.99
1988-11-30,26.89,8.12,34.9
1988-12-01,25.55,9.75,31.84
1988-12-02,24.7,5.76,34.46
1988-12-03,25.72,6.34,36.21
1988-12-04,24.49,7.01,35.68
1988-12-05,24.61,8.1,36.87
1988-12-06,23.74,10.86,40.74
1988-12-07,25.44,6.59,38.27
1988-12-08,25.73,10.92,31.31
1988-12-09,26.2,9.3,33.61
1988-12-10,25.45,11.19,29.0
1988-12-11,25.51,11.0,33.87
1988-12-12,23.67,10.11,39.54
1988-12-13,26.58,10.12,37.76
1988-12-14,25.1,8.83,36.01
1988-12-15,27.62,12.43,36.91
1988-12-16,24.62,10.3,42.07
1988-12-17,21.42,10.79,43.0
1988-12-18,24.68,8.03,42.72
1988-12-19,22.4,10.38,45.18
1988-12-20,26.55,12.2,42.45
1988-12-21,26.29,11.21,48.47
1988-12-22,24.57,12.06,49.24
1988-12-23,25.72,11.0,50.4
1988-12-24,26.14,10.27,50.77
1988-12-25,22.5,11.08,62.34
1988-12-26,20.77,8.63,68.59
1988-12-27,21.71,6.67,59.99
1988-12-28,23.16,6.23,48.75
1988-12-29,22.79,6.74,46.35
1988-12-30,23.78,9.57,45.33
1988-12-31,24.44,7.69,48.67
1989-01-01,22.21,8.43,48.51
1989-01-02,22.36,9.3,50.6
1989-01-03,23.05,7.76,54.39
1989-01-04,22.42,8.18,50.84
1989-01-05,23.4,7.89,45.79
1989-01-06,23.84,8.72,46.34
1989-01-07,22.5,7.88,68.87
1989-01-08,16.8,8.26,80.08
1989-01-09,18.91,4.51,69.75
1989-01-10,18.88,4.64,61.52
1989-01-11,18.27,1.78,47.85
1989-01-12,19.66,1.09,43.56
1989-01-13,19.82,3.39,34.68
1989-01-14,20.54,4.05,39.89
1989-01-15,20.67,2.21,44.01
1989-01-16,20.8,4.64,43.6
1989-01-17,20.74,3.1,47.33
1989-01-18,20.54,2.57,46.5
1989-01-19,21.38,4.85,43.78
1989-01-20,21.06,4.63,48.94
1989-01-21,20.48,3.5,52.94
1989-01-22,21.24,2.68,44.85
1989-01-23,22.76,2.75,43.45
1989-01-24,22.8,2.71,39.86
1989-01-25,23.12,5.69,31.38
1989-01-26,24.14,6.25,31.5
1989-01-27,24.57,7.36,36.6
1989-01-28,24.06,5.73,37.4
1989-01-29,24.35,5.41,34.51
1989-01-30,25.98,6.07,37.22
1989-01-31,26.73,10.36,33.82
1989-02-01,27.2,11.16,34.05
1989-02-02,24.3,6.25,32.47
1989-02-03,27.9,9.16,32.96
1989-02-04,27.7,9.71,41.38
1989-02-05,21.23,14.16,61.34
1989-02-06,23.62,6.65,46.21
1989-02-07,23.23,6.74,32.62
1989-02-08,22.29,6.34,37.28
1989-02-09,22.45,5.22,36.68
1989-02-10,22.11,3.82,34.36
1989-02-11,22.71,3.59,34.43
1989-02-12,23.98,4.68,32.23
1989-02-13,22.56,9.37,41.54
1989-02-14,24.34,8.82,59.51
1989-02-15,24.5,8.25,45.21
1989-02-16,25.99,8.26,36.69
1989-02-17,23.69,6.57,32.05
1989-02-18,23.59,5.94,31.29
1989-02-19,21.78,5.99,34.93
1989-02-20,24.75,6.6,28.01
1989-02-21,26.03,8.48,30.64
1989-02-22,25.77,5.83,31.66
1989-02-23,26.27,5.48,26.63
1989-02-24,29.34,10.08,26.3
1989-02-25,31.38,13.35,25.24
1989-02-26,33.5,11.88,29.3
1989-02-27,32.3,12.01,31.71
1989-02-28,30.6,10.78,31.68
1989-03-01,29.0,10.46,27.19
1989-03-02,27.92,7.68,26.88
1989-03-03,28.06,7.24,26.71
1989-03-04,29.95,9.02,25.48
1989-03-05,31.9,10.17,25.63
1989-03-06,32.04,11.29,26.61
1989-03-07,32.86,11.07,26.34
1989-03-08,33.38,12.65,24.31
1989-03-09,33.78,15.94,25.19
1989-03-10,33.33,17.33,25.7
1989-03-11,31.25,16.01,35.84
1989-03-12,30.0,14.26,39.38
1989-03-13,32.9,15.07,30.1
1989-03-14,30.97,17.0,34.51
1989-03-15,30.81,13.55,37.84
1989-03-16,30.69,14.0,37.47
1989-03-17,33.27,13.22,34.46
1989-03-18,34.69,16.75,33.4
1989-03-19,32.1,18.64,36.72
1989-03-20,34.94,17.87,32.99
1989-03-21,35.5,18.13,34.79
1989-03-22,35.21,20.76,31.89
1989-03-23,33.28,17.18,27.85
1989-03-24,33.1,18.4,25.64
1989-03-25,34.18,19.0,23.17
1989-03-26,33.1,17.93,24.63
1989-03-27,26.15,18.29,50.12
1989-03-28,28.26,15.95,51.44
1989-03-29,31.55,14.98,45.94
1989-03-30,32.49,16.13,42.08
1989-03-31,34.2,17.53,39.85
1989-04-01,35.2,19.04,31.07
1989-04-02,32.39,12.28,17.72
1989-04-03,32.7,11.19,20.5
1989-04-04,32.93,14.58,18.96
1989-04-05,32.56,12.2,19.35
1989-04-06,34.07,13.45,17.29
1989-04-07,37.58,15.83,16.73
1989-04-08,39.73,18.78,19.41
1989-04-09,39.22,20.78,22.73
1989-04-10,35.12,18.74,27.58
1989-04-11,36.56,17.28,18.91
1989-04-12,38.08,15.92,14.33
1989-04-13,38.68,17.64,11.42
1989-04-14,39.63,17.82,10.49
1989-04-15,41.33,19.2,12.84
1989-04-16,40.8,21.5,17.26
1989-04-17,40.71,21.79,17.71
1989-04-18,41.16,22.85,14.21
1989-04-19,41.43,21.49,11.15
1989-04-20,41.13,20.83,9.38
1989-04-21,41.41,19.09,6.74
1989-04-22,43.03,22.2,9.25
1989-04-23,41.11,23.89,13.57
1989-04-24,41.71,23.45,16.97
1989-04-25,41.14,24.71,18.48
1989-04-26,39.54,22.94,16.82
1989-04-27,40.36,20.9,13.07
1989-04-28,40.41,21.93,11.26
1989-04-29,40.3,20.5,8.34
1989-04-30,42.93,22.85,7.62
1989-05-01,41.97,27.74,15.95
1989-05-02,37.95,26.14,25.84
1989-05-03,38.64,26.98,17.48
1989-05-04,37.62,25.29,12.68
1989-05-05,41.1,21.8,8.54
1989-05-06,40.69,20.83,6.25
1989-05-07,39.98,19.89,5.78
1989-05-08,40.24,19.95,6.83
1989-05-09,42.11,20.48,8.4
1989-05-10,44.84,24.04,11.68
1989-05-11,44.71,28.92,16.95
1989-05-12,44.23,28.36,12.09
1989-05-13,44.51,24.49,8.32
1989-05-14,45.0,25.14,10.5
1989-05-15,46.84,25.78,6.95
1989-05-16,47.39,27.97,8.05
1989-05-17,46.26,27.07,10.19
1989-05-18,45.54,28.08,10.96
1989-05-19,46.48,27.94,12.36
1989-05-20,46.09,26.55,6.69
1989-05-21,47.09,24.87,5.94
1989-05-22,47.52,29.8,7.49
1989-05-23,46.66,27.83,8.09
1989-05-24,45.29,26.97,6.91
1989-05-25,44.07,25.94,11.0
1989-05-26,43.02,24.86,9.93
1989-05-27,44.41,28.06,9.93
1989-05-28,45.29,26.65,8.98
1989-05-29,45.19,26.38,15.54
1989-05-30,43.95,28.48,20.28
1989-05-31,44.04,28.72,22.21
1989-06-01,44.07,30.12,21.87
1989-06-02,44.81,31.41,21.26
1989-06-03,45.51,30.34,17.7
1989-06-04,45.71,30.88,20.5
1989-06-05,44.72,30.0,21.44
1989-06-06,44.07,31.91,24.08
1989-06-07,44.11,29.69,19.31
1989-06-08,44.61,29.38,22.73
1989-06-09,43.49,30.38,26.39
1989-06-10,41.42,31.83,31.21
1989-06-11,43.15,29.78,27.35
1989-06-12,45.4,29.42,17.37
1989-06-13,45.64,28.97,19.13
1989-06-14,41.99,32.44,32.01
1989-06-15,41.93,32.0,31.59
1989-06-16,41.37,29.9,36.33
1989-06-17,39.92,29.25,37.56
1989-06-18,42.25,28.88,30.03
1989-06-19,41.16,26.57,33.09
1989-06-20,42.37,27.84,24.51
1989-06-21,43.4,27.13,20.71
1989-06-22,43.85,28.58,20.42
1989-06-23,42.21,27.96,31.97
1989-06-24,43.27,28.4,32.31
1989-06-25,44.74,28.79,30.96
1989-06-26,45.76,29.16,27.57
1989-06-27,42.87,29.86,34.79
1989-06-28,43.93,30.47,31.54
1989-06-29,43.83,31.26,33.52
1989-06-30,44.64,30.99,29.75
1989-07-01,45.92,29.64,23.95
1989-07-02,34.98,27.45,45.53
1989-07-03,39.26,26.75,46.28
1989-07-04,40.79,28.02,39.62
1989-07-05,42.08,28.71,33.26
1989-07-06,43.85,29.59,34.99
1989-07-07,44.06,29.77,27.28
1989-07-08,44.21,29.53,27.79
1989-07-09,44.18,31.62,31.67
1989-07-10,46.04,31.34,28.19
1989-07-11,45.42,33.48,28.6
1989-07-12,44.27,33.7,29.8
1989-07-13,40.44,31.0,40.79
1989-07-14,35.23,28.01,60.77
1989-07-15,33.5,26.77,65.32
1989-07-16,38.01,25.79,60.86
1989-07-17,33.27,25.87,66.84
1989-07-18,41.64,27.33,43.78
1989-07-19,44.03,31.84,33.33
1989-07-20,43.56,30.57,40.09
1989-07-21,38.59,29.88,54.33
1989-07-22,36.49,28.33,55.88
1989-07-23,36.74,29.05,53.86
1989-07-24,41.37,29.07,48.81
1989-07-25,39.61,29.21,50.0
1989-07-26,40.67,30.05,47.9
1989-07-27,40.0,30.85,44.95
1989-07-28,35.72,28.58,49.0
1989-07-29,36.92,27.55,51.14
1989-07-30,34.41,25.08,62.96
1989-07-31,37.66,26.37,57.14
1989-08-01,38.72,29.23,46.56
1989-08-02,39.5,29.23,41.75
1989-08-03,40.35,27.72,40.36
1989-08-04,41.2,27.7,39.35
1989-08-05,41.9,29.11,35.8
1989-08-06,42.79,28.79,38.17
1989-08-07,42.33,29.15,42.32
1989-08-08,42.33,30.66,35.48
1989-08-09,42.82,30.97,36.79
1989-08-10,41.92,29.97,38.37
1989-08-11,39.29,29.84,50.92
1989-08-12,37.62,28.69,51.16
1989-08-13,37.57,28.76,49.86
1989-08-14,36.28,28.51,55.32
1989-08-15,36.73,26.93,63.78
1989-08-16,37.52,27.84,61.26
1989-08-17,38.36,27.22,55.53
1989-08-18,36.68,29.32,54.12
1989-08-19,34.93,28.88,63.0
1989-08-20,38.98,28.27,55.09
1989-08-21,39.28,28.83,52.65
1989-08-22,37.43,29.07,57.71
1989-08-23,36.14,27.52,60.85
1989-08-24,34.87,27.62,65.15
1989-08-25,32.66,27.45,70.4
1989-08-26,32.52,25.62,74.02
1989-08-27,30.93,25.95,84.62
1989-08-28,33.04,25.05,79.28
1989-08-29,34.98,24.24,69.87
1989-08-30,36.54,24.06,59.82
1989-08-31,37.25,24.09,56.03
1989-09-01,30.22,24.67,79.29
1989-09-02,28.74,23.05,91.48
1989-09-03,32.46,24.77,82.49
1989-09-04,34.97,23.38,69.33
1989-09-05,34.75,22.21,68.38
1989-09-06,34.33,22.61,70.21
1989-09-07,35.66,22.87,63.83
1989-09-08,35.6,22.84,63.17
1989-09-09,36.38,22.63,57.31
1989-09-10,36.9,22.02,54.1
1989-09-11,36.58,22.46,54.77
1989-09-12,36.37,23.1,54.54
1989-09-13,36.67,23.31,55.42
1989-09-14,36.73,23.34,55.21
1989-09-15,33.92,23.65,69.72
1989-09-16,31.47,24.09,78.37
1989-09-17,34.78,25.21,70.93
1989-09-18,36.53,25.03,66.06
1989-09-19,38.47,24.72,58.8
1989-09-20,37.56,25.38,57.14
1989-09-21,37.86,25.21,57.55
1989-09-22,38.55,26.75,44.68
1989-09-23,38.06,26.58,46.43
1989-09-24,32.57,26.28,56.57
1989-09-25,34.75,23.59,55.93
1989-09-26,36.39,24.78,42.59
1989-09-27,36.46,22.4,34.21
1989-09-28,36.79,23.23,36.59
1989-09-29,37.49,25.24,36.13
1989-09-30,37.37,22.87,35.82
1989-10-01,37.16,22.53,31.13
1989-10-02,38.49,20.5,31.27
1989-10-03,38.04,18.75,32.27
1989-10-04,39.15,19.39,32.42
1989-10-05,39.16,20.88,33.72
1989-10-06,38.2,23.02,33.17
1989-10-07,37.45,22.88,30.03
1989-10-08,37.53,21.52,25.88
1989-10-09,37.87,23.05,24.37
1989-10-10,37.42,20.86,28.34
1989-10-11,37.21,22.47,31.28
1989-10-12,37.18,19.92,37.31
1989-10-13,36.92,20.48,37.13
1989-10-14,36.39,21.08,33.28
1989-10-15,35.29,18.36,29.54
1989-10-16,34.32,15.33,31.5
1989-10-17,34.69,14.24,24.98
1989-10-18,34.43,13.88,25.69
1989-10-19,34.83,14.53,20.76
1989-10-20,34.64,18.22,21.09
1989-10-21,34.1,18.28,22.05
1989-10-22,34.51,18.23,21.59
1989-10-23,34.49,17.34,22.33
1989-10-24,34.21,16.72,26.0
1989-10-25,33.66,18.62,21.72
1989-10-26,33.75,17.53,21.64
1989-10-27,34.31,16.65,24.32
1989-10-28,33.47,15.3,30.16
1989-10-29,32.78,15.74,29.29
1989-10-30,32.43,16.95,25.09
1989-10-31,32.71,17.32,22.55
1989-11-01,32.66,15.25,19.43
1989-11-02,33.2,16.19,20.4
1989-11-03,34.22,16.79,21.91
1989-11-04,33.28,16.61,25.84
1989-11-05,31.5,17.59,27.51
1989-11-06,29.2,12.75,29.82
1989-11-07,29.4,11.93,23.6
1989-11-08,29.22,10.14,18.1
1989-11-09,29.31,11.82,16.03
1989-11-10,31.73,12.69,16.9
1989-11-11,32.95,12.74,19.9
1989-11-12,32.59,13.07,23.11
1989-11-13,32.99,14.52,20.05
1989-11-14,33.24,15.03,20.28
1989-11-15,31.89,14.21,20.13
1989-11-16,30.96,12.37,19.09
1989-11-17,31.08,13.16,16.66
1989-11-18,31.77,14.3,16.92
1989-11-19,31.98,12.94,18.84
1989-11-20,32.59,16.4,19.83
1989-11-21,31.62,15.21,20.79
1989-11-22,31.46,16.04,18.39
1989-11-23,30.47,14.01,21.99
1989-11-24,25.27,15.26,42.59
1989-11-25,28.86,12.43,52.49
1989-11-26,27.24,13.5,44.33
1989-11-27,25.91,11.18,42.64
1989-11-28,26.16,10.51,36.8
1989-11-29,26.54,10.29,34.7
1989-11-30,26.34,9.98,26.75
1989-12-01,26.41,10.34,23.37
1989-12-02,27.13,10.8,22.67
1989-12-03,25.52,8.82,23.35
1989-12-04,25.48,6.59,23.03
1989-12-05,25.04,7.01,20.63
1989-12-06,25.22,10.73,19.26
1989-12-07,26.18,7.37,22.37
1989-12-08,26.53,11.67,23.7
1989-12-09,27.7,9.71,23.06
1989-12-10,27.89,11.24,36.27
1989-12-11,27.84,11.25,37.3
1989-12-12,26.75,11.11,39.35
1989-12-13,25.09,9.86,35.78
1989-12-14,25.19,10.1,28.86
1989-12-15,25.18,9.19,28.27
1989-12-16,25.49,8.64,24.96
1989-12-17,25.93,9.91,20.18
1989-12-18,26.42,13.03,17.73
1989-12-19,25.93,13.55,17.69
1989-12-20,25.29,10.45,24.69
1989-12-21,25.57,9.39,29.03
1989-12-22,25.06,9.98,40.44
1989-12-23,20.69,12.5,60.19
1989-12-24,20.0,10.99,72.15
1989-12-25,21.35,9.02,68.03
1989-12-26,21.15,7.15,63.11
1989-12-27,21.31,6.08,53.92
1989-12-28,21.83,5.05,42.65
1989-12-29,21.51,5.08,35.16
1989-12-30,22.89,7.2,32.24
1989-12-31,22.78,6.83,33.76
1990-01-01,22.48,4.85,37.49
1990-01-02,21.76,5.02,37.71
1990-01-03,23.11,5.29,29.81
1990-01-04,24.47,8.81,28.38
1990-01-05,24.25,7.4,35.74
1990-01-06,24.67,8.29,41.45
1990-01-07,24.65,8.12,49.09
1990-01-08,22.46,7.07,46.67
1990-01-09,23.06,5.64,43.92
1990-01-10,25.61,7.17,38.83
1990-01-11,26.62,9.26,38.06
1990-01-12,28.49,10.7,40.24
1990-01-13,27.98,10.42,39.3
1990-01-14,27.77,11.83,38.35
1990-01-15,25.92,7.8,33.68
1990-01-16,26.73,7.69,23.38
1990-01-17,29.12,10.39,25.6
1990-01-18,30.01,12.2,35.0
1990-01-19,28.85,12.6,43.47
1990-01-20,29.87,13.57,34.43
1990-01-21,29.25,13.71,40.13
1990-01-22,29.46,12.62,40.93
1990-01-23,28.53,10.69,36.59
1990-01-24,27.78,10.14,36.1
1990-01-25,29.81,9.72,28.74
1990-01-26,30.77,11.81,24.04
1990-01-27,31.89,12.25,20.19
1990-01-28,28.12,10.15,10.75
1990-01-29,25.74,9.52,16.45
1990-01-30,25.97,9.58,21.39
1990-01-31,27.56,10.59,23.03
1990-02-01,27.6,10.47,29.43
1990-02-02,24.5,8.18,27.08
1990-02-03,25.89,6.1,21.52
1990-02-04,27.45,8.72,20.86
1990-02-05,29.22,10.65,25.04
1990-02-06,29.14,12.87,26.17
1990-02-07,25.11,14.74,29.21
1990-02-08,29.21,14.8,32.79
1990-02-09,30.23,13.25,33.58
1990-02-10,28.58,15.49,38.36
1990-02-11,27.97,11.97,58.74
1990-02-12,28.61,14.42,42.85
1990-02-13,20.74,14.12,76.56
1990-02-14,23.15,12.33,70.16
1990-02-15,24.41,8.17,44.01
1990-02-16,25.51,7.08,41.75
1990-02-17,26.07,8.3,35.47
1990-02-18,18.7,9.45,68.21
1990-02-19,22.49,7.65,72.25
1990-02-20,23.01,11.45,57.89
1990-02-21,26.2,9.48,48.23
1990-02-22,26.43,9.0,44.56
1990-02-23,23.24,13.42,49.83
1990-02-24,23.23,12.7,62.82
1990-02-25,25.73,11.84,58.33
1990-02-26,24.21,11.36,63.35
1990-02-27,20.35,13.37,75.33
1990-02-28,21.27,12.17,83.46
1990-03-01,23.01,10.58,68.98
1990-03-02,22.84,6.65,55.77
1990-03-03,25.09,7.35,43.93
1990-03-04,26.29,9.52,37.6
1990-03-05,26.39,10.04,38.15
1990-03-06,26.45,8.42,42.58
1990-03-07,28.38,8.91,44.39
1990-03-08,29.55,9.74,38.56
1990-03-09,31.06,13.3,31.66
1990-03-10,31.95,11.48,38.58
1990-03-11,30.51,13.58,44.68
1990-03-12,28.94,11.09,50.04
1990-03-13,30.22,11.79,41.23
1990-03-14,31.3,13.93,31.96
1990-03-15,33.03,13.01,35.36
1990-03-16,33.58,13.6,38.55
1990-03-17,34.67,14.96,38.99
1990-03-18,35.28,14.84,38.41
1990-03-19,35.31,16.28,37.5
1990-03-20,35.83,15.63,35.47
1990-03-21,33.38,19.9,39.36
1990-03-22,32.02,17.01,43.19
1990-03-23,29.66,14.35,42.85
1990-03-24,28.68,10.81,29.18
1990-03-25,30.23,10.97,26.21
1990-03-26,31.47,13.98,26.91
1990-03-27,26.1,14.97,46.52
1990-03-28,30.22,12.84,41.55
1990-03-29,32.09,13.58,40.15
1990-03-30,32.38,15.74,42.1
1990-03-31,30.52,15.83,38.95
1990-04-01,31.6,13.84,35.51
1990-04-02,29.34,15.17,33.16
1990-04-03,33.11,13.17,29.5
1990-04-04,34.64,16.7,22.57
1990-04-05,35.38,16.42,24.91
1990-04-06,32.93,17.39,27.64
1990-04-07,36.33,16.63,31.74
1990-04-08,36.61,18.56,31.34
1990-04-09,35.78,17.88,32.33
1990-04-10,36.71,17.43,26.93
1990-04-11,39.52,18.93,26.41
1990-04-12,37.32,24.11,27.84
1990-04-13,37.84,21.19,28.48
1990-04-14,35.41,17.32,28.97
1990-04-15,37.65,18.39,28.23
1990-04-16,40.4,19.98,24.39
1990-04-17,40.68,22.23,22.13
1990-04-18,42.0,21.47,20.81
1990-04-19,41.14,22.29,19.61
1990-04-20,41.85,21.15,15.38
1990-04-21,42.1,21.91,12.79
1990-04-22,42.11,23.11,14.75
1990-04-23,42.65,21.81,11.91
1990-04-24,42.36,22.2,17.23
1990-04-25,43.31,23.36,19.19
1990-04-26,43.8,25.59,17.73
1990-04-27,42.52,26.66,16.54
1990-04-28,43.53,25.5,12.44
1990-04-29,41.81,22.82,10.25
1990-04-30,42.45,26.14,9.78
1990-05-01,38.36,22.59,14.08
1990-05-02,37.7,25.63,27.22
1990-05-03,41.15,23.38,28.15
1990-05-04,40.76,24.85,22.35
1990-05-05,40.76,26.84,25.34
1990-05-06,37.77,22.08,44.87
1990-05-07,37.75,23.48,37.97
1990-05-08,40.03,26.55,33.2
1990-05-09,41.0,25.91,33.12
1990-05-10,42.54,26.72,32.42
1990-05-11,42.44,27.66,31.35
1990-05-12,40.23,27.78,38.48
1990-05-13,39.36,27.84,38.68
1990-05-14,42.35,28.58,35.64
1990-05-15,43.25,28.11,32.37
1990-05-16,44.8,28.4,30.59
1990-05-17,45.08,28.49,25.82
1990-05-18,44.44,29.68,26.93
1990-05-19,44.55,29.64,24.4
1990-05-20,42.92,27.97,25.96
1990-05-21,42.66,26.55,24.73
1990-05-22,42.98,26.78,19.7
1990-05-23,44.59,27.86,16.76
1990-05-24,45.76,26.35,15.12
1990-05-25,45.82,28.05,17.81
1990-05-26,46.37,30.09,18.47
1990-05-27,45.59,29.18,18.87
1990-05-28,46.46,29.71,19.24
1990-05-29,45.97,33.22,21.38
1990-05-30,44.01,32.08,24.01
1990-05-31,42.83,30.27,23.42
1990-06-01,43.64,28.46,18.26
1990-06-02,44.23,28.34,21.0
1990-06-03,45.35,30.74,18.91
1990-06-04,45.08,29.97,14.1
1990-06-05,45.34,28.15,11.2
1990-06-06,45.28,28.88,16.55
1990-06-07,45.52,31.28,22.24
1990-06-08,42.91,31.26,30.32
1990-06-09,44.61,30.35,26.89
1990-06-10,44.21,31.02,25.19
1990-06-11,44.13,31.1,24.93
1990-06-12,42.46,31.25,28.45
1990-06-13,43.8,29.23,25.19
1990-06-14,43.71,29.49,22.5
1990-06-15,45.0,30.53,17.49
1990-06-16,44.88,29.67,23.68
1990-06-17,45.23,31.71,26.12
1990-06-18,46.81,31.45,20.51
1990-06-19,47.04,31.61,18.59
1990-06-20,42.22,32.58,30.12
1990-06-21,43.72,30.31,33.87
1990-06-22,44.32,31.67,30.21
1990-06-23,45.0,31.49,35.85
1990-06-24,42.46,29.11,42.66
1990-06-25,43.96,31.66,36.7
1990-06-26,44.96,32.17,32.34
1990-06-27,43.04,30.12,39.51
1990-06-28,39.38,27.66,58.05
1990-06-29,39.59,29.95,51.42
1990-06-30,40.67,30.53,48.7
1990-07-01,31.94,28.15,78.99
1990-07-02,32.74,27.34,77.53
1990-07-03,35.92,26.83,70.11
1990-07-04,35.7,27.76,65.87
1990-07-05,34.49,26.4,71.45
1990-07-06,37.83,26.53,63.47
1990-07-07,34.62,27.36,70.12
1990-07-08,36.34,27.91,65.89
1990-07-09,35.81,27.65,65.44
1990-07-10,35.93,26.57,66.97
1990-07-11,36.77,27.19,60.12
1990-07-12,39.53,28.75,53.03
1990-07-13,41.22,27.56,45.56
1990-07-14,40.52,28.92,46.22
1990-07-15,35.42,28.68,59.26
1990-07-16,38.6,28.08,56.3
1990-07-17,38.07,28.61,57.6
1990-07-18,41.33,29.06,50.21
1990-07-19,35.2,29.32,58.47
1990-07-20,37.93,27.77,59.98
1990-07-21,37.24,28.37,55.73
1990-07-22,40.22,27.29,52.87
1990-07-23,35.93,27.53,64.5
1990-07-24,36.24,27.55,64.45
1990-07-25,35.16,28.0,64.67
1990-07-26,39.12,28.39,55.36
1990-07-27,38.5,29.26,56.67
1990-07-28,34.56,27.81,70.04
1990-07-29,36.85,25.95,65.69
1990-07-30,37.19,27.55,59.5
1990-07-31,38.18,27.81,57.38
1990-08-01,37.86,27.92,62.92
1990-08-02,32.81,26.96,79.48
1990-08-03,31.83,25.42,79.98
1990-08-04,32.35,24.81,81.66
1990-08-05,32.19,25.53,82.74
1990-08-06,32.28,25.6,81.29
1990-08-07,33.69,25.29,76.33
1990-08-08,32.63,25.65,78.68
1990-08-09,33.21,25.79,80.08
1990-08-10,29.44,25.86,88.54
1990-08-11,32.43,25.67,79.91
1990-08-12,36.45,26.75,73.17
1990-08-13,33.59,25.4,81.18
1990-08-14,31.98,24.96,82.02
1990-08-15,33.76,24.65,75.56
1990-08-16,34.03,25.32,75.94
1990-08-17,33.75,26.56,80.75
1990-08-18,33.7,25.93,79.62
1990-08-19,32.3,25.59,80.63
1990-08-20,33.02,26.33,79.03
1990-08-21,33.79,25.49,71.69
1990-08-22,32.53,26.71,78.55
1990-08-23,30.1,26.06,87.71
1990-08-24,32.56,25.34,84.62
1990-08-25,32.73,26.24,82.85
1990-08-26,33.62,25.56,79.68
1990-08-27,35.05,25.39,74.86
1990-08-28,32.32,25.06,83.29
1990-08-29,30.96,24.43,86.83
1990-08-30,32.41,25.56,80.58
1990-08-31,32.68,25.61,79.52
1990-09-01,33.97,25.93,75.8
1990-09-02,33.61,25.96,77.88
1990-09-03,34.37,25.15,76.94
1990-09-04,32.37,24.46,82.53
1990-09-05,31.04,24.49,86.71
1990-09-06,30.19,24.62,88.24
1990-09-07,30.15,25.07,90.31
1990-09-08,30.79,25.52,90.76
1990-09-09,31.47,24.73,86.81
1990-09-10,31.51,24.67,86.13
1990-09-11,32.01,23.88,80.17
1990-09-12,31.97,23.08,75.97
1990-09-13,32.89,22.84,75.04
1990-09-14,31.63,24.15,80.6
1990-09-15,32.3,24.98,80.62
1990-09-16,31.36,24.76,83.54
1990-09-17,32.83,23.88,80.46
1990-09-18,32.95,23.09,72.76
1990-09-19,30.28,23.57,82.2
1990-09-20,30.42,23.05,84.89
1990-09-21,30.88,23.45,84.52
1990-09-22,30.95,23.22,82.64
1990-09-23,31.58,23.32,80.07
1990-09-24,31.97,23.43,79.88
1990-09-25,32.1,23.58,83.02
1990-09-26,31.35,23.22,79.87
1990-09-27,31.36,21.99,74.94
1990-09-28,32.21,22.18,74.49
1990-09-29,31.49,22.18,74.15
1990-09-30,31.68,23.91,70.59
1990-10-01,30.68,22.06,71.72
1990-10-02,31.18,21.03,65.62
1990-10-03,31.5,20.4,61.22
1990-10-04,31.71,21.22,64.4
1990-10-05,32.39,21.84,65.2
1990-10-06,31.42,20.61,73.03
1990-10-07,31.9,21.5,64.33
1990-10-08,32.48,21.56,57.47
1990-10-09,32.19,21.79,54.11
1990-10-10,33.16,17.61,61.68
1990-10-11,32.81,19.99,57.87
1990-10-12,32.61,18.81,61.94
1990-10-13,30.94,18.1,68.88
1990-10-14,31.13,17.72,59.97
1990-10-15,31.66,16.33,55.44
1990-10-16,31.82,17.91,53.0
1990-10-17,32.46,14.68,60.08
1990-10-18,30.69,17.22,73.35
1990-10-19,32.25,17.29,68.9
1990-10-20,31.49,17.64,53.51
1990-10-21,30.8,15.82,48.83
1990-10-22,29.44,12.63,39.34
1990-10-23,29.66,12.46,40.96
1990-10-24,30.07,15.12,38.15
1990-10-25,29.12,13.56,49.06
1990-10-26,29.29,14.47,45.52
1990-10-27,29.08,15.57,44.06
1990-10-28,30.89,15.99,35.17
1990-10-29,31.18,13.33,42.4
1990-10-30,31.13,14.55,44.56
1990-10-31,31.44,14.71,47.06
1990-11-01,31.53,14.18,49.04
1990-11-02,31.11,16.83,45.64
1990-11-03,31.04,14.27,50.84
1990-11-04,30.99,15.3,43.93
1990-11-05,30.61,15.07,44.12
1990-11-06,31.49,15.6,39.09
1990-11-07,31.11,15.9,37.4
1990-11-08,30.16,12.68,38.53
1990-11-09,30.76,15.17,36.65
1990-11-10,30.76,13.53,38.54
1990-11-11,29.93,11.45,40.27
1990-11-12,30.47,15.38,33.19
1990-11-13,30.65,14.79,33.01
1990-11-14,29.95,14.68,33.04
1990-11-15,29.85,11.76,36.13
1990-11-16,30.06,10.91,39.93
1990-11-17,29.47,12.2,33.49
1990-11-18,29.84,14.72,28.39
1990-11-19,28.93,12.22,33.88
1990-11-20,26.49,15.83,41.09
1990-11-21,24.24,15.66,72.81
1990-11-22,26.74,13.93,61.71
1990-11-23,26.87,13.15,51.77
1990-11-24,26.11,11.75,47.01
1990-11-25,26.29,10.57,45.67
1990-11-26,26.87,10.45,41.78
1990-11-27,26.56,8.28,37.15
1990-11-28,26.51,8.91,36.34
1990-11-29,26.39,9.27,36.25
1990-11-30,25.71,10.38,35.19
1990-12-01,25.15,10.16,32.99
1990-12-02,26.57,11.66,27.59
1990-12-03,25.96,10.66,30.29
1990-12-04,24.59,10.29,30.13
1990-12-05,24.67,10.16,36.12
1990-12-06,23.63,6.95,37.04
1990-12-07,25.15,7.68,37.6
1990-12-08,23.73,10.98,37.79
1990-12-09,24.35,9.04,42.26
1990-12-10,20.77,9.68,70.42
1990-12-11,25.17,9.85,61.41
1990-12-12,25.35,9.27,45.7
1990-12-13,25.18,8.7,42.03
1990-12-14,25.52,8.63,41.83
1990-12-15,26.19,11.82,41.83
1990-12-16,26.0,10.84,43.96
1990-12-17,25.11,11.34,47.55
1990-12-18,24.81,9.4,53.49
1990-12-19,22.78,7.01,35.76
1990-12-20,21.8,4.34,34.53
1990-12-21,22.4,4.6,37.06
1990-12-22,23.61,5.46,39.78
1990-12-23,23.94,7.5,35.79
1990-12-24,24.74,9.59,39.16
1990-12-25,24.1,7.59,46.08
1990-12-26,22.91,10.67,44.4
1990-12-27,26.26,11.58,42.6
1990-12-28,25.08,9.99,50.14
1990-12-29,25.87,13.57,50.31
1990-12-30,20.37,8.05,41.92
1990-12-31,19.73,4.72,47.9
1991-01-01,17.79,1.9,40.92
1991-01-02,18.27,1.75,42.01
1991-01-03,19.24,1.82,36.68
1991-01-04,20.06,3.35,34.25
1991-01-05,21.74,3.56,32.28
1991-01-06,22.68,4.18,31.75
1991-01-07,20.01,6.46,37.22
1991-01-08,22.05,6.13,44.36
1991-01-09,21.51,5.26,47.0
1991-01-10,22.28,5.0,41.42
1991-01-11,22.9,8.57,38.9
1991-01-12,22.25,6.42,44.59
1991-01-13,21.3,4.99,44.06
1991-01-14,21.32,5.56,38.17
1991-01-15,20.24,3.24,33.68
1991-01-16,19.78,5.64,30.98
1991-01-17,21.1,4.64,35.98
1991-01-18,20.07,3.71,41.5
1991-01-19,21.61,3.46,39.52
1991-01-20,22.71,3.76,34.03
1991-01-21,24.71,5.41,34.23
1991-01-22,24.54,6.17,34.84
1991-01-23,24.45,5.76,33.95
1991-01-24,26.43,8.57,36.89
1991-01-25,28.17,9.77,38.33
1991-01-26,29.67,13.51,40.43
1991-01-27,31.54,12.2,40.58
1991-01-28,30.41,12.33,34.25
1991-01-29,29.64,12.04,36.71
1991-01-30,27.92,10.18,31.94
1991-01-31,28.33,9.92,32.31
1991-02-01,27.08,9.38,27.47
1991-02-02,26.15,6.67,26.49
1991-02-03,26.56,9.28,25.86
1991-02-04,26.4,8.28,29.39
1991-02-05,26.56,9.45,26.08
1991-02-06,28.55,11.4,25.17
1991-02-07,24.27,11.03,32.59
1991-02-08,28.07,10.49,30.24
1991-02-09,31.23,13.23,31.0
1991-02-10,28.43,17.47,31.67
1991-02-11,30.16,14.7,40.62
1991-02-12,26.88,10.63,33.54
1991-02-13,23.58,8.3,43.94
1991-02-14,24.93,7.3,32.4
1991-02-15,24.94,8.6,31.93
1991-02-16,24.91,6.54,29.66
1991-02-17,25.04,7.57,25.69
1991-02-18,23.36,5.62,21.74
1991-02-19,25.6,5.32,25.49
1991-02-20,28.93,9.13,25.17
1991-02-21,30.66,9.77,27.13
1991-02-22,30.79,12.23,28.71
1991-02-23,29.78,15.69,40.29
1991-02-24,30.12,14.09,48.41
1991-02-25,30.07,15.75,53.23
1991-02-26,25.55,15.16,64.27
1991-02-27,26.37,13.3,60.88
1991-02-28,27.79,12.04,45.9
1991-03-01,28.73,10.37,28.12
1991-03-02,27.5,13.4,29.13
1991-03-03,30.53,12.22,38.2
1991-03-04,30.99,16.78,37.68
1991-03-05,29.81,14.06,42.82
1991-03-06,28.27,11.65,30.82
1991-03-07,29.26,8.81,23.73
1991-03-08,26.78,12.93,24.7
1991-03-09,33.21,11.69,27.77
1991-03-10,34.58,14.56,29.43
1991-03-11,33.6,14.36,27.35
1991-03-12,34.6,14.8,26.49
1991-03-13,35.12,15.18,25.3
1991-03-14,33.83,14.78,26.8
1991-03-15,33.47,14.85,19.1
1991-03-16,34.74,13.63,17.36
1991-03-17,35.94,13.6,14.49
1991-03-18,36.53,17.0,15.02
1991-03-19,35.43,18.59,24.21
1991-03-20,33.32,15.11,20.54
1991-03-21,30.75,17.03,18.46
1991-03-22,34.67,14.14,19.47
1991-03-23,32.65,16.61,22.91
1991-03-24,31.18,13.28,32.71
1991-03-25,32.31,14.94,24.88
1991-03-26,34.68,15.15,20.96
1991-03-27,37.17,18.53,18.63
1991-03-28,39.06,17.53,16.4
1991-03-29,40.55,20.28,20.54
1991-03-30,40.65,22.09,20.37
1991-03-31,40.56,21.49,20.38
1991-04-01,40.19,23.64,16.32
1991-04-02,40.11,23.57,19.92
1991-04-03,38.0,20.6,14.52
1991-04-04,36.77,20.56,18.46
1991-04-05,36.21,21.05,18.3
1991-04-06,38.11,21.09,17.05
1991-04-07,36.01,21.83,17.38
1991-04-08,36.67,19.8,21.07
1991-04-09,34.31,21.64,23.49
1991-04-10,35.65,17.64,22.32
1991-04-11,35.82,17.87,18.27
1991-04-12,38.05,19.03,16.97
1991-04-13,39.4,19.91,16.05
1991-04-14,39.29,22.05,18.57
1991-04-15,36.49,20.92,25.21
1991-04-16,34.28,16.96,19.12
1991-04-17,34.35,17.06,18.09
1991-04-18,35.69,14.47,14.79
1991-04-19,37.79,15.83,15.06
1991-04-20,39.54,17.43,13.22
1991-04-21,42.0,21.51,11.23
1991-04-22,42.2,23.36,12.6
1991-04-23,39.33,23.8,17.92
1991-04-24,38.66,21.26,18.94
1991-04-25,40.95,21.22,15.95
1991-04-26,42.02,22.19,13.49
1991-04-27,44.19,23.4,11.86
1991-04-28,43.29,24.68,15.19
1991-04-29,42.98,25.21,15.87
1991-04-30,44.25,25.05,16.39
1991-05-01,44.9,25.77,14.34
1991-05-02,43.9,26.19,14.77
1991-05-03,42.76,24.79,14.65
1991-05-04,42.75,24.56,12.25
1991-05-05,44.35,24.5,10.19
1991-05-06,43.5,26.69,14.42
1991-05-07,42.84,27.27,20.61
1991-05-08,42.91,27.05,15.7
1991-05-09,43.41,25.3,12.96
1991-05-10,41.92,25.33,12.65
1991-05-11,40.28,23.96,9.28
1991-05-12,42.06,23.14,10.26
1991-05-13,45.19,24.05,10.67
1991-05-14,45.56,26.37,11.31
1991-05-15,45.34,27.23,11.1
1991-05-16,44.4,26.46,12.44
1991-05-17,45.25,27.06,13.94
1991-05-18,44.87,28.86,15.18
1991-05-19,45.48,28.67,17.76
1991-05-20,44.43,31.84,19.72
1991-05-21,43.75,30.25,21.95
1991-05-22,43.4,29.33,19.05
1991-05-23,45.14,28.98,18.61
1991-05-24,46.08,27.89,15.52
1991-05-25,46.4,29.52,16.52
1991-05-26,46.16,31.87,13.27
1991-05-27,42.09,28.23,26.72
1991-05-28,44.05,28.19,23.53
1991-05-29,44.89,26.32,20.21
1991-05-30,44.24,26.77,18.58
1991-05-31,44.66,26.56,15.31
1991-06-01,44.82,26.21,13.44
1991-06-02,44.81,25.63,12.23
1991-06-03,44.56,26.92,16.19
1991-06-04,44.88,29.04,20.3
1991-06-05,44.84,30.85,25.92
1991-06-06,44.11,31.44,27.71
1991-06-07,44.05,31.54,29.63
1991-06-08,40.35,30.88,39.6
1991-06-09,42.23,29.22,40.39
1991-06-10,41.78,30.12,40.43
1991-06-11,40.45,29.48,44.47
1991-06-12,42.07,28.71,36.8
1991-06-13,41.73,26.12,45.23
1991-06-14,43.07,27.8,30.45
1991-06-15,44.05,27.99,27.85
1991-06-16,43.62,28.82,27.11
1991-06-17,43.62,27.74,32.35
1991-06-18,42.58,32.1,33.93
1991-06-19,37.14,28.41,49.78
1991-06-20,41.1,26.63,45.06
1991-06-21,41.78,27.91,37.56
1991-06-22,40.8,27.65,37.48
1991-06-23,42.43,26.69,31.2
1991-06-24,43.91,27.06,30.06
1991-06-25,43.77,27.47,28.79
1991-06-26,43.62,27.25,28.38
1991-06-27,44.08,27.22,25.17
1991-06-28,44.51,26.56,26.43
1991-06-29,44.15,29.03,24.98
1991-06-30,45.13,28.59,23.55
1991-07-01,44.23,29.9,24.15
1991-07-02,44.11,30.55,26.32
1991-07-03,43.38,31.57,26.67
1991-07-04,43.42,31.06,27.54
1991-07-05,44.57,31.6,26.82
1991-07-06,44.51,32.53,27.6
1991-07-07,44.7,32.22,26.89
1991-07-08,45.64,32.68,23.75
1991-07-09,43.77,32.29,26.24
1991-07-10,43.11,30.36,38.62
1991-07-11,42.43,30.69,37.61
1991-07-12,41.21,28.58,40.86
1991-07-13,41.3,30.33,43.83
1991-07-14,43.51,30.93,38.41
1991-07-15,44.42,31.23,30.96
1991-07-16,44.59,31.37,29.53
1991-07-17,43.27,31.46,38.48
1991-07-18,43.04,33.5,35.94
1991-07-19,38.6,31.62,43.92
1991-07-20,39.42,32.16,41.51
1991-07-21,37.81,30.53,50.61
1991-07-22,36.75,29.25,59.96
1991-07-23,35.96,28.98,60.16
1991-07-24,38.3,27.54,60.13
1991-07-25,39.05,29.65,55.58
1991-07-26,37.21,28.42,62.89
1991-07-27,38.85,29.36,54.28
1991-07-28,42.43,29.24,47.61
1991-07-29,40.84,29.36,51.39
1991-07-30,40.25,29.89,51.5
1991-07-31,39.44,29.74,51.77
1991-08-01,37.92,29.68,58.24
1991-08-02,40.22,29.16,53.07
1991-08-03,38.09,29.28,56.85
1991-08-04,36.42,27.7,65.19
1991-08-05,34.7,27.41,70.31
1991-08-06,35.63,26.6,73.31
1991-08-07,35.21,27.1,71.86
1991-08-08,35.66,27.36,70.16
1991-08-09,37.7,26.49,65.84
1991-08-10,38.48,27.06,60.81
1991-08-11,38.42,27.48,58.35
1991-08-12,38.4,26.69,58.06
1991-08-13,39.53,26.52,50.87
1991-08-14,39.83,27.68,48.52
1991-08-15,40.22,27.94,48.05
1991-08-16,39.59,26.93,51.23
1991-08-17,38.83,27.14,55.21
1991-08-18,37.22,27.02,65.05
1991-08-19,36.24,26.99,64.65
1991-08-20,34.22,27.82,68.58
1991-08-21,32.01,27.59,80.53
1991-08-22,35.4,26.79,65.08
1991-08-23,34.88,26.77,65.75
1991-08-24,32.07,25.54,76.73
1991-08-25,32.3,24.67,81.17
1991-08-26,31.21,24.77,86.57
1991-08-27,31.16,26.22,85.11
1991-08-28,26.65,24.66,91.24
1991-08-29,29.67,23.32,87.86
1991-08-30,28.94,24.88,91.41
1991-08-31,29.48,24.84,90.64
1991-09-01,28.53,24.72,91.41
1991-09-02,28.43,24.22,91.86
1991-09-03,31.61,24.3,83.93
1991-09-04,33.48,24.76,79.88
1991-09-05,32.41,24.0,81.53
1991-09-06,31.87,24.16,79.81
1991-09-07,32.33,23.46,79.32
1991-09-08,33.43,23.14,79.44
1991-09-09,33.34,23.67,77.96
1991-09-10,31.39,22.44,78.95
1991-09-11,31.78,22.81,78.78
1991-09-12,32.53,22.26,77.14
1991-09-13,32.15,22.36,76.35
1991-09-14,31.94,22.88,76.68
1991-09-15,32.25,23.03,77.07
1991-09-16,32.2,23.37,78.27
1991-09-17,32.19,23.37,75.16
1991-09-18,32.23,22.53,75.96
1991-09-19,32.4,22.85,74.87
1991-09-20,32.47,21.44,68.99
1991-09-21,33.02,20.95,65.81
1991-09-22,32.44,22.57,65.69
1991-09-23,32.57,20.48,69.79
1991-09-24,32.66,20.64,69.45
1991-09-25,32.32,21.13,72.94
1991-09-26,33.17,19.91,67.29
1991-09-27,32.43,18.05,64.7
1991-09-28,32.9,19.11,64.17
1991-09-29,32.62,19.84,68.29
1991-09-30,31.92,18.71,66.71
1991-10-01,31.26,15.98,57.79
1991-10-02,30.21,13.42,56.18
1991-10-03,30.98,13.57,48.92
1991-10-04,30.34,16.56,50.3
1991-10-05,31.5,19.0,52.06
1991-10-06,31.49,18.68,51.38
1991-10-07,31.47,19.3,48.63
1991-10-08,32.14,18.39,49.95
1991-10-09,32.63,19.16,48.07
1991-10-10,32.6,19.67,46.49
1991-10-11,33.48,18.63,48.64
1991-10-12,33.34,18.19,45.97
1991-10-13,31.58,16.83,50.82
1991-10-14,32.07,15.61,53.48
1991-10-15,32.44,15.62,52.77
1991-10-16,32.41,18.88,42.86
1991-10-17,30.98,16.31,38.35
1991-10-18,31.14,17.47,42.05
1991-10-19,31.09,15.67,38.86
1991-10-20,31.44,14.9,37.03
1991-10-21,32.41,16.88,36.03
1991-10-22,32.94,17.06,39.83
1991-10-23,32.54,17.56,37.7
1991-10-24,32.18,17.69,40.14
1991-10-25,31.11,14.79,41.41
1991-10-26,32.33,16.88,35.05
1991-10-27,32.62,14.31,46.15
1991-10-28,31.71,13.91,57.33
1991-10-29,31.53,14.44,58.62
1991-10-30,31.88,15.48,47.44
1991-10-31,30.99,16.76,43.09
1991-11-01,30.24,13.45,36.39
1991-11-02,30.81,13.15,31.2
1991-11-03,30.45,14.47,27.59
1991-11-04,30.87,15.25,27.33
1991-11-05,30.25,14.57,26.1
1991-11-06,30.98,14.81,27.74
1991-11-07,30.02,11.43,33.39
1991-11-08,29.36,13.13,35.07
1991-11-09,28.81,13.45,39.62
1991-11-10,24.56,14.23,64.91
1991-11-11,21.73,15.75,76.86
1991-11-12,24.64,12.43,69.08
1991-11-13,26.32,13.87,55.9
1991-11-14,27.16,12.94,43.25
1991-11-15,27.93,11.09,41.59
1991-11-16,27.02,10.69,37.83
1991-11-17,27.13,11.7,33.64
1991-11-18,27.49,12.92,35.73
1991-11-19,26.32,9.32,36.53
1991-11-20,26.77,8.78,35.33
1991-11-21,27.16,8.75,34.5
1991-11-22,26.78,12.12,30.27
1991-11-23,27.28,11.34,33.16
1991-11-24,26.54,11.22,35.87
1991-11-25,24.89,10.85,35.6
1991-11-26,24.0,13.47,36.28
1991-11-27,27.39,11.83,37.5
1991-11-28,27.0,10.83,41.23
1991-11-29,27.23,10.13,34.26
1991-11-30,26.08,10.49,32.98
1991-12-01,23.34,6.11,32.59
1991-12-02,23.27,6.49,33.66
1991-12-03,24.24,5.89,26.21
1991-12-04,25.33,9.54,24.76
1991-12-05,27.64,8.3,27.4
1991-12-06,27.28,9.75,36.12
1991-12-07,26.45,11.59,42.44
1991-12-08,25.96,13.35,42.15
1991-12-09,26.1,12.73,40.52
1991-12-10,26.54,13.24,36.93
1991-12-11,26.68,10.54,41.55
1991-12-12,27.39,13.11,39.67
1991-12-13,27.01,12.44,43.42
1991-12-14,26.59,11.99,44.52
1991-12-15,26.24,13.48,44.43
1991-12-16,25.96,10.3,45.22
1991-12-17,24.67,11.57,41.85
1991-12-18,26.77,14.0,36.36
1991-12-19,27.81,13.32,34.16
1991-12-20,24.84,10.24,47.07
1991-12-21,22.19,10.82,52.99
1991-12-22,24.65,14.07,60.14
1991-12-23,19.13,12.34,82.61
1991-12-24,18.84,11.88,84.03
1991-12-25,19.62,10.34,78.03
1991-12-26,20.25,7.83,63.03
1991-12-27,20.32,5.27,52.65
1991-12-28,21.69,7.42,44.46
1991-12-29,20.05,6.38,43.93
1991-12-30,18.76,4.18,48.92
1991-12-31,19.57,4.73,46.29
1992-01-01,19.13,2.63,46.94
1992-01-02,20.39,2.82,42.88
1992-01-03,21.75,3.59,42.79
1992-01-04,22.82,5.73,45.55
1992-01-05,23.66,6.73,41.43
1992-01-06,23.88,7.38,39.1
1992-01-07,21.36,11.01,47.16
1992-01-08,24.85,9.15,46.57
1992-01-09,23.01,5.71,33.21
1992-01-10,23.84,6.02,44.32
1992-01-11,21.72,4.17,43.42
1992-01-12,18.94,4.52,56.17
1992-01-13,18.12,5.69,36.72
1992-01-14,21.61,4.79,32.87
1992-01-15,22.8,5.92,35.27
1992-01-16,22.79,4.18,38.51
1992-01-17,23.58,5.5,42.01
1992-01-18,21.36,7.55,42.66
1992-01-19,22.79,5.26,40.94
1992-01-20,23.83,6.31,39.28
1992-01-21,25.13,11.09,43.86
1992-01-22,25.49,9.36,43.65
1992-01-23,25.47,9.09,43.52
1992-01-24,26.32,10.66,45.28
1992-01-25,28.15,10.99,48.69
1992-01-26,29.0,12.03,49.5
1992-01-27,26.33,12.52,56.03
1992-01-28,24.91,13.81,59.57
1992-01-29,26.9,13.14,55.69
1992-01-30,25.86,14.59,58.6
1992-01-31,23.51,11.98,64.04
1992-02-01,22.36,9.68,63.77
1992-02-02,24.45,6.86,47.36
1992-02-03,25.53,11.11,37.5
1992-02-04,25.53,8.49,36.97
1992-02-05,25.69,8.93,40.23
1992-02-06,22.58,11.87,58.7
1992-02-07,22.08,10.22,73.52
1992-02-08,22.23,8.6,65.09
1992-02-09,22.89,6.77,52.35
1992-02-10,22.69,5.47,42.38
1992-02-11,23.49,5.59,40.78
1992-02-12,26.23,6.02,39.02
1992-02-13,26.65,10.65,43.1
1992-02-14,24.03,9.73,51.48
1992-02-15,24.85,6.87,42.0
1992-02-16,24.99,5.22,30.02
1992-02-17,25.65,8.05,31.26
1992-02-18,24.61,6.73,35.52
1992-02-19,25.53,7.15,36.55
1992-02-20,26.25,9.54,32.18
1992-02-21,26.09,8.88,37.26
1992-02-22,24.05,7.77,41.69
1992-02-23,25.31,7.79,42.17
1992-02-24,25.72,8.05,40.69
1992-02-25,27.12,9.67,36.13
1992-02-26,27.79,10.82,36.25
1992-02-27,30.61,12.62,31.24
1992-02-28,31.22,11.36,40.5
1992-02-29,32.0,14.88,37.32
1992-03-01,30.53,10.35,26.15
1992-03-02,29.66,9.4,25.58
1992-03-03,29.74,9.57,24.28
1992-03-04,30.62,11.15,29.47
1992-03-05,30.48,14.46,33.7
1992-03-06,30.24,15.11,39.7
1992-03-07,29.87,11.59,31.68
1992-03-08,30.28,11.69,29.48
1992-03-09,31.25,11.24,29.11
1992-03-10,32.5,12.32,28.19
1992-03-11,34.41,15.32,29.46
1992-03-12,29.03,17.74,36.19
1992-03-13,29.14,16.08,44.36
1992-03-14,29.71,13.92,29.46
1992-03-15,29.51,12.03,27.34
1992-03-16,32.4,12.19,19.17
1992-03-17,33.53,14.34,21.59
1992-03-18,34.98,16.76,26.79
1992-03-19,35.07,17.31,23.04
1992-03-20,35.71,18.78,24.21
1992-03-21,33.15,18.34,31.05
1992-03-22,33.1,19.52,31.05
1992-03-23,35.16,20.19,28.71
1992-03-24,33.83,19.93,24.68
1992-03-25,27.99,18.5,43.51
1992-03-26,34.46,18.65,37.39
1992-03-27,32.12,19.86,29.32
1992-03-28,36.46,17.51,22.73
1992-03-29,33.41,19.56,23.04
1992-03-30,33.9,18.77,23.89
1992-03-31,34.56,16.43,21.61
1992-04-01,33.39,16.53,22.31
1992-04-02,34.57,17.08,19.54
1992-04-03,37.13,17.25,20.58
1992-04-04,38.34,19.28,19.72
1992-04-05,37.46,18.85,21.0
1992-04-06,36.62,20.79,25.65
1992-04-07,34.27,18.94,26.99
1992-04-08,36.84,18.56,23.17
1992-04-09,37.91,20.32,19.06
1992-04-10,33.98,20.57,19.78
1992-04-11,37.39,19.94,16.66
1992-04-12,37.93,20.72,16.16
1992-04-13,38.01,19.27,16.64
1992-04-14,37.91,19.42,17.09
1992-04-15,37.37,19.6,19.38
1992-04-16,37.7,19.78,18.69
1992-04-17,37.89,20.77,19.97
1992-04-18,41.0,22.85,18.65
1992-04-19,42.02,23.61,15.83
1992-04-20,41.9,23.41,17.74
1992-04-21,38.75,22.7,17.6
1992-04-22,37.37,23.55,14.89
1992-04-23,36.43,20.34,20.83
1992-04-24,37.84,19.92,18.08
1992-04-25,39.8,21.14,14.91
1992-04-26,40.23,22.26,16.14
1992-04-27,42.01,23.22,17.57
1992-04-28,42.92,24.95,18.11
1992-04-29,41.36,26.75,19.33
1992-04-30,42.14,24.85,18.02
1992-05-01,40.44,24.68,18.89
1992-05-02,41.69,23.87,18.71
1992-05-03,38.61,25.0,21.61
1992-05-04,38.3,22.4,33.43
1992-05-05,39.27,24.07,24.01
1992-05-06,38.92,22.72,23.49
1992-05-07,40.77,23.62,22.85
1992-05-08,41.42,23.25,17.35
1992-05-09,42.74,24.32,17.21
1992-05-10,43.72,25.93,16.75
1992-05-11,43.99,26.23,15.34
1992-05-12,45.52,27.28,14.74
1992-05-13,46.35,28.89,13.1
1992-05-14,45.59,28.31,16.01
1992-05-15,45.51,28.63,16.14
1992-05-16,44.32,25.95,13.91
1992-05-17,42.8,27.59,12.82
1992-05-18,41.58,24.99,11.3
1992-05-19,42.57,25.9,12.74
1992-05-20,41.17,23.31,16.63
1992-05-21,43.12,27.18,13.08
1992-05-22,43.93,26.02,11.04
1992-05-23,44.97,26.52,11.1
1992-05-24,44.95,27.68,16.55
1992-05-25,46.07,28.48,13.97
1992-05-26,39.85,27.15,29.39
1992-05-27,40.3,27.4,32.11
1992-05-28,43.47,28.23,22.85
1992-05-29,42.79,27.66,19.25
1992-05-30,42.33,27.74,13.97
1992-05-31,39.7,24.74,18.13
1992-06-01,40.54,23.86,18.25
1992-06-02,43.18,25.03,12.9
1992-06-03,44.95,25.11,12.66
1992-06-04,45.32,28.89,15.47
1992-06-05,46.17,29.47,14.09
1992-06-06,46.48,32.17,13.38
1992-06-07,47.39,29.18,14.02
1992-06-08,45.91,31.11,13.67
1992-06-09,45.44,30.48,13.67
1992-06-10,45.14,29.43,13.4
1992-06-11,44.85,28.49,18.84
1992-06-12,46.28,29.9,14.64
1992-06-13,45.34,29.93,12.81
1992-06-14,45.46,28.87,13.3
1992-06-15,46.61,31.77,11.8
1992-06-16,46.77,29.66,10.54
1992-06-17,46.34,27.46,17.58
1992-06-18,46.24,28.9,19.01
1992-06-19,43.79,32.02,28.7
1992-06-20,44.27,33.43,31.47
1992-06-21,43.01,34.28,33.89
1992-06-22,45.09,34.37,27.27
1992-06-23,47.17,30.38,17.33
1992-06-24,45.56,31.58,22.65
1992-06-25,44.13,33.16,26.62
1992-06-26,43.47,32.94,28.83
1992-06-27,42.2,31.05,32.06
1992-06-28,43.89,30.93,31.38
1992-06-29,44.4,30.65,29.96
1992-06-30,44.01,30.42,29.58
1992-07-01,41.45,29.91,32.34
1992-07-02,41.57,28.44,36.13
1992-07-03,41.69,30.4,35.87
1992-07-04,42.06,29.33,34.53
1992-07-05,42.96,28.71,31.15
1992-07-06,43.68,29.55,30.49
1992-07-07,43.16,30.1,31.34
1992-07-08,42.84,29.64,32.59
1992-07-09,42.44,30.76,31.16
1992-07-10,41.09,31.51,35.83
1992-07-11,40.94,30.48,37.36
1992-07-12,39.69,29.9,46.05
1992-07-13,40.34,29.73,45.84
1992-07-14,40.95,28.48,51.15
1992-07-15,41.77,29.3,43.43
1992-07-16,38.77,31.99,41.33
1992-07-17,37.91,29.26,50.91
1992-07-18,34.97,27.13,58.79
1992-07-19,36.16,26.57,59.76
1992-07-20,36.37,27.22,61.72
1992-07-21,36.71,27.55,61.75
1992-07-22,36.44,27.72,60.1
1992-07-23,35.51,27.87,65.33
1992-07-24,33.69,27.54,70.44
1992-07-25,32.97,26.9,72.97
1992-07-26,33.64,27.28,71.11
1992-07-27,35.68,27.37,65.8
1992-07-28,37.83,27.41,55.86
1992-07-29,36.49,27.9,57.95
1992-07-30,36.97,26.61,56.61
1992-07-31,39.02,26.47,53.26
1992-08-01,37.27,28.77,58.9
1992-08-02,30.81,27.51,67.72
1992-08-03,34.35,27.07,66.42
1992-08-04,31.88,26.8,76.77
1992-08-05,33.68,25.78,73.39
1992-08-06,35.75,26.82,66.92
1992-08-07,35.4,27.04,65.43
1992-08-08,32.71,25.88,74.27
1992-08-09,34.14,25.91,73.99
1992-08-10,32.49,25.49,79.98
1992-08-11,34.82,25.14,73.69
1992-08-12,33.92,26.57,70.74
1992-08-13,36.51,28.2,64.98
1992-08-14,37.62,27.33,61.85
1992-08-15,37.1,28.11,65.55
1992-08-16,32.93,25.87,69.97
1992-08-17,36.22,25.91,64.63
1992-08-18,32.36,26.65,77.2
1992-08-19,33.56,26.0,76.7
1992-08-20,34.24,26.38,74.55
1992-08-21,33.84,26.51,75.46
1992-08-22,34.49,26.97,73.72
1992-08-23,34.93,26.91,70.77
1992-08-24,35.23,25.66,70.58
1992-08-25,36.62,27.07,66.92
1992-08-26,36.29,26.25,66.93
1992-08-27,35.01,25.3,70.45
1992-08-28,35.37,25.73,64.63
1992-08-29,35.25,25.29,68.23
1992-08-30,34.43,26.88,68.65
1992-08-31,36.4,27.0,69.31
1992-09-01,36.19,27.53,66.1
1992-09-02,35.4,28.16,66.16
1992-09-03,35.92,27.87,67.05
1992-09-04,32.13,26.53,77.92
1992-09-05,33.08,26.06,75.98
1992-09-06,34.08,25.0,78.05
1992-09-07,30.06,25.55,86.56
1992-09-08,33.4,25.34,79.92
1992-09-09,32.72,25.1,80.03
1992-09-10,29.85,25.25,85.94
1992-09-11,31.34,23.99,81.87
1992-09-12,32.17,23.29,70.28
1992-09-13,33.09,22.33,64.01
1992-09-14,32.57,22.31,72.48
1992-09-15,33.72,21.64,68.55
1992-09-16,33.38,22.48,70.03
1992-09-17,33.42,21.0,68.75
1992-09-18,33.23,21.26,61.94
1992-09-19,34.65,23.14,56.33
1992-09-20,34.53,21.53,58.97
1992-09-21,35.29,20.15,58.57
1992-09-22,36.26,19.85,55.34
1992-09-23,36.1,19.2,48.1
1992-09-24,36.19,20.12,47.85
1992-09-25,35.39,20.46,47.58
1992-09-26,35.48,20.48,43.58
1992-09-27,36.12,22.18,41.83
1992-09-28,36.14,21.82,44.81
1992-09-29,35.45,19.96,47.0
1992-09-30,36.25,20.0,42.0
1992-10-01,36.77,18.95,44.34
1992-10-02,36.98,19.54,44.1
1992-10-03,37.34,19.95,43.89
1992-10-04,37.09,21.72,42.55
1992-10-05,34.88,22.54,46.57
1992-10-06,34.46,20.69,49.63
1992-10-07,35.06,19.92,41.58
1992-10-08,34.58,17.77,37.02
1992-10-09,36.15,18.81,35.69
1992-10-10,35.68,20.8,42.09
1992-10-11,24.62,20.19,70.16
1992-10-12,26.95,18.95,80.54
1992-10-13,31.66,21.65,65.24
1992-10-14,35.5,18.28,42.48
1992-10-15,36.09,16.31,36.73
1992-10-16,35.16,16.92,35.6
1992-10-17,35.01,18.58,30.97
1992-10-18,34.64,18.95,35.59
1992-10-19,34.78,21.14,41.43
1992-10-20,34.1,17.19,40.13
1992-10-21,34.07,16.84,38.76
1992-10-22,33.81,17.53,38.92
1992-10-23,33.71,16.19,37.22
1992-10-24,33.91,14.91,32.69
1992-10-25,33.34,17.34,31.6
1992-10-26,33.89,18.57,33.6
1992-10-27,32.73,16.08,33.92
1992-10-28,32.83,17.66,30.88
1992-10-29,32.14,17.12,27.49
1992-10-30,31.7,16.36,25.38
1992-10-31,31.82,16.54,26.8
1992-11-01,32.01,16.57,30.28
1992-11-02,31.84,15.75,31.72
1992-11-03,32.0,16.61,26.43
1992-11-04,31.42,16.06,32.81
1992-11-05,31.96,13.61,36.9
1992-11-06,31.72,12.85,32.09
1992-11-07,29.72,11.56,31.02
1992-11-08,29.63,9.55,24.2
1992-11-09,30.01,13.29,23.14
1992-11-10,30.42,12.4,26.09
1992-11-11,30.5,14.8,22.65
1992-11-12,30.14,11.68,31.8
1992-11-13,30.58,17.34,38.27
1992-11-14,29.97,16.08,41.82
1992-11-15,29.99,15.66,43.49
1992-11-16,29.9,15.71,40.62
1992-11-17,29.39,16.73,39.77
1992-11-18,29.82,16.57,42.36
1992-11-19,28.56,16.0,62.59
1992-11-20,21.45,16.5,82.91
1992-11-21,27.34,13.44,61.63
1992-11-22,24.72,15.37,53.07
1992-11-23,25.68,11.48,54.71
1992-11-24,25.03,8.46,48.89
1992-11-25,25.71,7.27,39.27
1992-11-26,25.21,9.14,31.8
1992-11-27,25.5,7.92,36.52
1992-11-28,25.55,8.57,36.45
1992-11-29,25.92,12.1,36.55
1992-11-30,25.35,9.19,34.1
1992-12-01,26.89,13.16,29.0
1992-12-02,26.57,10.69,33.24
1992-12-03,25.89,12.0,33.66
1992-12-04,26.06,10.07,37.1
1992-12-05,27.53,13.06,40.24
1992-12-06,26.97,10.31,41.17
1992-12-07,25.61,9.23,40.42
1992-12-08,26.26,10.82,43.05
1992-12-09,27.88,10.98,43.01
1992-12-10,26.19,9.8,36.29
1992-12-11,26.3,8.32,33.06
1992-12-12,27.32,9.85,38.45
1992-12-13,24.58,9.02,40.15
1992-12-14,23.86,6.87,37.96
1992-12-15,25.09,6.11,34.38
1992-12-16,23.55,7.83,34.42
1992-12-17,24.75,7.33,30.26
1992-12-18,25.59,10.73,24.83
1992-12-19,25.59,11.1,26.14
1992-12-20,27.29,11.68,30.67
1992-12-21,27.04,9.61,38.59
1992-12-22,26.01,9.14,40.88
1992-12-23,26.27,8.22,36.72
1992-12-24,27.19,9.3,31.2
1992-12-25,27.66,9.97,28.86
1992-12-26,28.24,9.85,32.86
1992-12-27,27.15,11.84,31.04
1992-12-28,25.34,9.13,29.46
1992-12-29,23.74,8.15,32.57
1992-12-30,27.34,11.17,27.03
1992-12-31,27.26,12.52,31.26
1993-01-01,28.95,14.02,37.51
1993-01-02,27.95,15.51,43.15
1993-01-03,28.41,14.41,44.46
1993-01-04,26.22,11.12,37.58
1993-01-05,25.46,10.17,28.11
1993-01-06,22.11,10.15,39.51
1993-01-07,21.81,9.76,63.6
1993-01-08,22.79,10.19,53.73
1993-01-09,22.81,9.67,54.58
1993-01-10,23.02,10.05,39.55
1993-01-11,22.64,10.44,43.24
1993-01-12,23.73,9.11,38.55
1993-01-13,22.44,5.95,31.38
1993-01-14,23.86,5.19,26.68
1993-01-15,26.48,7.74,27.19
1993-01-16,27.2,10.2,41.38
1993-01-17,22.53,7.58,48.56
1993-01-18,20.17,4.26,43.22
1993-01-19,20.99,2.88,37.61
1993-01-20,21.79,3.57,36.33
1993-01-21,20.44,2.17,26.22
1993-01-22,21.88,3.88,25.19
1993-01-23,21.65,3.92,27.04
1993-01-24,23.17,4.37,27.88
1993-01-25,24.45,7.22,29.34
1993-01-26,24.17,6.63,23.15
1993-01-27,25.65,6.36,26.82
1993-01-28,27.36,7.68,23.03
1993-01-29,25.97,11.29,33.12
1993-01-30,26.75,10.01,36.42
1993-01-31,27.19,9.45,36.15
1993-02-01,25.64,7.77,32.2
1993-02-02,27.56,7.73,23.22
1993-02-03,27.82,10.32,23.86
1993-02-04,28.14,8.87,26.62
1993-02-05,29.73,9.3,24.9
1993-02-06,30.79,12.55,23.58
1993-02-07,30.98,10.22,26.31
1993-02-08,32.79,11.32,23.28
1993-02-09,32.67,12.92,18.55
1993-02-10,33.13,11.91,16.68
1993-02-11,32.93,14.21,16.61
1993-02-12,33.71,15.52,17.07
1993-02-13,33.54,13.61,19.22
1993-02-14,34.19,17.31,18.17
1993-02-15,34.77,16.07,20.37
1993-02-16,35.97,18.22,22.12
1993-02-17,33.75,15.97,22.17
1993-02-18,31.68,12.33,15.59
1993-02-19,27.37,7.26,12.61
1993-02-20,25.38,6.22,9.05
1993-02-21,25.14,5.87,13.03
1993-02-22,26.47,5.23,8.74
1993-02-23,28.9,11.62,11.94
1993-02-24,29.34,14.85,19.16
1993-02-25,27.3,15.95,50.03
1993-02-26,22.46,14.16,79.23
1993-02-27,23.69,13.44,70.59
1993-02-28,24.15,13.41,57.44
1993-03-01,26.34,10.48,44.57
1993-03-02,26.98,10.32,45.51
1993-03-03,29.6,11.12,38.86
1993-03-04,28.01,12.39,33.36
1993-03-05,29.2,10.15,31.7
1993-03-06,30.15,10.27,34.5
1993-03-07,31.63,11.86,33.39
1993-03-08,31.51,14.16,35.17
1993-03-09,32.84,16.16,34.3
1993-03-10,33.28,14.61,27.25
1993-03-11,34.96,18.73,23.91
1993-03-12,33.5,18.71,28.59
1993-03-13,33.86,18.31,37.21
1993-03-14,32.2,15.63,38.48
1993-03-15,31.0,15.64,42.98
1993-03-16,28.98,12.72,30.92
1993-03-17,30.47,11.75,22.88
1993-03-18,30.86,12.97,24.38
1993-03-19,31.46,10.92,19.31
1993-03-20,31.45,13.38,20.33
1993-03-21,31.38,16.18,17.85
1993-03-22,29.74,18.47,27.81
1993-03-23,34.85,18.13,28.82
1993-03-24,35.57,18.75,28.67
1993-03-25,29.27,13.26,44.36
1993-03-26,29.07,13.71,41.27
1993-03-27,28.71,11.34,34.18
1993-03-28,29.39,9.19,29.59
1993-03-29,31.5,10.34,24.55
1993-03-30,32.5,12.13,24.54
1993-03-31,33.29,14.82,24.31
1993-04-01,32.29,16.53,19.8
1993-04-02,33.6,12.39,20.48
1993-04-03,33.76,15.69,17.83
1993-04-04,35.41,15.79,18.42
1993-04-05,35.87,16.45,16.8
1993-04-06,37.04,19.32,16.74
1993-04-07,38.56,18.44,18.65
1993-04-08,37.77,18.87,23.69
1993-04-09,37.51,18.7,23.71
1993-04-10,37.93,20.51,20.86
1993-04-11,34.97,22.7,27.89
1993-04-12,36.12,20.55,34.49
1993-04-13,35.5,21.72,35.15
1993-04-14,34.48,22.09,42.49
1993-04-15,36.83,20.4,44.1
1993-04-16,36.0,20.57,32.73
1993-04-17,37.52,18.91,26.35
1993-04-18,38.83,19.07,21.99
1993-04-19,40.14,20.12,16.44
1993-04-20,41.1,21.5,13.82
1993-04-21,42.14,21.84,15.41
1993-04-22,43.07,23.18,15.64
1993-04-23,43.67,24.5,16.69
1993-04-24,43.96,26.02,17.69
1993-04-25,44.65,25.25,16.24
1993-04-26,44.93,25.83,13.75
1993-04-27,45.31,25.19,13.94
1993-04-28,45.64,25.59,15.87
1993-04-29,46.16,27.23,16.41
1993-04-30,45.98,28.42,17.68
1993-05-01,45.15,28.13,18.39
1993-05-02,46.31,28.38,17.82
1993-05-03,45.88,28.43,13.21
1993-05-04,45.04,27.59,11.09
1993-05-05,45.73,26.63,9.03
1993-05-06,46.18,25.76,9.92
1993-05-07,45.38,28.26,15.45
1993-05-08,45.23,26.52,13.14
1993-05-09,43.42,26.89,16.55
1993-05-10,42.49,26.57,19.58
1993-05-11,43.83,25.35,12.55
1993-05-12,42.26,21.63,9.12
1993-05-13,43.78,22.83,7.56
1993-05-14,45.06,23.34,7.03
1993-05-15,45.27,26.1,11.17
1993-05-16,44.43,29.59,16.27
1993-05-17,43.74,28.22,17.91
1993-05-18,42.08,29.03,21.36
1993-05-19,40.03,26.8,26.5
1993-05-20,42.0,26.13,24.8
1993-05-21,42.3,25.08,21.3
1993-05-22,43.81,24.88,20.94
1993-05-23,45.64,26.18,19.27
1993-05-24,45.74,27.74,19.11
1993-05-25,47.18,29.17,18.29
1993-05-26,46.01,28.71,16.5
1993-05-27,46.39,28.66,16.23
1993-05-28,46.27,30.04,16.63
1993-05-29,43.82,29.35,29.83
1993-05-30,45.44,30.2,20.02
1993-05-31,43.59,30.05,19.41
1993-06-01,43.51,29.98,22.78
1993-06-02,42.96,27.55,19.8
1993-06-03,44.8,28.93,18.75
1993-06-04,44.7,29.5,18.04
1993-06-05,45.93,30.0,19.44
1993-06-06,46.56,31.23,17.54
1993-06-07,47.48,31.81,15.37
1993-06-08,47.17,30.7,14.28
1993-06-09,46.47,30.24,14.34
1993-06-10,47.2,28.97,15.71
1993-06-11,47.94,29.81,14.86
1993-06-12,47.76,32.43,14.43
1993-06-13,46.72,31.34,16.7
1993-06-14,43.7,32.26,29.92
1993-06-15,39.33,29.23,46.59
1993-06-16,42.3,30.5,37.29
1993-06-17,42.14,29.84,39.54
1993-06-18,41.69,27.67,41.14
1993-06-19,40.18,26.2,47.85
1993-06-20,42.9,28.62,34.88
1993-06-21,42.18,29.5,37.18
1993-06-22,44.22,29.72,40.17
1993-06-23,42.88,30.88,41.93
1993-06-24,34.33,28.9,61.93
1993-06-25,36.11,28.18,62.85
1993-06-26,38.42,27.07,56.47
1993-06-27,39.41,28.99,49.78
1993-06-28,39.42,27.1,52.15
1993-06-29,39.54,25.06,54.16
1993-06-30,42.39,26.32,41.69
1993-07-01,42.59,28.89,40.38
1993-07-02,42.65,29.44,41.07
1993-07-03,40.9,30.2,43.21
1993-07-04,38.55,29.74,52.4
1993-07-05,39.54,28.86,49.21
1993-07-06,41.74,29.22,48.35
1993-07-07,41.37,30.17,49.05
1993-07-08,33.13,28.11,71.74
1993-07-09,33.88,26.87,76.18
1993-07-10,31.17,26.44,83.3
1993-07-11,31.14,25.19,82.63
1993-07-12,32.45,25.47,80.95
1993-07-13,33.67,26.69,76.31
1993-07-14,34.29,27.41,77.25
1993-07-15,33.75,27.84,80.8
1993-07-16,34.47,26.54,74.44
1993-07-17,31.94,25.18,79.5
1993-07-18,32.74,24.72,79.78
1993-07-19,34.06,25.8,78.34
1993-07-20,33.99,25.43,79.53
1993-07-21,31.67,25.82,84.25
1993-07-22,31.74,25.58,84.12
1993-07-23,32.76,24.81,80.93
1993-07-24,32.62,25.05,78.08
1993-07-25,33.99,24.98,77.11
1993-07-26,34.23,22.81,72.53
1993-07-27,34.78,24.72,58.29
1993-07-28,35.08,25.19,57.82
1993-07-29,35.32,24.21,64.32
1993-07-30,35.71,24.98,65.55
1993-07-31,36.84,25.31,65.29
1993-08-01,37.14,25.71,67.2
1993-08-02,36.26,26.98,69.38
1993-08-03,34.97,26.74,71.77
1993-08-04,31.72,27.02,81.85
1993-08-05,33.29,27.06,80.76
1993-08-06,32.83,26.57,83.28
1993-08-07,33.3,25.95,83.47
1993-08-08,34.09,24.83,78.88
1993-08-09,34.47,23.76,74.98
1993-08-10,34.61,23.36,77.11
1993-08-11,35.14,24.15,75.63
1993-08-12,34.9,24.74,70.27
1993-08-13,35.36,24.75,70.52
1993-08-14,36.31,24.36,66.95
1993-08-15,35.55,25.32,67.13
1993-08-16,36.12,26.65,64.27
1993-08-17,35.26,27.6,65.19
1993-08-18,36.17,27.22,67.75
1993-08-19,36.63,25.7,65.6
1993-08-20,37.45,25.65,60.83
1993-08-21,38.16,26.28,59.34
1993-08-22,38.33,25.26,56.0
1993-08-23,37.57,25.08,55.54
1993-08-24,37.44,24.87,55.65
1993-08-25,37.49,24.51,55.81
1993-08-26,37.25,25.14,57.94
1993-08-27,37.86,24.79,58.67
1993-08-28,39.0,25.8,51.43
1993-08-29,39.43,26.24,49.7
1993-08-30,38.53,26.64,53.38
1993-08-31,37.68,27.7,53.11
1993-09-01,34.79,25.52,65.9
1993-09-02,35.95,25.18,61.58
1993-09-03,32.19,25.28,76.0
1993-09-04,31.77,24.23,80.81
1993-09-05,32.35,24.12,82.57
1993-09-06,32.55,23.5,81.71
1993-09-07,31.14,23.51,83.74
1993-09-08,33.11,23.87,77.32
1993-09-09,32.1,24.34,81.45
1993-09-10,30.36,24.07,87.95
1993-09-11,28.75,23.66,90.82
1993-09-12,31.06,23.21,85.44
1993-09-13,31.88,22.5,79.63
1993-09-14,31.96,21.7,72.76
1993-09-15,32.37,23.44,71.08
1993-09-16,31.93,22.07,72.31
1993-09-17,32.33,21.65,73.67
1993-09-18,31.41,24.25,72.06
1993-09-19,32.53,24.16,74.39
1993-09-20,32.68,24.65,74.31
1993-09-21,33.6,24.41,75.05
1993-09-22,33.15,24.77,78.38
1993-09-23,32.65,24.76,78.49
1993-09-24,33.19,24.73,76.18
1993-09-25,32.53,23.14,79.02
1993-09-26,32.66,22.88,75.92
1993-09-27,32.7,21.81,70.92
1993-09-28,34.06,21.35,62.88
1993-09-29,34.75,21.2,64.18
1993-09-30,35.88,21.03,53.7
1993-10-01,35.7,21.15,48.72
1993-10-02,36.25,21.48,45.58
1993-10-03,36.21,21.25,47.28
1993-10-04,35.85,19.96,47.51
1993-10-05,35.5,21.17,47.55
1993-10-06,35.83,21.61,44.99
1993-10-07,35.93,19.73,44.09
1993-10-08,36.23,19.44,46.36
1993-10-09,35.99,20.84,44.07
1993-10-10,35.98,20.8,42.82
1993-10-11,35.79,19.68,43.85
1993-10-12,35.77,20.22,40.75
1993-10-13,35.21,16.2,38.72
1993-10-14,35.23,16.82,33.56
1993-10-15,35.14,18.03,31.38
1993-10-16,34.55,18.23,27.35
1993-10-17,34.05,16.71,31.83
1993-10-18,34.73,18.36,29.51
1993-10-19,33.99,16.84,30.38
1993-10-20,33.92,18.45,29.24
1993-10-21,33.01,13.71,29.07
1993-10-22,33.67,15.29,25.72
1993-10-23,32.84,16.6,38.48
1993-10-24,33.23,19.02,44.56
1993-10-25,30.31,18.55,26.06
1993-10-26,32.98,17.63,31.22
1993-10-27,32.61,13.31,30.09
1993-10-28,32.93,13.11,30.65
1993-10-29,32.74,17.49,31.09
1993-10-30,32.29,15.43,30.03
1993-10-31,31.58,14.29,31.26
1993-11-01,31.22,13.63,33.31
1993-11-02,31.68,14.68,29.88
1993-11-03,32.28,15.78,29.19
1993-11-04,32.57,15.99,29.63
1993-11-05,33.53,16.8,30.04
1993-11-06,34.61,15.65,38.14
1993-11-07,34.28,15.39,38.64
1993-11-08,33.53,17.64,39.61
1993-11-09,32.11,15.71,35.08
1993-11-10,31.74,13.08,29.12
1993-11-11,30.42,11.5,29.57
1993-11-12,29.85,10.02,27.04
1993-11-13,28.0,11.9,30.22
1993-11-14,29.03,16.43,27.69
1993-11-15,28.78,17.16,29.16
1993-11-16,31.25,14.55,33.02
1993-11-17,30.91,13.01,33.22
1993-11-18,31.48,16.84,34.29
1993-11-19,31.34,14.7,36.86
1993-11-20,28.92,11.16,27.64
1993-11-21,28.56,10.52,25.72
1993-11-22,28.48,10.74,26.57
1993-11-23,28.06,8.91,25.42
1993-11-24,28.48,8.93,19.85
1993-11-25,28.22,8.51,22.62
1993-11-26,28.49,8.84,22.21
1993-11-27,28.79,12.17,20.61
1993-11-28,29.21,10.81,22.08
1993-11-29,29.99,10.99,23.65
1993-11-30,29.26,11.07,24.81
1993-12-01,29.61,14.18,23.31
1993-12-02,29.4,13.78,23.96
1993-12-03,28.4,9.05,23.9
1993-12-04,29.0,9.14,23.07
1993-12-05,28.79,11.27,25.02
1993-12-06,29.57,11.42,23.25
1993-12-07,29.72,9.35,23.16
1993-12-08,28.87,10.48,22.19
1993-12-09,27.31,8.38,24.37
1993-12-10,27.41,9.75,21.64
1993-12-11,27.76,10.48,21.65
1993-12-12,26.93,8.63,22.27
1993-12-13,26.6,10.44,18.21
1993-12-14,25.21,6.18,18.1
1993-12-15,24.82,5.47,16.94
1993-12-16,26.05,8.46,13.28
1993-12-17,25.98,9.5,14.0
1993-12-18,23.05,11.08,12.74
1993-12-19,25.65,8.34,16.82
1993-12-20,23.59,4.89,15.06
1993-12-21,24.74,4.84,14.39
1993-12-22,25.78,4.69,14.07
1993-12-23,25.22,6.67,13.62
1993-12-24,25.11,6.84,14.14
1993-12-25,25.01,6.48,18.84
1993-12-26,25.41,6.39,15.52
1993-12-27,25.6,7.93,12.69
1993-12-28,24.27,9.92,15.67
1993-12-29,25.62,8.4,25.84
1993-12-30,26.95,7.85,18.74
1993-12-31,27.91,8.71,17.64
1994-01-01,27.3,12.48,24.23
1994-01-02,28.32,13.96,38.42
1994-01-03,27.65,11.62,41.56
1994-01-04,27.64,11.13,25.3
1994-01-05,27.52,9.94,25.36
1994-01-06,27.07,12.48,27.73
1994-01-07,27.74,11.53,29.78
1994-01-08,28.55,14.03,27.81
1994-01-09,26.57,10.25,31.53
1994-01-10,26.0,10.79,26.89
1994-01-11,19.55,13.51,52.2
1994-01-12,20.39,12.59,79.98
1994-01-13,22.69,10.13,74.67
1994-01-14,23.07,12.4,61.03
1994-01-15,21.18,8.49,53.99
1994-01-16,21.34,4.62,39.52
1994-01-17,19.53,5.47,41.84
1994-01-18,23.57,6.67,32.0
1994-01-19,23.9,6.65,28.37
1994-01-20,24.13,6.18,33.26
1994-01-21,24.47,5.57,38.6
1994-01-22,23.75,4.57,35.05
1994-01-23,24.34,6.98,30.26
1994-01-24,25.38,6.71,31.1
1994-01-25,24.33,6.9,28.82
1994-01-26,29.62,10.58,33.72
1994-01-27,27.7,14.09,42.55
1994-01-28,27.73,13.6,44.75
1994-01-29,25.77,10.29,41.17
1994-01-30,24.12,6.57,38.61
1994-01-31,21.98,4.78,39.54
1994-02-01,24.38,8.23,33.6
1994-02-02,24.92,6.69,33.23
1994-02-03,26.62,6.44,32.83
1994-02-04,23.4,11.14,31.61
1994-02-05,26.62,7.32,30.89
1994-02-06,26.66,9.08,28.81
1994-02-07,28.82,10.07,31.16
1994-02-08,17.87,11.93,75.2
1994-02-09,21.86,9.63,69.27
1994-02-10,25.03,6.97,44.74
1994-02-11,25.23,8.75,28.11
1994-02-12,25.56,9.26,31.64
1994-02-13,26.55,6.07,32.95
1994-02-14,27.14,9.69,25.06
1994-02-15,28.37,11.71,28.12
1994-02-16,27.54,11.0,32.17
1994-02-17,27.48,10.83,37.91
1994-02-18,26.85,9.43,34.36
1994-02-19,28.18,9.96,31.17
1994-02-20,30.31,12.67,36.75
1994-02-21,24.73,10.31,44.36
1994-02-22,22.89,7.8,35.44
1994-02-23,23.88,6.99,45.16
1994-02-24,27.09,7.18,37.36
1994-02-25,29.25,8.35,29.83
1994-02-26,30.7,11.02,31.13
1994-02-27,30.32,13.36,33.49
1994-02-28,28.0,11.24,27.58
1994-03-01,29.78,8.55,21.12
1994-03-02,31.24,12.05,18.37
1994-03-03,33.03,12.31,18.62
1994-03-04,34.11,13.62,19.94
1994-03-05,32.05,15.18,22.21
1994-03-06,31.14,11.51,21.19
1994-03-07,31.04,10.94,19.33
1994-03-08,32.5,11.17,17.05
1994-03-09,33.74,13.53,14.54
1994-03-10,34.8,12.34,16.05
1994-03-11,36.27,14.48,18.99
1994-03-12,35.87,17.43,20.72
1994-03-13,35.75,18.4,26.05
1994-03-14,31.18,18.81,34.24
1994-03-15,36.64,18.9,34.6
1994-03-16,36.69,19.9,28.78
1994-03-17,37.93,18.61,24.94
1994-03-18,38.78,20.85,22.96
1994-03-19,40.27,20.76,21.6
1994-03-20,39.02,21.39,23.8
1994-03-21,35.63,17.1,26.66
1994-03-22,34.66,17.87,23.35
1994-03-23,37.07,16.9,18.21
1994-03-24,38.7,16.55,14.09
1994-03-25,39.34,20.54,14.93
1994-03-26,37.88,17.81,11.93
1994-03-27,37.17,17.68,14.64
1994-03-28,38.73,19.85,14.3
1994-03-29,40.46,22.35,14.7
1994-03-30,41.58,22.06,17.5
1994-03-31,38.77,20.29,19.78
1994-04-01,37.12,20.2,23.23
1994-04-02,37.62,20.58,20.02
1994-04-03,37.51,22.34,17.65
1994-04-04,38.71,20.35,19.26
1994-04-05,36.07,22.83,25.84
1994-04-06,33.57,21.57,37.62
1994-04-07,28.08,14.43,12.16
1994-04-08,32.84,9.8,20.09
1994-04-09,34.04,11.86,17.63
1994-04-10,36.91,14.94,15.29
1994-04-11,37.69,16.88,16.5
1994-04-12,37.42,18.55,17.77
1994-04-13,39.74,20.22,17.38
1994-04-14,40.05,21.99,18.14
1994-04-15,36.73,22.41,25.66
1994-04-16,36.91,20.7,27.31
1994-04-17,36.28,19.77,23.23
1994-04-18,35.84,17.72,23.17
1994-04-19,36.19,20.08,20.82
1994-04-20,38.94,22.02,34.5
1994-04-21,37.54,22.44,33.68
1994-04-22,37.17,21.61,23.73
1994-04-23,38.76,20.16,21.01
1994-04-24,39.17,21.26,17.27
1994-04-25,39.78,20.42,16.88
1994-04-26,41.73,23.44,14.68
1994-04-27,41.94,23.54,13.86
1994-04-28,41.33,23.24,14.38
1994-04-29,41.35,25.02,14.02
1994-04-30,42.14,24.87,13.88
1994-05-01,43.18,26.28,16.5
1994-05-02,43.46,28.15,15.58
1994-05-03,43.72,27.69,15.51
1994-05-04,41.78,27.15,19.32
1994-05-05,42.67,27.07,18.28
1994-05-06,44.47,26.14,15.64
1994-05-07,43.96,29.54,22.36
1994-05-08,44.24,29.28,23.54
1994-05-09,42.61,25.33,13.94
1994-05-10,41.35,24.38,14.44
1994-05-11,40.97,22.48,15.68
1994-05-12,43.13,22.87,13.68
1994-05-13,41.13,25.64,19.56
1994-05-14,38.92,24.34,25.86
1994-05-15,39.46,24.65,25.22
1994-05-16,42.55,24.99,19.86
1994-05-17,43.71,25.63,15.68
1994-05-18,44.87,27.66,14.98
1994-05-19,45.69,27.79,14.66
1994-05-20,45.49,27.8,16.95
1994-05-21,46.79,27.36,18.55
1994-05-22,47.47,29.82,14.25
1994-05-23,47.19,29.13,12.19
1994-05-24,46.61,30.11,12.43
1994-05-25,46.49,30.96,14.23
1994-05-26,45.44,31.83,17.53
1994-05-27,45.62,27.45,13.75
1994-05-28,47.53,28.47,13.05
1994-05-29,48.4,29.78,10.63
1994-05-30,47.98,29.08,10.46
1994-05-31,48.05,30.61,12.02
1994-06-01,46.96,33.07,12.59
1994-06-02,47.13,29.99,12.85
1994-06-03,47.44,30.09,12.51
1994-06-04,47.25,30.49,10.89
1994-06-05,47.67,33.4,10.27
1994-06-06,46.78,32.7,12.32
1994-06-07,47.02,29.59,12.76
1994-06-08,48.4,30.26,13.88
1994-06-09,46.97,33.12,18.5
1994-06-10,47.0,33.29,21.3
1994-06-11,41.84,31.71,25.78
1994-06-12,36.91,29.62,40.66
1994-06-13,40.08,28.18,38.93
1994-06-14,42.46,27.75,27.05
1994-06-15,43.57,28.67,20.22
1994-06-16,45.72,28.8,16.99
1994-06-17,46.68,32.54,14.48
1994-06-18,47.72,30.19,12.52
1994-06-19,46.55,29.96,17.85
1994-06-20,46.66,29.77,18.62
1994-06-21,46.66,31.15,20.17
1994-06-22,45.71,32.61,20.93
1994-06-23,45.15,32.61,27.33
1994-06-24,43.92,33.42,33.91
1994-06-25,38.61,32.04,46.63
1994-06-26,36.4,30.42,58.48
1994-06-27,37.71,28.88,56.1
1994-06-28,39.93,29.2,48.86
1994-06-29,39.91,30.26,47.98
1994-06-30,35.91,30.25,52.94
1994-07-01,37.73,28.26,54.97
1994-07-02,40.43,28.12,51.87
1994-07-03,34.56,29.16,59.63
1994-07-04,39.06,27.78,52.27
1994-07-05,38.6,28.82,52.88
1994-07-06,40.34,28.43,47.27
1994-07-07,38.7,30.85,49.23
1994-07-08,34.27,28.33,64.37
1994-07-09,35.23,27.2,67.05
1994-07-10,38.09,29.32,57.54
1994-07-11,36.66,29.9,57.47
1994-07-12,35.99,30.13,63.05
1994-07-13,37.34,28.98,60.36
1994-07-14,39.07,29.16,58.13
1994-07-15,34.5,28.52,67.78
1994-07-16,38.37,27.36,65.13
1994-07-17,35.99,28.48,62.75
1994-07-18,37.61,29.28,58.57
1994-07-19,34.81,27.43,69.49
1994-07-20,31.68,26.51,78.75
1994-07-21,33.34,26.23,75.04
1994-07-22,34.26,26.79,75.66
1994-07-23,33.83,26.12,78.11
1994-07-24,33.11,26.56,80.96
1994-07-25,32.14,26.55,80.6
1994-07-26,33.38,26.51,78.71
1994-07-27,33.11,26.57,82.02
1994-07-28,31.81,26.51,85.16
1994-07-29,33.15,26.26,81.87
1994-07-30,29.64,26.27,92.48
1994-07-31,31.5,25.82,87.64
1994-08-01,33.01,25.91,84.06
1994-08-02,33.03,26.42,84.56
1994-08-03,31.81,26.62,86.04
1994-08-04,33.58,25.81,82.52
1994-08-05,33.41,25.8,81.77
1994-08-06,33.09,26.32,77.29
1994-08-07,33.12,25.75,81.61
1994-08-08,33.2,25.55,80.8
1994-08-09,33.03,25.78,82.11
1994-08-10,30.89,25.74,87.36
1994-08-11,31.44,25.82,86.92
1994-08-12,30.79,25.91,89.77
1994-08-13,31.43,26.17,87.08
1994-08-14,31.84,26.08,87.77
1994-08-15,31.45,26.41,87.38
1994-08-16,30.6,25.34,89.61
1994-08-17,30.75,24.97,86.57
1994-08-18,32.34,25.56,85.75
1994-08-19,32.18,25.6,86.52
1994-08-20,32.02,25.72,87.45
1994-08-21,32.42,25.25,85.82
1994-08-22,31.53,25.97,87.43
1994-08-23,29.81,25.52,89.72
1994-08-24,31.88,24.67,84.52
1994-08-25,30.45,25.8,89.31
1994-08-26,30.76,25.67,90.48
1994-08-27,31.65,25.51,86.02
1994-08-28,31.71,25.39,87.44
1994-08-29,31.58,26.07,85.66
1994-08-30,32.39,25.39,83.05
1994-08-31,32.2,25.97,86.53
1994-09-01,31.94,25.75,87.25
1994-09-02,31.94,25.66,86.57
1994-09-03,32.08,25.1,85.65
1994-09-04,32.11,24.44,85.03
1994-09-05,33.38,24.65,81.89
1994-09-06,32.53,25.08,84.14
1994-09-07,31.51,25.03,86.91
1994-09-08,30.77,24.51,88.4
1994-09-09,32.17,24.74,85.43
1994-09-10,32.14,24.67,81.44
1994-09-11,32.24,24.16,82.01
1994-09-12,32.38,24.64,83.05
1994-09-13,31.71,23.91,81.93
1994-09-14,32.65,23.92,81.1
1994-09-15,32.81,22.89,78.02
1994-09-16,33.09,22.15,71.49
1994-09-17,32.64,20.32,72.95
1994-09-18,32.38,19.85,74.7
1994-09-19,31.83,19.97,66.62
1994-09-20,30.83,17.37,68.99
1994-09-21,31.47,18.21,68.1
1994-09-22,31.95,18.56,68.86
1994-09-23,31.66,18.36,67.29
1994-09-24,31.33,17.19,67.28
1994-09-25,31.15,15.57,64.63
1994-09-26,31.8,15.13,61.93
1994-09-27,32.13,15.23,59.81
1994-09-28,32.32,15.45,61.05
1994-09-29,31.92,16.62,60.04
1994-09-30,32.58,15.3,57.13
1994-10-01,32.79,15.9,54.27
1994-10-02,32.87,17.04,49.98
1994-10-03,33.49,19.25,45.83
1994-10-04,33.89,19.85,44.92
1994-10-05,34.63,20.12,48.43
1994-10-06,34.37,18.63,58.99
1994-10-07,33.75,19.16,56.14
1994-10-08,32.8,19.55,45.48
1994-10-09,33.62,18.16,45.65
1994-10-10,35.41,17.16,43.08
1994-10-11,35.44,18.78,43.49
1994-10-12,33.12,15.0,40.16
1994-10-13,33.19,16.41,43.13
1994-10-14,32.09,18.11,41.04
1994-10-15,30.44,14.38,44.01
1994-10-16,30.87,12.81,42.31
1994-10-17,32.3,13.23,41.35
1994-10-18,32.33,12.9,40.09
1994-10-19,32.73,16.17,41.11
1994-10-20,32.17,18.45,38.54
1994-10-21,32.25,18.01,35.0
1994-10-22,33.04,18.81,37.58
1994-10-23,33.47,16.49,41.86
1994-10-24,32.92,15.85,45.97
1994-10-25,33.88,16.21,44.01
1994-10-26,34.63,20.51,40.18
1994-10-27,34.61,20.06,39.97
1994-10-28,34.24,18.33,43.64
1994-10-29,32.18,16.35,38.74
1994-10-30,31.51,13.21,35.84
1994-10-31,32.54,13.89,35.69
1994-11-01,31.92,13.55,35.14
1994-11-02,31.46,14.74,32.32
1994-11-03,31.39,14.96,31.06
1994-11-04,31.04,15.54,31.15
1994-11-05,31.54,15.34,35.92
1994-11-06,31.03,15.23,36.52
1994-11-07,30.48,17.05,31.45
1994-11-08,30.16,16.44,31.51
1994-11-09,31.26,14.56,37.41
1994-11-10,31.25,14.24,38.49
1994-11-11,30.52,14.72,35.93
1994-11-12,30.3,16.88,35.04
1994-11-13,30.33,14.95,39.19
1994-11-14,30.58,14.81,39.19
1994-11-15,29.8,15.07,36.53
1994-11-16,29.82,16.12,32.05
1994-11-17,29.24,14.98,33.12
1994-11-18,27.98,11.29,37.29
1994-11-19,28.47,10.31,35.58
1994-11-20,28.95,14.34,32.57
1994-11-21,27.43,15.35,29.0
1994-11-22,27.78,12.85,31.8
1994-11-23,28.53,12.1,37.08
1994-11-24,28.49,11.82,36.19
1994-11-25,28.42,10.83,36.91
1994-11-26,28.86,11.51,35.09
1994-11-27,29.8,14.02,34.08
1994-11-28,29.11,13.56,37.52
1994-11-29,27.77,12.54,38.24
1994-11-30,28.03,10.81,35.13
1994-12-01,28.55,12.27,34.3
1994-12-02,28.62,13.53,32.44
1994-12-03,28.09,11.81,33.19
1994-12-04,28.08,13.04,34.64
1994-12-05,27.34,12.4,34.73
1994-12-06,28.24,10.28,34.76
1994-12-07,30.19,12.01,31.96
1994-12-08,29.44,14.22,37.24
1994-12-09,28.15,13.5,37.23
1994-12-10,24.93,8.37,18.5
1994-12-11,22.89,3.96,18.58
1994-12-12,22.78,3.84,24.51
1994-12-13,24.84,4.99,22.52
1994-12-14,24.23,5.0,20.06
1994-12-15,25.16,6.76,22.38
1994-12-16,21.19,6.97,24.46
1994-12-17,23.73,5.82,22.38
1994-12-18,24.48,8.8,21.38
1994-12-19,24.19,7.94,24.97
1994-12-20,24.09,5.67,27.76
1994-12-21,24.67,6.61,27.3
1994-12-22,25.49,7.47,25.92
1994-12-23,26.61,12.01,25.87
1994-12-24,27.07,11.12,34.61
1994-12-25,26.47,11.94,36.61
1994-12-26,27.77,11.41,39.95
1994-12-27,28.81,10.98,34.84
1994-12-28,27.42,9.89,33.44
1994-12-29,25.19,8.99,39.48
1994-12-30,21.6,5.85,26.1
1994-12-31,22.09,4.03,24.37
1995-01-01,21.93,3.74,21.15
1995-01-02,23.56,6.7,18.0
1995-01-03,23.07,3.92,19.19
1995-01-04,22.84,3.65,21.24
1995-01-05,23.05,7.39,19.83
1995-01-06,24.79,8.46,17.91
1995-01-07,24.87,6.68,22.16
1995-01-08,16.86,11.89,64.02
1995-01-09,17.1,6.96,79.35
1995-01-10,20.29,7.12,69.3
1995-01-11,21.84,4.81,55.8
1995-01-12,20.83,3.93,53.02
1995-01-13,19.29,6.0,48.71
1995-01-14,18.08,9.04,59.85
1995-01-15,20.12,8.27,65.95
1995-01-16,21.5,6.55,63.7
1995-01-17,20.23,5.15,63.21
1995-01-18,20.33,4.36,48.19
1995-01-19,19.2,6.61,44.24
1995-01-20,21.96,5.13,54.79
1995-01-21,22.65,6.07,45.68
1995-01-22,21.43,4.89,40.3
1995-01-23,21.41,2.65,37.31
1995-01-24,23.82,4.59,33.7
1995-01-25,24.13,6.68,42.57
1995-01-26,23.11,5.91,42.04
1995-01-27,24.83,5.22,42.23
1995-01-28,25.83,9.09,47.89
1995-01-29,25.11,8.98,46.15
1995-01-30,24.55,6.61,42.49
1995-01-31,24.62,5.5,37.08
1995-02-01,24.68,5.51,34.47
1995-02-02,24.28,6.1,30.76
1995-02-03,25.55,8.43,29.09
1995-02-04,26.06,9.45,35.08
1995-02-05,27.12,8.46,34.29
1995-02-06,26.98,6.43,35.24
1995-02-07,27.83,8.6,40.95
1995-02-08,28.39,11.25,44.23
1995-02-09,26.84,11.06,45.62
1995-02-10,29.6,13.43,46.46
1995-02-11,29.94,13.08,44.6
1995-02-12,29.57,13.75,44.18
1995-02-13,30.8,12.3,43.99
1995-02-14,28.17,13.8,59.97
1995-02-15,26.61,10.34,56.2
1995-02-16,26.02,8.95,53.11
1995-02-17,26.84,8.83,37.98
1995-02-18,27.32,9.09,33.49
1995-02-19,28.26,12.46,31.19
1995-02-20,27.19,9.06,31.94
1995-02-21,24.37,8.09,33.95
1995-02-22,24.0,8.83,47.69
1995-02-23,23.17,6.85,48.14
1995-02-24,23.88,6.62,43.95
1995-02-25,25.03,8.26,33.95
1995-02-26,27.78,9.49,33.7
1995-02-27,28.87,11.44,37.57
1995-02-28,26.45,11.74,50.18
1995-03-01,25.89,12.46,42.28
1995-03-02,26.26,8.17,35.39
1995-03-03,26.82,9.15,33.08
1995-03-04,26.61,8.6,33.06
1995-03-05,26.26,10.61,28.36
1995-03-06,28.36,8.71,27.64
1995-03-07,28.76,9.79,26.57
1995-03-08,28.79,10.49,32.16
1995-03-09,29.65,11.54,30.68
1995-03-10,27.43,12.86,38.25
1995-03-11,27.62,10.85,32.32
1995-03-12,29.12,7.95,33.23
1995-03-13,28.29,13.58,33.37
1995-03-14,29.82,12.0,30.68
1995-03-15,29.26,13.9,30.39
1995-03-16,32.43,15.98,37.78
1995-03-17,31.88,15.78,34.31
1995-03-18,32.81,15.34,33.07
1995-03-19,34.88,16.3,33.21
1995-03-20,35.34,15.98,33.02
1995-03-21,34.67,17.39,33.84
1995-03-22,36.39,16.37,33.57
1995-03-23,37.73,19.91,35.33
1995-03-24,38.33,20.25,33.26
1995-03-25,35.63,20.3,34.58
1995-03-26,32.33,20.04,54.64
1995-03-27,32.22,17.37,52.95
1995-03-28,35.16,19.11,35.02
1995-03-29,36.3,20.21,26.88
1995-03-30,32.09,14.41,31.16
1995-03-31,32.56,12.64,36.9
1995-04-01,33.08,14.68,26.52
1995-04-02,33.56,14.2,23.81
1995-04-03,32.74,14.25,23.79
1995-04-04,34.51,13.84,23.71
1995-04-05,35.9,16.66,20.37
1995-04-06,37.42,16.16,18.71
1995-04-07,37.72,17.52,20.35
1995-04-08,35.48,17.43,21.91
1995-04-09,38.36,21.05,23.02
1995-04-10,40.29,21.4,21.33
1995-04-11,37.63,21.32,20.5
1995-04-12,35.56,19.23,23.82
1995-04-13,35.86,17.67,22.13
1995-04-14,37.4,18.84,16.48
1995-04-15,40.45,20.59,12.14
1995-04-16,39.91,21.26,16.64
1995-04-17,36.97,22.53,21.22
1995-04-18,38.78,22.63,20.02
1995-04-19,36.41,20.82,26.58
1995-04-20,37.22,21.9,28.36
1995-04-21,36.98,20.02,24.54
1995-04-22,39.84,21.43,22.95
1995-04-23,40.52,26.63,23.05
1995-04-24,40.53,23.35,25.4
1995-04-25,41.32,24.33,26.38
1995-04-26,40.67,26.3,24.77
1995-04-27,39.41,24.96,24.36
1995-04-28,41.83,24.35,21.56
1995-04-29,42.55,26.43,21.83
1995-04-30,42.37,25.07,20.68
1995-05-01,39.93,25.14,19.19
1995-05-02,42.0,24.95,17.56
1995-05-03,41.54,25.42,13.68
1995-05-04,42.45,24.62,14.31
1995-05-05,42.94,24.27,14.83
1995-05-06,43.51,26.54,12.93
1995-05-07,44.34,29.54,11.53
1995-05-08,45.36,28.27,9.38
1995-05-09,44.83,26.06,12.37
1995-05-10,44.07,27.34,19.77
1995-05-11,44.26,30.01,22.72
1995-05-12,45.15,31.77,18.05
1995-05-13,46.22,28.48,14.8
1995-05-14,46.56,30.69,12.31
1995-05-15,47.03,30.07,9.99
1995-05-16,47.5,29.72,9.76
1995-05-17,43.71,30.49,14.32
1995-05-18,42.19,27.58,22.26
1995-05-19,42.81,28.73,16.67
1995-05-20,41.55,28.55,16.66
1995-05-21,41.23,27.31,16.19
1995-05-22,41.6,26.1,19.55
1995-05-23,42.1,26.29,16.6
1995-05-24,42.1,28.88,18.55
1995-05-25,42.42,28.53,16.81
1995-05-26,42.34,27.06,15.3
1995-05-27,43.04,25.72,12.43
1995-05-28,43.82,26.0,8.85
1995-05-29,44.73,25.15,8.99
1995-05-30,46.37,26.38,9.53
1995-05-31,46.63,28.82,12.12
1995-06-01,46.85,29.63,14.35
1995-06-02,46.98,30.36,16.81
1995-06-03,47.35,30.41,14.04
1995-06-04,46.69,30.29,12.38
1995-06-05,46.64,27.72,9.94
1995-06-06,47.86,27.85,9.7
1995-06-07,47.72,29.54,10.78
1995-06-08,48.32,30.18,13.25
1995-06-09,48.09,32.08,13.32
1995-06-10,47.04,32.13,18.32
1995-06-11,46.72,32.62,20.62
1995-06-12,45.98,33.29,20.96
1995-06-13,46.83,32.7,20.03
1995-06-14,48.11,32.7,18.11
1995-06-15,48.26,32.88,16.47
1995-06-16,47.85,33.26,15.71
1995-06-17,46.54,34.2,25.11
1995-06-18,43.61,33.69,32.01
1995-06-19,42.83,31.27,34.58
1995-06-20,38.12,31.7,46.57
1995-06-21,36.56,29.45,53.32
1995-06-22,37.47,27.48,52.43
1995-06-23,39.04,26.68,39.76
1995-06-24,40.5,24.3,37.85
1995-06-25,42.47,27.08,33.95
1995-06-26,42.97,29.56,35.66
1995-06-27,42.07,30.05,41.91
1995-06-28,41.34,30.83,43.19
1995-06-29,43.07,30.1,40.51
1995-06-30,44.25,29.91,36.96
1995-07-01,45.46,30.23,31.74
1995-07-02,44.53,31.54,28.33
1995-07-03,44.01,29.74,30.9
1995-07-04,44.12,30.33,30.66
1995-07-05,44.13,30.89,29.87
1995-07-06,45.11,32.16,28.73
1995-07-07,44.65,31.88,29.27
1995-07-08,45.39,31.7,29.01
1995-07-09,43.06,32.46,37.75
1995-07-10,43.82,29.74,41.27
1995-07-11,40.31,30.28,44.73
1995-07-12,41.75,30.48,42.38
1995-07-13,41.81,30.74,42.03
1995-07-14,41.55,31.06,42.75
1995-07-15,41.2,31.43,41.41
1995-07-16,40.51,30.83,42.77
1995-07-17,39.87,32.18,47.35
1995-07-18,38.73,29.65,55.07
1995-07-19,33.28,28.18,68.25
1995-07-20,39.58,27.68,52.81
1995-07-21,36.78,29.74,55.51
1995-07-22,34.38,28.65,62.05
1995-07-23,37.89,27.61,57.08
1995-07-24,38.76,27.94,52.89
1995-07-25,37.56,28.53,57.55
1995-07-26,37.83,26.55,64.17
1995-07-27,38.71,27.76,60.3
1995-07-28,35.55,27.69,60.86
1995-07-29,33.41,26.71,65.74
1995-07-30,38.52,28.21,54.66
1995-07-31,38.12,29.22,54.23
1995-08-01,37.72,29.04,57.72
1995-08-02,32.73,27.53,72.43
1995-08-03,30.92,26.02,81.46
1995-08-04,34.19,25.81,75.31
1995-08-05,31.82,26.69,79.89
1995-08-06,32.44,26.84,75.95
1995-08-07,31.54,26.19,83.08
1995-08-08,31.06,26.33,86.04
1995-08-09,30.36,25.98,88.34
1995-08-10,33.07,25.5,81.41
1995-08-11,33.59,26.02,80.16
1995-08-12,33.61,26.38,78.73
1995-08-13,34.16,25.22,74.36
1995-08-14,34.09,24.56,75.16
1995-08-15,32.9,25.21,79.04
1995-08-16,33.91,25.32,75.52
1995-08-17,33.23,25.97,76.97
1995-08-18,32.35,26.9,76.57
1995-08-19,32.99,26.36,75.67
1995-08-20,32.8,26.57,77.23
1995-08-21,32.83,26.16,77.57
1995-08-22,31.79,25.79,81.29
1995-08-23,32.8,25.78,79.89
1995-08-24,33.14,26.63,80.21
1995-08-25,31.95,26.15,84.99
1995-08-26,31.45,25.87,86.6
1995-08-27,31.19,26.21,89.86
1995-08-28,30.27,26.14,91.79
1995-08-29,29.93,25.69,92.76
1995-08-30,30.04,25.19,90.72
1995-08-31,30.78,24.69,85.92
1995-09-01,32.12,24.52,79.0
1995-09-02,32.43,25.42,79.36
1995-09-03,29.16,24.53,89.32
1995-09-04,29.31,25.01,92.48
1995-09-05,30.44,23.1,83.07
1995-09-06,31.25,22.02,82.04
1995-09-07,30.47,21.47,82.91
1995-09-08,30.05,24.0,84.12
1995-09-09,29.23,23.6,87.75
1995-09-10,31.59,22.18,79.47
1995-09-11,32.74,23.33,76.58
1995-09-12,32.34,25.27,77.87
1995-09-13,32.13,25.42,78.67
1995-09-14,31.91,24.0,76.99
1995-09-15,32.52,22.84,76.21
1995-09-16,33.37,23.09,76.13
1995-09-17,32.22,22.54,70.32
1995-09-18,32.53,22.81,72.27
1995-09-19,32.61,23.49,74.79
1995-09-20,32.82,21.88,75.1
1995-09-21,31.51,19.07,72.11
1995-09-22,32.34,18.08,74.53
1995-09-23,31.96,19.83,72.87
1995-09-24,32.15,19.46,77.38
1995-09-25,32.75,19.22,68.68
1995-09-26,32.89,21.94,63.04
1995-09-27,33.13,20.68,69.25
1995-09-28,32.79,22.82,69.66
1995-09-29,33.63,22.89,66.9
1995-09-30,33.03,22.76,65.5
1995-10-01,32.67,21.19,67.67
1995-10-02,33.09,19.63,61.86
1995-10-03,33.17,20.91,56.56
1995-10-04,33.58,19.92,60.66
1995-10-05,33.36,21.15,61.05
1995-10-06,32.77,19.3,60.45
1995-10-07,32.45,20.05,55.91
1995-10-08,32.42,19.02,58.4
1995-10-09,32.1,20.81,65.1
1995-10-10,31.08,21.25,64.94
1995-10-11,32.09,21.86,61.31
1995-10-12,32.97,20.5,60.23
1995-10-13,32.64,19.99,57.8
1995-10-14,33.3,20.2,55.17
1995-10-15,33.75,19.8,50.12
1995-10-16,32.38,20.3,55.01
1995-10-17,31.02,18.66,61.19
1995-10-18,31.19,15.57,57.1
1995-10-19,33.32,18.21,51.17
1995-10-20,31.58,16.97,57.67
1995-10-21,32.59,17.5,57.89
1995-10-22,31.78,15.39,50.9
1995-10-23,29.57,13.65,48.76
1995-10-24,30.34,12.64,49.35
1995-10-25,30.98,12.53,43.33
1995-10-26,31.92,14.86,42.93
1995-10-27,28.19,15.61,49.9
1995-10-28,31.82,15.67,46.31
1995-10-29,32.11,16.17,43.97
1995-10-30,32.11,14.96,47.3
1995-10-31,30.64,14.84,44.18
1995-11-01,28.9,13.1,46.6
1995-11-02,29.45,12.5,46.8
1995-11-03,30.0,11.4,36.73
1995-11-04,30.59,15.18,28.87
1995-11-05,30.68,14.23,32.62
1995-11-06,30.2,15.77,35.84
1995-11-07,30.17,16.54,33.66
1995-11-08,30.68,14.67,39.69
1995-11-09,30.96,15.33,43.16
1995-11-10,31.14,15.55,43.31
1995-11-11,30.33,13.43,38.49
1995-11-12,29.74,11.85,37.7
1995-11-13,29.6,10.24,34.18
1995-11-14,29.96,10.93,37.44
1995-11-15,29.85,10.09,36.97
1995-11-16,29.8,13.17,34.29
1995-11-17,29.32,11.96,35.24
1995-11-18,28.83,14.65,38.4
1995-11-19,28.54,12.0,42.34
1995-11-20,28.2,10.05,39.87
1995-11-21,28.51,9.12,31.06
1995-11-22,28.5,13.74,23.78
1995-11-23,28.38,13.29,24.79
1995-11-24,27.46,8.62,30.96
1995-11-25,26.47,7.37,32.41
1995-11-26,26.35,6.44,29.17
1995-11-27,27.14,9.6,26.74
1995-11-28,27.13,9.87,40.0
1995-11-29,27.5,14.27,47.49
1995-11-30,26.66,10.62,43.02
1995-12-01,22.81,5.62,29.52
1995-12-02,23.68,5.1,33.31
1995-12-03,24.4,5.73,31.84
1995-12-04,25.03,6.06,28.3
1995-12-05,25.46,6.34,29.69
1995-12-06,27.18,8.28,36.81
1995-12-07,25.4,9.2,44.18
1995-12-08,27.33,10.48,42.43
1995-12-09,26.07,12.73,49.81
1995-12-10,25.6,11.27,50.12
1995-12-11,26.81,13.01,49.99
1995-12-12,25.54,11.89,36.22
1995-12-13,24.27,8.24,32.62
1995-12-14,23.41,9.69,44.21
1995-12-15,25.37,10.93,49.8
1995-12-16,25.95,12.25,45.13
1995-12-17,24.87,12.19,35.29
1995-12-18,25.18,10.02,38.01
1995-12-19,25.66,10.27,42.34
1995-12-20,26.72,11.26,46.65
1995-12-21,25.86,13.67,50.99
1995-12-22,25.64,12.39,46.2
1995-12-23,24.04,8.66,38.77
1995-12-24,23.68,6.25,34.2
1995-12-25,22.65,7.56,37.67
1995-12-26,22.3,7.14,59.44
1995-12-27,22.21,8.79,35.33
1995-12-28,24.32,10.19,28.58
1995-12-29,24.28,10.85,28.45
1995-12-30,25.35,9.88,32.57
1995-12-31,25.21,11.22,38.38
1996-01-01,25.29,10.41,40.02
1996-01-02,25.22,8.82,41.43
1996-01-03,24.49,9.28,41.35
1996-01-04,23.93,7.61,42.3
1996-01-05,23.3,7.13,32.51
1996-01-06,23.14,6.71,34.42
1996-01-07,24.0,5.82,33.84
1996-01-08,24.65,9.32,26.69
1996-01-09,24.53,9.39,25.22
1996-01-10,24.06,8.46,31.38
1996-01-11,23.27,8.7,33.27
1996-01-12,24.15,7.18,36.93
1996-01-13,24.79,9.31,28.78
1996-01-14,25.3,9.89,36.65
1996-01-15,21.66,11.17,57.12
1996-01-16,22.49,9.52,61.23
1996-01-17,21.09,6.7,67.02
1996-01-18,20.97,6.05,54.62
1996-01-19,22.01,4.03,42.15
1996-01-20,23.01,5.22,40.63
1996-01-21,24.5,6.67,42.66
1996-01-22,25.82,9.71,39.91
1996-01-23,23.66,9.25,43.53
1996-01-24,22.69,4.9,36.96
1996-01-25,24.84,8.69,37.97
1996-01-26,23.8,6.97,44.16
1996-01-27,25.0,6.67,36.53
1996-01-28,23.0,7.2,32.96
1996-01-29,23.18,3.85,30.17
1996-01-30,24.79,3.16,27.79
1996-01-31,26.41,5.06,25.25
1996-02-01,26.1,10.96,24.97
1996-02-02,26.18,6.53,28.9
1996-02-03,27.16,5.04,30.18
1996-02-04,26.73,6.51,26.86
1996-02-05,27.82,7.14,28.32
1996-02-06,29.04,7.92,31.59
1996-02-07,30.18,12.0,31.73
1996-02-08,29.24,10.19,32.47
1996-02-09,24.35,12.8,43.7
1996-02-10,15.81,10.37,86.77
1996-02-11,22.21,10.68,71.23
1996-02-12,24.68,8.41,56.36
1996-02-13,25.81,8.98,43.4
1996-02-14,27.41,10.73,38.73
1996-02-15,27.78,9.66,41.9
1996-02-16,27.88,10.53,41.22
1996-02-17,27.74,8.74,30.79
1996-02-18,28.77,9.97,32.66
1996-02-19,28.95,12.2,35.76
1996-02-20,28.99,10.64,33.57
1996-02-21,29.91,11.27,34.46
1996-02-22,30.46,13.85,35.17
1996-02-23,31.16,12.09,32.55
1996-02-24,30.06,14.23,45.52
1996-02-25,28.86,16.76,57.05
1996-02-26,25.23,13.91,60.9
1996-02-27,26.16,11.59,56.22
1996-02-28,28.11,9.29,47.82
1996-02-29,29.63,10.06,36.48
1996-03-01,32.24,12.73,30.87
1996-03-02,32.53,14.89,34.84
1996-03-03,32.48,13.66,41.29
1996-03-04,31.59,14.45,40.7
1996-03-05,31.93,16.42,35.62
1996-03-06,32.51,14.19,36.59
1996-03-07,33.98,16.64,35.97
1996-03-08,33.16,15.55,36.61
1996-03-09,33.14,15.78,36.21
1996-03-10,33.71,16.57,39.34
1996-03-11,34.67,17.88,39.82
1996-03-12,37.21,17.52,34.87
1996-03-13,35.0,17.28,30.09
1996-03-14,36.24,16.48,33.22
1996-03-15,36.83,20.39,31.41
1996-03-16,29.18,19.63,49.22
1996-03-17,28.63,18.08,56.1
1996-03-18,33.56,16.27,52.82
1996-03-19,31.19,18.23,48.17
1996-03-20,30.62,14.41,40.22
1996-03-21,32.87,14.43,33.24
1996-03-22,31.44,17.95,42.49
1996-03-23,31.66,14.25,38.52
1996-03-24,34.15,14.95,34.78
1996-03-25,36.28,17.31,30.69
1996-03-26,37.76,19.73,28.39
1996-03-27,38.6,18.64,26.88
1996-03-28,41.73,20.44,24.2
1996-03-29,40.27,20.79,19.91
1996-03-30,35.19,16.6,12.8
1996-03-31,33.36,12.69,14.42
1996-04-01,33.87,12.71,15.2
1996-04-02,35.25,12.9,15.56
1996-04-03,38.13,16.4,16.34
1996-04-04,39.41,19.0,15.4
1996-04-05,40.31,19.74,13.64
1996-04-06,39.91,18.89,13.08
1996-04-07,39.26,21.31,16.1
1996-04-08,37.36,16.4,11.83
1996-04-09,35.51,15.58,16.24
1996-04-10,36.17,15.26,15.36
1996-04-11,38.94,17.03,13.87
1996-04-12,40.22,19.93,13.47
1996-04-13,40.97,20.8,14.07
1996-04-14,40.28,20.03,15.36
1996-04-15,40.96,19.71,14.24
1996-04-16,42.14,25.62,10.89
1996-04-17,41.63,22.32,17.99
1996-04-18,41.98,23.42,15.06
1996-04-19,43.13,25.02,14.92
1996-04-20,40.03,23.19,19.64
1996-04-21,40.66,22.41,20.68
1996-04-22,40.26,24.17,23.27
1996-04-23,38.32,23.21,26.5
1996-04-24,39.78,23.87,22.83
1996-04-25,43.0,25.06,16.3
1996-04-26,42.73,21.74,16.87
1996-04-27,42.48,23.35,15.41
1996-04-28,43.56,24.53,16.39
1996-04-29,43.82,27.14,15.84
1996-04-30,44.81,27.23,14.83
1996-05-01,44.18,25.51,12.8
1996-05-02,43.79,24.2,9.83
1996-05-03,42.71,24.42,12.03
1996-05-04,43.69,24.21,11.65
1996-05-05,42.66,25.36,18.81
1996-05-06,42.1,21.52,9.2
1996-05-07,42.12,21.28,7.99
1996-05-08,44.11,22.12,8.83
1996-05-09,44.64,24.33,9.09
1996-05-10,43.72,23.45,12.24
1996-05-11,41.96,27.19,14.58
1996-05-12,41.06,23.01,15.94
1996-05-13,42.51,24.28,19.56
1996-05-14,42.74,24.99,22.6
1996-05-15,40.92,26.44,25.41
1996-05-16,39.45,28.01,33.2
1996-05-17,40.08,24.64,27.52
1996-05-18,40.97,25.24,24.15
1996-05-19,40.06,28.23,21.48
1996-05-20,40.62,28.34,20.66
1996-05-21,43.02,26.1,20.19
1996-05-22,43.09,28.04,23.92
1996-05-23,41.64,29.13,26.79
1996-05-24,42.47,28.65,30.23
1996-05-25,41.52,28.45,26.5
1996-05-26,42.59,27.39,22.91
1996-05-27,44.66,27.44,18.24
1996-05-28,46.04,28.83,15.74
1996-05-29,47.13,29.84,18.07
1996-05-30,45.11,29.75,18.6
1996-05-31,45.58,26.51,9.97
1996-06-01,46.17,26.23,14.67
1996-06-02,47.26,28.33,12.24
1996-06-03,46.99,29.22,7.9
1996-06-04,47.08,28.08,14.58
1996-06-05,44.49,28.8,18.83
1996-06-06,43.08,31.38,22.28
1996-06-07,43.93,29.33,20.88
1996-06-08,43.6,29.28,24.43
1996-06-09,43.68,30.52,27.11
1996-06-10,43.64,32.56,27.58
1996-06-11,43.95,29.29,34.01
1996-06-12,43.23,28.59,36.14
1996-06-13,41.69,31.16,34.12
1996-06-14,43.67,31.04,33.57
1996-06-15,44.01,31.88,29.65
1996-06-16,43.45,32.56,31.57
1996-06-17,42.5,30.7,36.21
1996-06-18,44.96,33.15,31.07
1996-06-19,41.49,34.62,36.38
1996-06-20,38.97,32.38,47.93
1996-06-21,39.45,28.73,53.04
1996-06-22,38.25,26.8,54.19
1996-06-23,35.68,26.66,61.15
1996-06-24,35.05,28.06,66.49
1996-06-25,33.17,27.33,73.01
1996-06-26,35.54,27.52,69.14
1996-06-27,38.35,27.0,61.97
1996-06-28,40.09,27.04,54.42
1996-06-29,38.55,26.76,59.35
1996-06-30,37.33,27.9,57.62
1996-07-01,36.34,27.29,57.53
1996-07-02,37.55,25.53,57.42
1996-07-03,39.02,25.87,55.36
1996-07-04,34.75,27.96,61.4
1996-07-05,38.33,27.86,55.52
1996-07-06,38.22,27.46,56.79
1996-07-07,39.29,26.06,54.88
1996-07-08,38.87,28.45,53.2
1996-07-09,38.14,28.79,56.83
1996-07-10,36.97,28.55,60.83
1996-07-11,41.65,29.33,50.79
1996-07-12,38.7,28.58,61.94
1996-07-13,37.16,27.75,62.76
1996-07-14,39.13,28.38,60.14
1996-07-15,33.93,27.53,69.15
1996-07-16,34.74,26.21,68.41
1996-07-17,36.41,28.11,63.75
1996-07-18,38.14,27.94,62.48
1996-07-19,39.51,27.97,55.84
1996-07-20,38.16,27.22,59.36
1996-07-21,37.97,27.92,59.56
1996-07-22,36.27,27.54,66.6
1996-07-23,34.56,26.82,72.21
1996-07-24,33.48,27.79,72.35
1996-07-25,32.65,27.69,74.03
1996-07-26,35.96,26.98,71.35
1996-07-27,33.78,27.49,78.08
1996-07-28,35.28,25.67,75.25
1996-07-29,34.0,26.78,72.64
1996-07-30,35.59,26.56,71.0
1996-07-31,36.58,27.7,68.27
1996-08-01,35.22,27.07,70.95
1996-08-02,31.49,27.15,80.74
1996-08-03,31.37,27.24,81.98
1996-08-04,32.04,26.16,84.36
1996-08-05,32.64,26.0,83.49
1996-08-06,31.6,26.04,85.62
1996-08-07,32.64,25.57,80.83
1996-08-08,34.37,25.58,74.59
1996-08-09,34.79,24.7,73.4
1996-08-10,34.11,25.8,75.99
1996-08-11,31.94,25.74,84.41
1996-08-12,30.43,25.87,86.51
1996-08-13,34.55,25.53,79.69
1996-08-14,32.12,25.94,83.47
1996-08-15,31.82,24.87,83.61
1996-08-16,28.82,25.49,91.62
1996-08-17,30.18,25.11,87.37
1996-08-18,31.73,25.83,84.55
1996-08-19,30.67,25.09,86.38
1996-08-20,30.33,24.35,88.8
1996-08-21,28.85,24.54,90.18
1996-08-22,29.87,23.98,89.7
1996-08-23,29.65,23.95,89.08
1996-08-24,31.53,23.63,81.96
1996-08-25,32.28,23.92,76.38
1996-08-26,33.36,24.87,74.73
1996-08-27,30.9,25.86,85.59
1996-08-28,33.18,25.54,80.34
1996-08-29,31.12,25.66,83.87
1996-08-30,31.88,23.86,85.03
1996-08-31,31.6,24.09,85.17
1996-09-01,33.01,24.23,81.26
1996-09-02,32.31,23.95,84.29
1996-09-03,28.99,24.77,91.8
1996-09-04,28.78,23.38,89.17
1996-09-05,30.54,23.69,88.76
1996-09-06,30.76,24.76,87.61
1996-09-07,30.16,24.17,89.64
1996-09-08,30.36,24.74,89.44
1996-09-09,28.58,25.04,93.13
1996-09-10,29.06,24.53,87.71
1996-09-11,31.68,24.16,81.2
1996-09-12,32.7,26.05,79.01
1996-09-13,32.38,25.63,83.4
1996-09-14,33.41,24.27,77.95
1996-09-15,34.38,23.56,79.66
1996-09-16,32.42,24.0,82.39
1996-09-17,32.97,22.68,77.2
1996-09-18,32.6,21.28,72.81
1996-09-19,31.61,21.49,74.02
1996-09-20,31.32,20.3,73.17
1996-09-21,31.33,20.21,74.27
1996-09-22,32.63,21.37,71.06
1996-09-23,32.68,20.14,69.47
1996-09-24,32.75,20.62,63.77
1996-09-25,32.55,20.55,67.13
1996-09-26,34.05,18.57,65.49
1996-09-27,32.24,18.66,64.9
1996-09-28,33.69,20.74,58.9
1996-09-29,32.91,20.62,63.46
1996-09-30,32.66,21.52,68.2
1996-10-01,33.11,20.92,72.04
1996-10-02,31.85,21.8,80.58
1996-10-03,30.61,21.03,82.5
1996-10-04,27.22,19.26,87.68
1996-10-05,27.19,17.9,81.85
1996-10-06,29.0,15.33,68.42
1996-10-07,30.9,15.13,61.99
1996-10-08,30.79,14.52,59.96
1996-10-09,30.36,14.84,58.74
1996-10-10,31.57,15.46,59.25
1996-10-11,31.44,17.47,58.97
1996-10-12,31.41,18.87,63.34
1996-10-13,31.01,19.07,61.96
1996-10-14,31.36,16.41,57.85
1996-10-15,31.09,17.75,53.95
1996-10-16,30.9,16.95,54.74
1996-10-17,31.45,15.26,62.75
1996-10-18,31.43,17.31,63.58
1996-10-19,31.29,17.04,67.34
1996-10-20,32.83,18.2,64.21
1996-10-21,30.59,19.03,72.66
1996-10-22,30.66,19.97,59.87
1996-10-23,28.6,17.34,57.16
1996-10-24,27.21,15.18,50.73
1996-10-25,29.59,14.36,53.48
1996-10-26,29.34,17.63,59.91
1996-10-27,29.96,17.31,59.37
1996-10-28,30.84,16.3,48.77
1996-10-29,31.18,13.88,42.84
1996-10-30,31.21,10.92,36.97
1996-10-31,31.93,11.53,36.48
1996-11-01,32.31,15.25,39.11
1996-11-02,32.68,13.72,40.27
1996-11-03,30.86,12.17,37.63
1996-11-04,30.99,14.61,33.56
1996-11-05,30.6,14.0,34.05
1996-11-06,30.36,12.43,36.52
1996-11-07,30.56,11.47,41.21
1996-11-08,30.13,10.34,31.55
1996-11-09,30.49,11.4,29.63
1996-11-10,29.97,9.39,32.28
1996-11-11,29.7,10.13,33.22
1996-11-12,30.65,11.9,36.53
1996-11-13,30.16,14.7,41.35
1996-11-14,30.08,12.76,37.89
1996-11-15,27.93,10.41,35.07
1996-11-16,27.42,7.45,30.7
1996-11-17,28.01,6.91,25.84
1996-11-18,27.98,12.79,23.8
1996-11-19,27.65,10.57,34.91
1996-11-20,27.33,9.8,46.77
1996-11-21,27.78,12.63,40.6
1996-11-22,26.38,8.54,36.05
1996-11-23,26.08,9.44,36.04
1996-11-24,26.22,7.91,38.25
1996-11-25,27.84,9.55,34.36
1996-11-26,28.87,13.39,28.14
1996-11-27,28.53,13.61,33.29
1996-11-28,27.19,9.87,35.18
1996-11-29,25.22,8.23,32.12
1996-11-30,25.21,8.08,31.25
1996-12-01,24.48,6.85,31.71
1996-12-02,25.39,7.55,31.55
1996-12-03,26.0,11.87,33.69
1996-12-04,27.11,8.81,41.06
1996-12-05,26.3,8.68,40.05
1996-12-06,25.99,8.9,41.64
1996-12-07,24.47,8.11,33.07
1996-12-08,22.46,3.68,25.58
1996-12-09,23.3,3.74,25.69
1996-12-10,23.45,2.39,28.39
1996-12-11,23.16,3.05,25.64
1996-12-12,23.87,3.14,25.63
1996-12-13,24.77,4.28,25.41
1996-12-14,25.52,4.57,28.36
1996-12-15,25.63,4.6,29.0
1996-12-16,25.04,4.86,26.75
1996-12-17,25.25,8.96,27.75
1996-12-18,25.27,5.4,31.36
1996-12-19,24.95,6.35,29.4
1996-12-20,24.91,8.64,29.51
1996-12-21,25.07,8.84,27.88
1996-12-22,24.43,8.36,25.56
1996-12-23,24.43,4.83,31.18
1996-12-24,24.74,5.69,28.58
1996-12-25,25.76,12.59,27.47
1996-12-26,26.15,9.14,35.99
1996-12-27,24.41,7.91,37.68
1996-12-28,24.87,6.99,38.44
1996-12-29,25.01,6.09,33.88
1996-12-30,25.01,6.11,31.12
1996-12-31,25.51,7.93,29.65
1997-01-01,24.64,8.75,32.96
1997-01-02,24.09,6.35,30.92
1997-01-03,23.5,6.11,25.39
1997-01-04,24.36,8.38,25.89
1997-01-05,24.6,10.34,24.97
1997-01-06,24.01,7.19,31.73
1997-01-07,23.25,4.68,31.02
1997-01-08,23.72,5.36,32.38
1997-01-09,23.32,3.8,26.42
1997-01-10,23.0,6.68,25.59
1997-01-11,24.12,5.83,27.21
1997-01-12,23.99,4.84,26.8
1997-01-13,23.38,4.16,25.63
1997-01-14,23.9,5.76,24.64
1997-01-15,24.3,7.86,25.77
1997-01-16,23.17,4.69,24.05
1997-01-17,18.5,4.51,24.96
1997-01-18,22.54,5.71,24.77
1997-01-19,21.26,9.25,41.12
1997-01-20,19.56,6.4,63.6
1997-01-21,20.07,5.69,54.51
1997-01-22,19.49,3.45,48.45
1997-01-23,21.58,4.69,40.92
1997-01-24,21.89,4.55,34.26
1997-01-25,23.76,4.07,33.77
1997-01-26,23.19,5.96,29.94
1997-01-27,24.81,7.87,30.98
1997-01-28,23.71,6.56,46.43
1997-01-29,22.98,5.97,42.64
1997-01-30,25.09,7.41,35.08
1997-01-31,24.63,6.16,35.34
1997-02-01,25.62,6.59,34.34
1997-02-02,23.75,9.18,33.21
1997-02-03,24.92,8.56,49.45
1997-02-04,23.64,7.56,43.61
1997-02-05,23.69,6.71,37.28
1997-02-06,24.44,5.73,28.48
1997-02-07,26.15,4.89,23.45
1997-02-08,27.29,8.41,22.44
1997-02-09,26.84,10.19,29.97
1997-02-10,24.61,5.79,27.77
1997-02-11,24.91,5.18,19.1
1997-02-12,26.26,5.36,23.46
1997-02-13,28.18,8.94,20.4
1997-02-14,28.38,10.29,31.89
1997-02-15,28.02,10.95,29.58
1997-02-16,27.6,10.1,20.76
1997-02-17,26.4,8.02,18.13
1997-02-18,28.87,9.37,18.19
1997-02-19,27.75,10.14,16.12
1997-02-20,27.98,6.48,20.69
1997-02-21,28.51,7.34,14.97
1997-02-22,29.66,8.23,15.9
1997-02-23,31.3,9.49,16.94
1997-02-24,33.46,12.73,18.06
1997-02-25,31.17,14.74,22.55
1997-02-26,33.18,12.16,18.51
1997-02-27,32.31,11.56,11.43
1997-02-28,33.23,10.86,11.33
1997-03-01,35.77,15.43,12.69
1997-03-02,33.42,15.93,19.53
1997-03-03,29.74,10.79,8.5
1997-03-04,29.57,9.95,11.85
1997-03-05,30.95,10.04,12.57
1997-03-06,32.18,15.74,10.21
1997-03-07,30.84,15.76,12.21
1997-03-08,34.55,14.74,15.7
1997-03-09,33.64,15.69,20.63
1997-03-10,34.65,16.17,24.23
1997-03-11,35.62,17.49,24.26
1997-03-12,36.02,16.37,16.92
1997-03-13,34.78,19.86,15.44
1997-03-14,32.72,18.05,27.76
1997-03-15,30.45,15.31,46.23
1997-03-16,29.18,18.0,47.96
1997-03-17,31.12,17.33,38.12
1997-03-18,32.16,17.84,51.41
1997-03-19,32.54,16.89,48.27
1997-03-20,29.78,19.11,37.84
1997-03-21,29.8,14.85,37.02
1997-03-22,31.74,12.68,32.52
1997-03-23,31.76,13.51,22.57
1997-03-24,31.55,11.96,20.89
1997-03-25,32.44,13.9,22.04
1997-03-26,31.6,12.72,25.33
1997-03-27,35.47,13.86,23.99
1997-03-28,32.67,18.45,34.1
1997-03-29,29.25,16.73,48.51
1997-03-30,32.41,15.45,42.54
1997-03-31,30.97,17.56,37.55
1997-04-01,32.03,17.16,34.03
1997-04-02,31.91,19.41,33.26
1997-04-03,28.28,17.95,53.32
1997-04-04,32.18,15.42,46.49
1997-04-05,29.0,14.31,50.97
1997-04-06,32.09,14.94,35.44
1997-04-07,34.08,16.47,36.66
1997-04-08,36.94,19.48,33.83
1997-04-09,36.42,21.26,33.18
1997-04-10,35.85,21.85,30.58
1997-04-11,37.17,19.31,31.25
1997-04-12,38.28,20.85,29.16
1997-04-13,38.71,19.75,27.88
1997-04-14,38.97,20.2,23.75
1997-04-15,38.09,18.82,22.3
1997-04-16,35.19,19.05,19.32
1997-04-17,34.5,15.74,20.37
1997-04-18,36.05,17.17,18.31
1997-04-19,37.83,19.94,17.86
1997-04-20,38.42,19.81,20.84
1997-04-21,38.62,21.84,20.28
1997-04-22,40.27,20.86,19.59
1997-04-23,40.69,21.83,17.48
1997-04-24,42.1,22.07,17.08
1997-04-25,42.75,23.07,14.46
1997-04-26,42.76,25.32,17.6
1997-04-27,40.12,26.53,25.68
1997-04-28,40.55,25.43,24.98
1997-04-29,39.58,24.4,22.59
1997-04-30,39.15,23.88,24.73
1997-05-01,34.5,25.29,34.52
1997-05-02,38.3,23.63,30.73
1997-05-03,38.79,23.63,29.62
1997-05-04,35.88,23.93,35.46
1997-05-05,34.95,23.58,39.2
1997-05-06,36.1,22.92,38.4
1997-05-07,38.97,24.5,32.79
1997-05-08,40.54,24.88,21.55
1997-05-09,38.03,21.75,27.01
1997-05-10,38.24,20.13,19.35
1997-05-11,40.77,19.35,17.71
1997-05-12,41.15,22.42,19.12
1997-05-13,40.28,24.62,20.93
1997-05-14,40.33,25.18,16.74
1997-05-15,40.96,23.33,13.99
1997-05-16,40.02,21.79,13.73
1997-05-17,42.96,21.25,10.61
1997-05-18,43.53,27.41,12.01
1997-05-19,42.74,25.07,11.89
1997-05-20,43.07,22.47,8.95
1997-05-21,43.89,26.17,10.72
1997-05-22,44.51,26.45,11.94
1997-05-23,43.24,27.83,23.87
1997-05-24,43.84,27.64,17.68
1997-05-25,43.62,28.36,16.09
1997-05-26,44.17,26.82,19.33
1997-05-27,44.79,28.32,17.31
1997-05-28,45.35,28.99,17.97
1997-05-29,41.74,27.99,30.6
1997-05-30,40.81,27.07,40.61
1997-05-31,36.77,26.15,45.16
1997-06-01,36.62,24.54,45.59
1997-06-02,36.65,26.39,40.42
1997-06-03,34.19,23.48,54.56
1997-06-04,37.31,25.42,47.07
1997-06-05,36.43,27.0,47.18
1997-06-06,39.05,25.77,43.3
1997-06-07,40.32,27.13,37.15
1997-06-08,40.93,26.61,39.95
1997-06-09,41.21,28.26,36.98
1997-06-10,40.69,28.53,36.5
1997-06-11,41.63,26.68,39.1
1997-06-12,41.48,27.86,38.65
1997-06-13,38.78,26.9,45.82
1997-06-14,40.77,24.91,47.72
1997-06-15,42.7,27.13,37.36
1997-06-16,44.84,28.84,29.45
1997-06-17,43.55,28.98,32.16
1997-06-18,43.11,28.98,38.25
1997-06-19,37.8,29.54,46.33
1997-06-20,39.31,26.91,53.3
1997-06-21,39.45,29.35,47.26
1997-06-22,42.04,29.93,43.59
1997-06-23,40.73,30.72,39.82
1997-06-24,41.84,29.81,43.51
1997-06-25,41.53,29.5,42.83
1997-06-26,42.91,29.95,39.73
1997-06-27,42.81,30.12,38.38
1997-06-28,37.95,29.75,43.86
1997-06-29,39.57,29.13,48.49
1997-06-30,38.69,30.29,50.7
1997-07-01,40.8,29.52,43.57
1997-07-02,43.18,28.95,37.59
1997-07-03,43.78,28.94,34.56
1997-07-04,44.25,29.25,33.15
1997-07-05,43.08,29.7,37.49
1997-07-06,44.28,31.24,38.48
1997-07-07,43.21,31.45,42.94
1997-07-08,41.63,31.34,44.15
1997-07-09,42.15,32.18,44.01
1997-07-10,41.29,30.58,52.17
1997-07-11,37.93,30.59,57.23
1997-07-12,39.63,28.92,53.38
1997-07-13,40.21,29.59,45.61
1997-07-14,41.0,30.25,46.49
1997-07-15,39.08,29.29,53.42
1997-07-16,38.34,29.59,55.0
1997-07-17,38.86,29.37,54.35
1997-07-18,39.27,30.54,51.22
1997-07-19,35.86,30.34,60.42
1997-07-20,37.29,29.05,55.61
1997-07-21,37.7,29.39,58.37
1997-07-22,36.4,30.24,57.85
1997-07-23,38.24,28.68,58.64
1997-07-24,34.79,28.21,68.82
1997-07-25,34.89,26.39,63.83
1997-07-26,38.25,27.44,56.47
1997-07-27,37.92,28.34,56.86
1997-07-28,36.69,29.1,61.92
1997-07-29,36.25,28.47,60.65
1997-07-30,37.1,28.02,61.32
1997-07-31,38.88,28.41,55.25
1997-08-01,38.28,29.27,57.75
1997-08-02,30.16,26.88,81.81
1997-08-03,34.99,25.52,72.86
1997-08-04,35.33,26.23,66.32
1997-08-05,38.21,25.77,54.74
1997-08-06,37.41,25.28,56.43
1997-08-07,35.03,26.41,65.23
1997-08-08,36.98,25.71,61.84
1997-08-09,35.56,27.18,66.3
1997-08-10,37.62,27.46,58.06
1997-08-11,37.61,27.56,55.4
1997-08-12,37.34,25.87,57.83
1997-08-13,36.1,26.71,63.89
1997-08-14,36.05,26.16,61.2
1997-08-15,37.96,27.56,54.41
1997-08-16,37.47,27.75,54.76
1997-08-17,39.04,27.01,54.74
1997-08-18,39.25,27.62,50.78
1997-08-19,35.18,28.78,60.32
1997-08-20,38.77,27.06,58.36
1997-08-21,37.26,28.18,57.28
1997-08-22,36.4,26.38,58.41
1997-08-23,36.59,25.92,59.39
1997-08-24,35.93,25.91,65.47
1997-08-25,31.49,25.57,77.67
1997-08-26,31.99,24.71,79.5
1997-08-27,31.61,25.33,80.33
1997-08-28,33.31,25.63,75.78
1997-08-29,33.39,24.77,71.25
1997-08-30,34.56,25.77,69.93
1997-08-31,36.16,23.46,59.54
1997-09-01,36.16,23.23,58.22
1997-09-02,34.02,25.24,56.95
1997-09-03,34.76,24.24,61.49
1997-09-04,37.58,24.36,56.97
1997-09-05,38.1,24.84,54.59
1997-09-06,37.61,24.85,55.81
1997-09-07,36.48,25.43,57.94
1997-09-08,33.65,26.73,67.62
1997-09-09,35.12,25.88,64.4
1997-09-10,36.34,25.31,62.85
1997-09-11,32.89,25.04,73.99
1997-09-12,32.86,24.98,78.78
1997-09-13,34.48,24.91,71.11
1997-09-14,34.42,24.99,66.58
1997-09-15,37.01,25.72,60.68
1997-09-16,35.63,24.97,60.15
1997-09-17,36.25,24.69,60.2
1997-09-18,36.92,24.08,56.81
1997-09-19,37.19,23.6,54.59
1997-09-20,37.2,23.2,55.82
1997-09-21,37.64,24.45,52.99
1997-09-22,37.15,23.42,50.36
1997-09-23,38.02,24.44,45.03
1997-09-24,38.17,21.95,44.15
1997-09-25,38.53,21.86,38.87
1997-09-26,38.26,20.9,40.23
1997-09-27,38.1,21.4,43.38
1997-09-28,37.37,23.13,45.43
1997-09-29,34.91,22.03,50.5
1997-09-30,33.48,21.66,52.69
1997-10-01,32.97,22.38,49.03
1997-10-02,34.64,22.33,49.18
1997-10-03,33.31,21.64,51.68
1997-10-04,33.86,20.62,54.07
1997-10-05,32.19,21.52,55.83
1997-10-06,31.57,20.16,55.18
1997-10-07,31.99,21.81,50.42
1997-10-08,32.9,20.1,49.21
1997-10-09,34.13,20.26,46.64
1997-10-10,34.98,21.02,41.84
1997-10-11,34.05,21.47,44.62
1997-10-12,34.35,20.47,45.38
1997-10-13,33.56,20.58,43.4
1997-10-14,34.2,19.71,40.16
1997-10-15,33.36,18.69,39.02
1997-10-16,34.54,19.32,36.31
1997-10-17,33.85,20.98,39.86
1997-10-18,33.52,22.42,45.16
1997-10-19,33.07,20.59,53.95
1997-10-20,28.58,19.35,67.87
1997-10-21,29.79,17.66,61.37
1997-10-22,30.77,17.35,52.55
1997-10-23,30.69,17.76,45.67
1997-10-24,30.24,16.72,48.96
1997-10-25,30.41,18.39,45.66
1997-10-26,28.83,16.61,50.11
1997-10-27,30.24,17.47,51.11
1997-10-28,25.88,17.76,62.61
1997-10-29,25.37,17.48,74.11
1997-10-30,28.06,15.89,66.94
1997-10-31,29.54,17.16,53.75
1997-11-01,30.01,16.14,49.34
1997-11-02,30.33,15.51,45.27
1997-11-03,30.09,14.29,40.61
1997-11-04,30.76,15.33,40.0
1997-11-05,30.27,14.02,42.69
1997-11-06,30.51,16.82,37.76
1997-11-07,29.9,16.64,36.69
1997-11-08,30.13,17.81,37.77
1997-11-09,30.68,17.74,42.22
1997-11-10,28.62,16.35,54.36
1997-11-11,28.57,17.35,54.91
1997-11-12,28.84,15.19,47.29
1997-11-13,28.29,12.38,41.49
1997-11-14,28.16,13.05,38.52
1997-11-15,27.89,13.84,34.86
1997-11-16,28.26,13.91,36.33
1997-11-17,27.5,12.77,42.11
1997-11-18,27.55,14.42,41.72
1997-11-19,28.48,12.19,42.52
1997-11-20,27.91,12.63,39.28
1997-11-21,27.14,13.06,38.12
1997-11-22,25.53,13.48,38.37
1997-11-23,26.08,16.2,43.18
1997-11-24,25.89,12.9,47.89
1997-11-25,26.39,14.21,56.04
1997-11-26,25.43,14.02,68.73
1997-11-27,24.57,10.61,59.42
1997-11-28,24.83,9.72,49.86
1997-11-29,24.56,9.12,45.27
1997-11-30,19.9,12.2,62.02
1997-12-01,21.22,8.36,64.62
1997-12-02,23.01,7.7,51.69
1997-12-03,23.46,8.1,44.64
1997-12-04,24.0,9.82,39.42
1997-12-05,24.3,11.29,39.08
1997-12-06,25.98,10.86,43.97
1997-12-07,27.13,13.86,56.92
1997-12-08,24.92,14.36,81.12
1997-12-09,20.06,13.52,86.09
1997-12-10,21.74,9.56,71.16
1997-12-11,20.38,9.13,67.18
1997-12-12,21.18,10.15,68.12
1997-12-13,21.97,8.81,66.2
1997-12-14,20.29,9.28,71.34
1997-12-15,20.82,6.81,67.55
1997-12-16,21.43,9.9,52.0
1997-12-17,22.06,9.26,53.35
1997-12-18,19.41,6.4,59.37
1997-12-19,19.33,6.19,61.78
1997-12-20,20.22,4.94,57.93
1997-12-21,16.25,3.73,61.69
1997-12-22,17.03,4.11,60.54
1997-12-23,19.46,4.14,55.47
1997-12-24,21.16,5.34,54.79
1997-12-25,20.44,4.73,50.13
1997-12-26,19.52,6.06,44.83
1997-12-27,19.9,8.5,42.15
1997-12-28,21.64,8.44,42.66
1997-12-29,22.01,8.98,47.4
1997-12-30,18.72,7.88,75.81
1997-12-31,17.9,4.17,60.66
1998-01-01,18.07,3.0,49.29
1998-01-02,20.25,1.65,42.63
1998-01-03,21.3,2.25,40.77
1998-01-04,18.2,5.99,41.99
1998-01-05,22.02,4.75,42.99
1998-01-06,22.17,6.04,49.53
1998-01-07,22.26,6.96,49.63
1998-01-08,23.98,8.54,48.56
1998-01-09,23.81,8.57,50.81
1998-01-10,24.57,8.88,44.9
1998-01-11,23.97,9.0,42.22
1998-01-12,25.29,10.12,47.53
1998-01-13,23.84,8.07,57.73
1998-01-14,21.94,9.07,55.37
1998-01-15,24.55,7.68,59.26
1998-01-16,20.88,5.21,40.16
1998-01-17,20.59,2.4,38.23
1998-01-18,18.81,2.28,38.19
1998-01-19,20.11,1.34,38.16
1998-01-20,20.58,3.76,33.78
1998-01-21,21.36,2.64,38.99
1998-01-22,20.41,4.85,32.63
1998-01-23,20.57,5.54,27.59
1998-01-24,21.5,4.37,34.27
1998-01-25,22.07,4.81,39.92
1998-01-26,21.71,4.17,36.93
1998-01-27,21.17,7.9,38.87
1998-01-28,24.42,7.32,47.11
1998-01-29,24.01,10.7,57.16
1998-01-30,23.5,9.77,53.73
1998-01-31,21.93,9.44,45.87
1998-02-01,20.4,9.73,56.26
1998-02-02,21.29,12.0,73.54
1998-02-03,24.79,9.48,58.12
1998-02-04,23.94,7.74,44.15
1998-02-05,23.23,5.82,37.71
1998-02-06,23.78,6.37,34.6
1998-02-07,24.32,6.06,33.62
1998-02-08,24.9,5.08,37.89
1998-02-09,25.48,5.38,33.58
1998-02-10,26.55,7.52,41.36
1998-02-11,28.33,10.1,39.87
1998-02-12,28.96,9.64,38.4
1998-02-13,25.14,11.35,34.62
1998-02-14,29.8,10.16,35.85
1998-02-15,26.7,13.89,47.73
1998-02-16,28.76,12.15,49.74
1998-02-17,28.12,9.86,38.21
1998-02-18,26.7,12.76,43.96
1998-02-19,25.79,9.25,40.76
1998-02-20,24.76,5.55,39.14
1998-02-21,25.68,7.77,39.28
1998-02-22,26.0,7.79,33.89
1998-02-23,23.01,10.5,38.09
1998-02-24,18.98,11.24,65.27
1998-02-25,23.11,11.79,64.81
1998-02-26,24.67,8.69,54.37
1998-02-27,22.81,7.09,45.57
1998-02-28,25.74,8.94,41.08
1998-03-01,27.39,8.24,38.67
1998-03-02,26.47,8.81,37.14
1998-03-03,30.24,9.84,33.58
1998-03-04,23.98,13.92,54.97
1998-03-05,26.07,12.75,68.15
1998-03-06,25.46,13.35,61.93
1998-03-07,26.72,8.84,32.76
1998-03-08,27.31,7.57,31.11
1998-03-09,28.79,10.53,27.34
1998-03-10,30.85,10.96,29.13
1998-03-11,31.95,14.21,31.75
1998-03-12,26.69,14.57,61.56
1998-03-13,26.27,13.0,59.69
1998-03-14,27.94,11.14,43.89
1998-03-15,29.53,9.83,37.56
1998-03-16,28.31,11.86,32.65
1998-03-17,29.65,15.2,33.86
1998-03-18,30.49,15.35,37.18
1998-03-19,31.07,13.45,37.06
1998-03-20,30.8,14.77,39.31
1998-03-21,34.21,17.17,42.66
1998-03-22,34.73,17.31,44.22
1998-03-23,34.95,14.81,34.92
1998-03-24,30.86,13.5,21.58
1998-03-25,31.21,9.49,21.31
1998-03-26,33.01,9.87,18.22
1998-03-27,35.53,13.31,17.57
1998-03-28,36.43,15.41,17.35
1998-03-29,33.13,17.71,30.07
1998-03-30,32.83,13.81,40.67
1998-03-31,36.04,17.67,23.91
1998-04-01,37.16,15.72,23.06
1998-04-02,38.11,17.08,21.53
1998-04-03,40.04,18.54,21.05
1998-04-04,35.84,20.97,35.86
1998-04-05,37.54,21.2,32.59
1998-04-06,38.61,20.22,26.71
1998-04-07,38.52,20.56,28.14
1998-04-08,36.74,22.15,27.55
1998-04-09,36.41,20.52,29.62
1998-04-10,37.44,20.03,28.02
1998-04-11,37.44,19.68,23.19
1998-04-12,35.83,18.69,19.9
1998-04-13,36.44,17.92,20.79
1998-04-14,38.44,21.4,15.73
1998-04-15,38.97,21.55,13.95
1998-04-16,39.59,20.22,14.85
1998-04-17,39.5,19.26,13.35
1998-04-18,41.83,21.25,13.87
1998-04-19,42.4,23.89,13.65
1998-04-20,43.04,23.28,17.32
1998-04-21,42.68,26.74,16.51
1998-04-22,42.86,24.42,17.32
1998-04-23,42.51,24.93,18.64
1998-04-24,43.12,25.03,17.4
1998-04-25,42.73,27.29,17.44
1998-04-26,38.15,26.12,30.13
1998-04-27,40.49,23.94,30.34
1998-04-28,42.04,22.23,16.15
1998-04-29,42.85,24.38,16.49
1998-04-30,42.25,26.35,16.71
1998-05-01,43.7,26.28,18.63
1998-05-02,43.19,26.13,19.65
1998-05-03,44.01,27.18,19.21
1998-05-04,42.81,27.82,20.74
1998-05-05,43.61,27.48,17.51
1998-05-06,40.71,27.13,18.89
1998-05-07,37.22,24.96,47.43
1998-05-08,38.09,25.2,44.93
1998-05-09,36.99,24.65,40.84
1998-05-10,37.62,24.67,27.79
1998-05-11,37.95,22.43,29.58
1998-05-12,41.24,23.58,24.17
1998-05-13,43.28,25.04,21.83
1998-05-14,45.11,24.42,19.58
1998-05-15,45.89,25.55,13.5
1998-05-16,44.87,25.5,16.24
1998-05-17,45.86,26.32,17.69
1998-05-18,45.47,28.53,20.62
1998-05-19,43.47,27.24,27.43
1998-05-20,45.79,29.01,17.91
1998-05-21,47.14,27.6,11.02
1998-05-22,48.28,28.85,11.03
1998-05-23,47.66,29.13,10.45
1998-05-24,46.5,29.1,13.49
1998-05-25,47.8,28.02,13.68
1998-05-26,49.0,30.34,11.29
1998-05-27,47.58,27.4,13.72
1998-05-28,47.69,29.49,13.66
1998-05-29,46.56,27.74,9.66
1998-05-30,46.53,25.65,8.13
1998-05-31,47.18,26.2,8.2
1998-06-01,46.44,28.4,12.86
1998-06-02,46.06,29.33,14.01
1998-06-03,44.63,29.17,15.65
1998-06-04,44.62,29.6,21.76
1998-06-05,44.97,31.33,18.36
1998-06-06,45.21,28.58,17.8
1998-06-07,45.38,30.43,20.99
1998-06-08,42.25,30.87,24.78
1998-06-09,42.08,30.52,29.84
1998-06-10,39.15,28.04,39.89
1998-06-11,34.36,26.18,57.76
1998-06-12,40.19,25.35,48.75
1998-06-13,41.33,26.78,32.61
1998-06-14,41.51,25.43,31.38
1998-06-15,42.45,26.04,31.0
1998-06-16,33.95,28.34,60.82
1998-06-17,34.88,26.11,67.51
1998-06-18,39.04,26.77,52.1
1998-06-19,44.01,29.4,38.42
1998-06-20,42.32,26.75,30.26
1998-06-21,43.45,26.57,30.37
1998-06-22,43.9,28.01,32.78
1998-06-23,43.8,30.48,33.25
1998-06-24,43.87,29.64,34.45
1998-06-25,44.43,31.76,30.72
1998-06-26,45.17,30.85,31.29
1998-06-27,42.96,31.75,38.13
1998-06-28,41.37,30.75,44.9
1998-06-29,34.08,28.94,64.42
1998-06-30,32.79,27.03,77.43
1998-07-01,37.23,26.57,65.45
1998-07-02,40.24,29.52,57.57
1998-07-03,35.89,29.13,70.23
1998-07-04,36.03,28.29,69.84
1998-07-05,34.25,28.58,73.68
1998-07-06,35.88,27.5,71.66
1998-07-07,36.51,27.3,72.16
1998-07-08,36.76,28.05,69.86
1998-07-09,35.04,28.39,72.18
1998-07-10,34.69,28.34,74.64
1998-07-11,36.28,27.9,69.61
1998-07-12,34.39,27.57,72.89
1998-07-13,32.58,25.68,77.46
1998-07-14,34.88,25.8,74.75
1998-07-15,34.75,26.69,74.68
1998-07-16,32.29,27.11,82.53
1998-07-17,29.85,26.48,85.43
1998-07-18,35.24,26.15,75.67
1998-07-19,35.78,26.29,73.03
1998-07-20,36.62,27.7,68.01
1998-07-21,34.07,26.57,68.87
1998-07-22,38.92,26.75,60.39
1998-07-23,38.52,27.02,59.02
1998-07-24,38.85,26.2,58.84
1998-07-25,38.91,26.71,57.84
1998-07-26,39.62,27.11,54.49
1998-07-27,40.57,27.5,51.09
1998-07-28,40.41,28.44,52.38
1998-07-29,36.77,27.24,65.62
1998-07-30,37.09,27.29,66.04
1998-07-31,38.18,27.48,62.9
1998-08-01,37.29,27.76,64.54
1998-08-02,37.18,28.45,63.58
1998-08-03,38.14,28.66,60.73
1998-08-04,31.54,28.85,75.32
1998-08-05,36.3,27.38,64.32
1998-08-06,37.53,28.04,59.32
1998-08-07,37.64,27.92,61.44
1998-08-08,36.71,27.78,62.5
1998-08-09,35.21,28.04,67.3
1998-08-10,34.45,27.77,69.77
1998-08-11,36.4,27.43,68.79
1998-08-12,33.56,27.92,76.05
1998-08-13,36.79,26.97,67.5
1998-08-14,31.32,26.57,85.0
1998-08-15,30.98,25.49,87.03
1998-08-16,31.6,24.87,87.43
1998-08-17,33.45,26.05,81.44
1998-08-18,36.13,25.56,72.66
1998-08-19,34.12,25.9,78.01
1998-08-20,34.9,25.76,77.9
1998-08-21,34.1,25.8,79.54
1998-08-22,31.61,25.31,86.17
1998-08-23,32.09,25.83,85.17
1998-08-24,32.02,25.67,88.9
1998-08-25,31.24,25.87,88.32
1998-08-26,31.42,24.49,85.69
1998-08-27,31.85,26.13,88.02
1998-08-28,32.15,25.53,83.98
1998-08-29,33.21,25.38,79.75
1998-08-30,34.0,25.31,77.23
1998-08-31,35.96,25.16,70.7
1998-09-01,35.6,24.0,67.53
1998-09-02,35.63,23.97,65.68
1998-09-03,35.57,24.95,66.28
1998-09-04,34.05,24.17,73.7
1998-09-05,35.45,24.5,71.39
1998-09-06,36.83,25.24,66.14
1998-09-07,34.26,25.09,72.35
1998-09-08,36.5,23.61,66.3
1998-09-09,35.83,23.94,66.04
1998-09-10,36.01,24.23,63.1
1998-09-11,35.05,24.64,68.86
1998-09-12,32.09,24.14,72.37
1998-09-13,33.44,24.01,73.47
1998-09-14,31.52,24.11,80.03
1998-09-15,30.32,22.83,82.47
1998-09-16,32.4,23.38,77.63
1998-09-17,33.92,24.51,74.92
1998-09-18,35.09,25.14,72.71
1998-09-19,31.88,26.17,79.22
1998-09-20,32.16,25.13,84.81
1998-09-21,30.74,25.01,89.43
1998-09-22,29.42,24.9,89.55
1998-09-23,29.42,24.49,90.85
1998-09-24,29.47,24.97,91.84
1998-09-25,31.11,25.05,85.48
1998-09-26,31.11,24.2,80.58
1998-09-27,32.98,25.15,78.56
1998-09-28,33.35,24.3,74.85
1998-09-29,33.13,22.33,71.37
1998-09-30,33.59,21.61,73.69
1998-10-01,32.52,22.58,79.97
1998-10-02,32.0,23.04,79.02
1998-10-03,31.9,22.67,80.91
1998-10-04,31.75,23.08,79.77
1998-10-05,30.91,21.82,79.27
1998-10-06,32.06,22.27,73.91
1998-10-07,32.13,22.56,68.8
1998-10-08,31.95,22.9,67.83
1998-10-09,32.34,22.97,68.32
1998-10-10,32.93,20.82,65.44
1998-10-11,31.7,19.3,57.56
1998-10-12,31.75,19.11,58.27
1998-10-13,31.56,20.57,62.74
1998-10-14,31.29,18.46,66.06
1998-10-15,29.84,19.49,68.28
1998-10-16,25.62,19.03,87.23
1998-10-17,29.1,22.99,88.66
1998-10-18,27.98,19.8,85.41
1998-10-19,28.29,19.63,85.1
1998-10-20,27.61,19.34,75.47
1998-10-21,30.62,15.27,64.62
1998-10-22,30.2,13.94,59.65
1998-10-23,29.11,17.6,66.7
1998-10-24,30.18,18.59,66.32
1998-10-25,30.81,14.91,62.42
1998-10-26,30.3,15.61,56.5
1998-10-27,30.87,15.02,53.15
1998-10-28,30.0,13.12,49.97
1998-10-29,30.26,12.79,49.22
1998-10-30,28.75,15.59,52.11
1998-10-31,28.7,15.36,53.1
1998-11-01,29.16,16.16,50.98
1998-11-02,30.08,16.01,45.06
1998-11-03,29.16,13.63,44.53
1998-11-04,30.79,14.18,42.16
1998-11-05,28.64,16.85,55.62
1998-11-06,23.67,17.59,71.75
1998-11-07,27.91,16.56,75.45
1998-11-08,26.52,16.76,78.38
1998-11-09,26.12,17.26,79.44
1998-11-10,28.36,14.88,65.05
1998-11-11,28.39,11.02,55.0
1998-11-12,27.83,12.4,50.54
1998-11-13,27.46,13.86,40.88
1998-11-14,28.17,13.74,35.52
1998-11-15,27.44,13.51,46.87
1998-11-16,28.04,13.68,50.22
1998-11-17,28.54,14.28,47.66
1998-11-18,29.38,14.92,56.87
1998-11-19,29.13,16.12,52.8
1998-11-20,28.46,14.02,45.19
1998-11-21,28.04,9.7,40.81
1998-11-22,26.74,9.85,36.09
1998-11-23,27.28,10.63,35.54
1998-11-24,28.27,11.4,44.64
1998-11-25,28.13,9.04,42.91
1998-11-26,28.57,9.36,44.0
1998-11-27,26.91,8.78,40.24
1998-11-28,28.04,8.37,40.62
1998-11-29,28.43,8.38,38.68
1998-11-30,28.04,8.07,34.86
1998-12-01,26.08,7.41,35.64
1998-12-02,26.51,7.17,40.23
1998-12-03,26.92,7.56,40.23
1998-12-04,27.48,8.36,41.91
1998-12-05,29.03,8.96,42.72
1998-12-06,28.36,9.13,42.28
1998-12-07,26.62,8.84,42.92
1998-12-08,27.34,9.34,36.73
1998-12-09,26.41,7.35,34.39
1998-12-10,25.96,10.26,31.77
1998-12-11,24.74,9.23,38.23
1998-12-12,24.59,10.11,39.95
1998-12-13,23.91,8.34,34.63
1998-12-14,24.43,9.53,35.92
1998-12-15,24.62,9.07,34.13
1998-12-16,25.1,9.99,35.59
1998-12-17,24.41,7.69,35.12
1998-12-18,23.4,7.64,33.94
1998-12-19,23.02,8.37,34.62
1998-12-20,21.96,6.69,42.62
1998-12-21,23.76,7.06,42.94
1998-12-22,23.72,10.22,38.97
1998-12-23,22.48,9.11,38.5
1998-12-24,23.52,7.61,38.97
1998-12-25,23.94,5.29,42.13
1998-12-26,22.85,5.29,38.93
1998-12-27,24.0,4.79,39.41
1998-12-28,24.35,6.82,39.1
1998-12-29,24.99,8.35,36.34
1998-12-30,24.48,9.42,42.55
1998-12-31,24.36,7.82,48.48
1999-01-01,22.97,7.25,44.07
1999-01-02,22.65,4.35,35.37
1999-01-03,22.69,8.47,36.65
1999-01-04,22.96,5.65,40.59
1999-01-05,23.41,5.97,46.68
1999-01-06,22.14,7.33,62.99
1999-01-07,16.88,9.03,78.2
1999-01-08,18.44,7.19,75.99
1999-01-09,20.08,4.97,70.8
1999-01-10,19.18,4.09,61.46
1999-01-11,20.35,4.06,47.42
1999-01-12,20.4,6.06,44.34
1999-01-13,21.24,7.06,46.5
1999-01-14,22.32,4.18,49.78
1999-01-15,22.35,4.39,46.22
1999-01-16,22.47,5.75,44.58
1999-01-17,22.9,5.18,45.77
1999-01-18,22.88,5.58,43.54
1999-01-19,24.37,6.62,38.87
1999-01-20,24.6,10.36,41.08
1999-01-21,25.55,9.67,43.74
1999-01-22,26.19,11.55,40.38
1999-01-23,25.32,10.27,41.77
1999-01-24,25.86,11.6,45.52
1999-01-25,23.72,10.27,52.92
1999-01-26,21.37,6.9,54.99
1999-01-27,24.82,6.39,46.31
1999-01-28,18.6,9.56,67.11
1999-01-29,20.27,6.26,68.09
1999-01-30,20.95,5.29,59.21
1999-01-31,20.88,6.3,48.57
1999-02-01,21.75,6.23,39.78
1999-02-02,24.06,5.4,41.86
1999-02-03,24.14,5.49,37.55
1999-02-04,22.73,4.03,39.46
1999-02-05,21.99,4.14,37.01
1999-02-06,25.27,6.48,34.31
1999-02-07,26.18,7.58,36.84
1999-02-08,22.14,10.02,44.98
1999-02-09,26.9,8.18,48.1
1999-02-10,28.36,11.91,43.42
1999-02-11,28.7,15.29,39.22
1999-02-12,27.96,14.96,45.8
1999-02-13,29.14,13.37,46.42
1999-02-14,29.83,11.01,42.15
1999-02-15,29.18,10.55,38.75
1999-02-16,30.37,14.21,35.69
1999-02-17,30.72,11.79,44.28
1999-02-18,30.37,13.48,45.77
1999-02-19,29.18,12.33,44.54
1999-02-20,29.53,11.74,39.36
1999-02-21,29.33,10.54,38.5
1999-02-22,31.0,10.85,34.99
1999-02-23,23.3,11.85,53.45
1999-02-24,29.88,13.12,52.45
1999-02-25,29.25,13.61,42.48
1999-02-26,26.17,11.41,35.02
1999-02-27,28.59,8.25,29.18
1999-02-28,29.58,8.43,28.36
1999-03-01,29.41,8.74,28.33
1999-03-02,31.79,11.51,33.75
1999-03-03,32.36,13.02,38.96
1999-03-04,34.4,16.29,33.97
1999-03-05,33.91,16.62,35.37
1999-03-06,35.07,17.97,34.11
1999-03-07,36.22,16.2,34.58
1999-03-08,36.11,18.26,33.21
1999-03-09,30.82,13.44,26.2
1999-03-10,31.08,13.41,31.31
1999-03-11,32.02,12.81,27.43
1999-03-12,30.77,11.58,23.75
1999-03-13,30.52,11.92,20.96
1999-03-14,33.18,9.68,13.72
1999-03-15,34.56,10.32,15.37
1999-03-16,34.48,11.43,13.17
1999-03-17,35.97,12.61,17.2
1999-03-18,34.73,15.38,20.34
1999-03-19,33.72,13.33,12.83
1999-03-20,33.97,13.29,15.59
1999-03-21,31.69,11.85,17.93
1999-03-22,33.56,12.24,16.42
1999-03-23,35.56,13.72,14.41
1999-03-24,37.49,17.8,14.35
1999-03-25,37.34,18.36,15.43
1999-03-26,36.08,17.77,16.03
1999-03-27,37.19,15.89,9.33
1999-03-28,39.39,17.94,9.1
1999-03-29,40.57,17.73,11.08
1999-03-30,42.71,21.87,9.27
1999-03-31,41.67,17.96,11.05
1999-04-01,41.62,20.48,11.14
1999-04-02,41.18,21.35,12.05
1999-04-03,39.92,18.35,5.79
1999-04-04,37.29,16.63,4.72
1999-04-05,39.08,14.6,6.72
1999-04-06,41.78,19.0,9.49
1999-04-07,42.5,20.48,11.37
1999-04-08,42.77,22.3,15.06
1999-04-09,42.14,21.27,12.12
1999-04-10,43.68,23.41,11.37
1999-04-11,44.05,23.81,10.6
1999-04-12,42.68,21.91,11.36
1999-04-13,40.39,20.65,6.62
1999-04-14,38.63,18.37,5.2
1999-04-15,38.09,16.19,6.23
1999-04-16,38.98,16.92,6.83
1999-04-17,41.15,18.27,10.75
1999-04-18,41.69,21.94,13.57
1999-04-19,43.17,22.23,9.83
1999-04-20,43.29,20.46,8.27
1999-04-21,43.35,25.04,11.33
1999-04-22,41.75,22.26,13.09
1999-04-23,42.73,23.9,13.41
1999-04-24,44.26,21.68,7.63
1999-04-25,44.09,22.29,8.61
1999-04-26,44.49,22.92,6.43
1999-04-27,43.97,22.09,5.32
1999-04-28,44.9,21.94,5.92
1999-04-29,45.69,23.77,7.21
1999-04-30,47.21,25.02,9.94
1999-05-01,47.05,26.28,10.95
1999-05-02,46.1,28.62,7.34
1999-05-03,45.28,24.73,7.68
1999-05-04,45.51,27.8,8.54
1999-05-05,45.19,28.44,13.98
1999-05-06,45.72,27.42,13.69
1999-05-07,44.49,26.3,13.97
1999-05-08,44.36,27.87,15.81
1999-05-09,43.29,27.27,15.98
1999-05-10,44.25,27.14,15.09
1999-05-11,42.51,27.84,16.85
1999-05-12,43.57,27.08,20.52
1999-05-13,40.38,27.08,28.31
1999-05-14,40.23,26.28,27.57
1999-05-15,42.84,25.81,20.93
1999-05-16,44.14,28.0,15.87
1999-05-17,45.73,27.51,16.36
1999-05-18,45.37,30.22,13.09
1999-05-19,45.37,27.58,14.64
1999-05-20,43.76,30.61,23.32
1999-05-21,42.51,31.0,25.36
1999-05-22,43.89,31.36,24.45
1999-05-23,39.0,30.16,41.47
1999-05-24,39.14,27.44,44.46
1999-05-25,42.33,26.99,28.84
1999-05-26,43.68,26.53,17.04
1999-05-27,44.62,25.21,11.59
1999-05-28,44.93,23.83,9.17
1999-05-29,44.23,27.98,17.62
1999-05-30,42.53,28.39,21.44
1999-05-31,42.21,27.97,23.89
1999-06-01,40.04,26.3,26.98
1999-06-02,41.64,29.05,25.83
1999-06-03,37.57,23.79,39.27
1999-06-04,40.86,25.63,30.18
1999-06-05,41.2,26.48,29.44
1999-06-06,42.74,26.7,24.34
1999-06-07,43.73,28.22,26.49
1999-06-08,45.25,30.24,23.16
1999-06-09,46.32,31.01,20.41
1999-06-10,45.82,30.91,21.28
1999-06-11,41.64,30.54,27.11
1999-06-12,40.39,28.35,39.75
1999-06-13,43.33,28.58,26.94
1999-06-14,43.67,26.86,25.16
1999-06-15,44.56,27.28,28.06
1999-06-16,44.75,29.19,23.28
1999-06-17,42.01,29.57,33.7
1999-06-18,43.49,31.39,36.07
1999-06-19,43.47,32.41,35.44
1999-06-20,41.83,31.56,38.89
1999-06-21,41.66,32.5,37.89
1999-06-22,43.08,30.41,37.36
1999-06-23,43.71,31.6,32.28
1999-06-24,44.61,33.25,28.43
1999-06-25,43.41,32.83,29.81
1999-06-26,44.46,33.0,29.25
1999-06-27,45.06,32.21,29.62
1999-06-28,39.71,29.32,50.1
1999-06-29,41.57,30.75,41.13
1999-06-30,42.61,31.91,38.65
1999-07-01,42.33,31.64,37.45
1999-07-02,42.81,31.68,36.73
1999-07-03,42.75,30.83,36.0
1999-07-04,39.54,30.86,42.97
1999-07-05,40.25,28.92,50.16
1999-07-06,42.15,31.01,40.21
1999-07-07,43.5,31.58,36.46
1999-07-08,42.35,30.73,38.44
1999-07-09,44.3,30.41,35.74
1999-07-10,45.13,31.87,31.81
1999-07-11,44.64,33.06,36.01
1999-07-12,40.25,29.32,48.67
1999-07-13,42.37,29.49,39.81
1999-07-14,43.58,30.69,34.74
1999-07-15,41.9,29.74,34.79
1999-07-16,41.62,29.93,40.02
1999-07-17,41.0,30.57,42.89
1999-07-18,36.8,29.47,58.97
1999-07-19,32.02,27.32,73.28
1999-07-20,35.24,27.25,68.91
1999-07-21,36.01,27.66,69.47
1999-07-22,38.58,27.11,59.6
1999-07-23,37.3,28.07,62.81
1999-07-24,37.21,28.0,64.09
1999-07-25,38.12,28.0,57.94
1999-07-26,41.03,28.85,50.3
1999-07-27,40.0,27.74,58.72
1999-07-28,36.32,26.49,71.2
1999-07-29,36.66,25.84,67.99
1999-07-30,32.02,26.59,76.12
1999-07-31,35.3,26.15,69.86
1999-08-01,37.53,25.55,63.54
1999-08-02,38.1,27.74,59.48
1999-08-03,33.67,28.24,65.45
1999-08-04,39.07,27.55,56.42
1999-08-05,35.77,28.33,62.35
1999-08-06,31.71,26.72,78.22
1999-08-07,35.77,26.42,65.69
1999-08-08,37.88,28.78,59.49
1999-08-09,35.25,27.79,68.36
1999-08-10,36.56,27.27,65.6
1999-08-11,33.37,27.4,73.23
1999-08-12,36.2,27.01,65.97
1999-08-13,36.82,27.39,60.58
1999-08-14,38.58,27.3,54.04
1999-08-15,39.51,27.55,49.5
1999-08-16,39.42,27.25,50.7
1999-08-17,38.56,25.76,57.99
1999-08-18,36.94,26.03,62.0
1999-08-19,32.58,26.2,73.47
1999-08-20,37.64,25.05,63.26
1999-08-21,39.57,26.64,53.54
1999-08-22,40.57,26.16,44.11
1999-08-23,40.1,26.66,45.48
1999-08-24,40.28,27.69,43.26
1999-08-25,39.03,28.18,43.62
1999-08-26,38.81,27.8,47.69
1999-08-27,39.76,26.58,49.86
1999-08-28,40.55,27.31,42.67
1999-08-29,40.38,27.86,43.19
1999-08-30,39.16,27.6,43.92
1999-08-31,40.66,28.48,40.67
1999-09-01,40.6,27.79,46.73
1999-09-02,38.08,27.49,54.43
1999-09-03,39.8,26.61,55.68
1999-09-04,36.89,26.75,55.99
1999-09-05,32.14,25.97,73.81
1999-09-06,29.44,24.97,84.13
1999-09-07,32.85,24.79,77.96
1999-09-08,33.59,25.6,72.04
1999-09-09,31.59,25.28,81.02
1999-09-10,32.62,24.01,78.05
1999-09-11,33.22,24.37,75.09
1999-09-12,34.29,24.08,67.41
1999-09-13,34.12,25.21,68.64
1999-09-14,35.53,25.24,63.32
1999-09-15,35.94,25.05,59.99
1999-09-16,38.17,25.57,58.28
1999-09-17,37.34,26.29,59.68
1999-09-18,38.52,24.61,55.19
1999-09-19,37.39,24.6,62.54
1999-09-20,38.74,26.23,56.58
1999-09-21,39.84,27.03,46.42
1999-09-22,39.67,25.69,43.75
1999-09-23,35.29,25.98,62.72
1999-09-24,35.86,24.79,64.5
1999-09-25,37.63,24.98,54.43
1999-09-26,38.68,25.34,48.31
1999-09-27,37.12,23.37,57.0
1999-09-28,35.12,23.23,65.43
1999-09-29,35.05,24.53,63.93
1999-09-30,34.18,24.85,66.2
1999-10-01,34.36,25.3,62.27
1999-10-02,31.33,23.88,68.66
1999-10-03,33.27,22.05,69.31
1999-10-04,31.32,23.2,71.48
1999-10-05,33.52,22.84,65.53
1999-10-06,33.92,22.96,65.02
1999-10-07,35.43,22.93,53.12
1999-10-08,37.63,20.15,36.05
1999-10-09,37.3,18.21,32.35
1999-10-10,37.59,17.04,30.18
1999-10-11,37.22,18.11,29.81
1999-10-12,36.17,20.5,30.88
1999-10-13,35.58,17.73,36.54
1999-10-14,34.67,19.02,26.34
1999-10-15,34.37,17.53,29.26
1999-10-16,33.81,18.74,31.43
1999-10-17,34.5,20.22,33.31
1999-10-18,34.09,16.8,39.19
1999-10-19,34.34,18.86,39.98
1999-10-20,34.91,19.02,31.94
1999-10-21,34.24,15.78,41.62
1999-10-22,34.86,16.16,43.2
1999-10-23,34.39,16.51,41.74
1999-10-24,33.87,17.63,29.2
1999-10-25,33.96,18.54,24.6
1999-10-26,35.32,18.87,24.26
1999-10-27,34.65,15.21,27.54
1999-10-28,35.72,18.84,27.87
1999-10-29,35.67,18.21,26.68
1999-10-30,34.53,16.91,30.6
1999-10-31,34.85,16.13,30.84
1999-11-01,34.32,15.47,34.31
1999-11-02,33.93,20.38,26.27
1999-11-03,33.43,18.62,23.76
1999-11-04,34.01,17.48,26.24
1999-11-05,33.53,15.34,34.97
1999-11-06,34.82,17.04,30.54
1999-11-07,33.43,16.87,30.56
1999-11-08,32.35,14.81,20.75
1999-11-09,31.35,12.42,21.77
1999-11-10,31.0,11.81,19.01
1999-11-11,31.64,14.39,20.17
1999-11-12,31.99,15.96,21.79
1999-11-13,31.35,12.17,20.8
1999-11-14,33.03,14.52,25.85
1999-11-15,32.75,14.3,26.62
1999-11-16,33.05,14.83,20.24
1999-11-17,31.31,11.92,17.56
1999-11-18,29.84,12.01,15.91
1999-11-19,29.86,13.69,14.31
1999-11-20,29.66,15.04,16.99
1999-11-21,29.19,12.39,16.6
1999-11-22,30.0,11.51,17.26
1999-11-23,31.0,12.58,16.43
1999-11-24,25.54,12.02,23.73
1999-11-25,28.71,12.66,23.66
1999-11-26,28.45,12.61,25.66
1999-11-27,28.4,10.16,20.76
1999-11-28,30.46,9.82,16.47
1999-11-29,30.29,10.22,19.66
1999-11-30,28.95,14.08,19.94
1999-12-01,28.83,13.03,20.25
1999-12-02,29.47,11.1,18.55
1999-12-03,28.82,9.33,20.14
1999-12-04,27.01,13.4,19.05
1999-12-05,27.13,11.85,17.64
1999-12-06,26.4,11.47,17.94
1999-12-07,25.74,7.51,28.44
1999-12-08,24.47,10.17,29.71
1999-12-09,24.34,9.95,42.87
1999-12-10,25.05,6.8,20.82
1999-12-11,26.09,7.27,18.52
1999-12-12,26.1,7.37,18.62
1999-12-13,26.7,8.1,19.33
1999-12-14,26.52,7.72,18.81
1999-12-15,26.64,7.72,17.19
1999-12-16,26.4,7.23,21.03
1999-12-17,26.87,8.38,22.3
1999-12-18,27.35,11.38,20.46
1999-12-19,26.65,9.77,23.33
1999-12-20,26.13,8.66,24.1
1999-12-21,25.71,7.28,21.05
1999-12-22,25.11,10.71,16.78
1999-12-23,24.13,12.33,15.48
1999-12-24,24.76,10.63,13.76
1999-12-25,26.31,9.36,12.51
1999-12-26,24.78,9.29,12.71
1999-12-27,24.16,8.53,16.2
1999-12-28,24.38,6.74,17.72
1999-12-29,23.81,10.7,15.84
1999-12-30,24.73,8.07,17.32
1999-12-31,24.97,9.11,17.56
2000-01-01,25.15,7.81,18.59
2000-01-02,24.89,11.41,16.48
2000-01-03,24.68,8.79,18.64
2000-01-04,24.5,6.95,19.74
2000-01-05,24.59,7.5,19.97
2000-01-06,24.59,6.37,21.28
2000-01-07,24.67,6.05,17.69
2000-01-08,25.86,10.99,14.91
2000-01-09,24.91,10.18,25.58
2000-01-10,24.16,10.0,46.53
2000-01-11,25.9,12.1,33.68
2000-01-12,26.24,9.87,41.75
2000-01-13,22.67,10.85,61.29
2000-01-14,21.54,5.41,34.89
2000-01-15,20.22,2.23,31.86
2000-01-16,19.14,2.99,38.72
2000-01-17,19.74,2.28,35.55
2000-01-18,26.04,4.86,28.34
2000-01-19,25.63,7.56,33.4
2000-01-20,24.62,7.88,32.35
2000-01-21,25.8,11.16,35.01
2000-01-22,26.09,7.96,35.71
2000-01-23,24.42,9.6,46.01
2000-01-24,25.12,7.55,42.2
2000-01-25,26.56,8.62,38.41
2000-01-26,24.61,10.51,40.89
2000-01-27,23.29,8.0,47.1
2000-01-28,22.9,7.17,46.78
2000-01-29,24.53,5.93,36.42
2000-01-30,26.17,6.25,28.8
2000-01-31,26.31,6.79,29.39
2000-02-01,25.25,6.48,28.79
2000-02-02,24.03,6.13,35.15
2000-02-03,25.29,8.16,39.11
2000-02-04,26.06,8.42,33.32
2000-02-05,17.67,9.4,70.97
2000-02-06,21.35,7.55,62.08
2000-02-07,22.77,7.56,53.23
2000-02-08,23.1,6.66,50.58
2000-02-09,23.09,6.5,46.05
2000-02-10,24.91,11.39,37.75
2000-02-11,20.62,10.11,66.4
2000-02-12,21.64,6.49,53.77
2000-02-13,19.99,4.77,46.02
2000-02-14,22.13,4.32,47.78
2000-02-15,24.15,7.35,39.72
2000-02-16,25.05,7.9,33.24
2000-02-17,25.3,7.63,30.0
2000-02-18,23.45,6.62,33.73
2000-02-19,24.45,6.54,32.92
2000-02-20,26.72,6.88,30.82
2000-02-21,25.64,9.54,34.72
2000-02-22,26.94,7.78,34.2
2000-02-23,25.96,6.39,30.83
2000-02-24,24.35,5.22,33.78
2000-02-25,25.15,5.42,31.43
2000-02-26,25.99,7.44,28.59
2000-02-27,28.4,7.06,27.23
2000-02-28,31.13,9.45,26.59
2000-02-29,33.01,11.59,30.3
2000-03-01,31.36,14.38,36.46
2000-03-02,30.17,15.77,34.9
2000-03-03,31.1,12.36,29.22
2000-03-04,31.82,12.29,29.27
2000-03-05,27.47,11.29,28.71
2000-03-06,28.41,7.94,27.8
2000-03-07,29.98,8.79,23.84
2000-03-08,28.47,10.08,20.99
2000-03-09,29.04,9.44,20.8
2000-03-10,31.88,9.35,16.22
2000-03-11,32.97,12.02,20.1
2000-03-12,33.33,13.78,16.88
2000-03-13,30.98,12.48,26.85
2000-03-14,28.64,12.54,34.01
2000-03-15,30.33,9.15,25.03
2000-03-16,32.25,10.65,23.7
2000-03-17,33.76,16.07,22.53
2000-03-18,31.7,11.93,18.72
2000-03-19,31.23,9.44,17.08
2000-03-20,31.43,10.19,16.75
2000-03-21,34.51,13.23,15.84
2000-03-22,32.95,15.24,26.84
2000-03-23,28.99,12.8,31.32
2000-03-24,29.65,12.18,36.7
2000-03-25,31.8,11.83,24.45
2000-03-26,34.62,12.65,17.72
2000-03-27,35.94,13.88,15.02
2000-03-28,37.71,16.02,12.46
2000-03-29,38.53,18.73,11.18
2000-03-30,39.95,21.41,14.73
2000-03-31,41.33,20.63,15.05
2000-04-01,39.26,20.61,13.69
2000-04-02,36.74,19.25,12.1
2000-04-03,38.71,16.85,11.31
2000-04-04,40.12,17.84,9.51
2000-04-05,39.31,18.24,7.2
2000-04-06,37.83,15.7,5.55
2000-04-07,39.73,16.28,6.93
2000-04-08,41.03,21.62,7.77
2000-04-09,38.7,20.9,12.59
2000-04-10,39.55,19.64,8.59
2000-04-11,41.55,20.08,5.65
2000-04-12,42.8,23.54,5.76
2000-04-13,42.99,23.74,6.76
2000-04-14,43.2,24.62,8.56
2000-04-15,39.04,21.59,22.87
2000-04-16,40.3,20.99,21.63
2000-04-17,43.13,24.03,13.85
2000-04-18,44.58,22.48,13.4
2000-04-19,45.1,24.3,14.02
2000-04-20,45.3,25.57,13.33
2000-04-21,42.35,26.1,14.48
2000-04-22,42.25,24.6,14.07
2000-04-23,42.05,25.96,14.01
2000-04-24,42.32,25.99,17.06
2000-04-25,45.07,25.11,13.04
2000-04-26,44.66,26.19,12.31
2000-04-27,42.8,24.65,13.11
2000-04-28,43.43,23.4,15.39
2000-04-29,42.96,25.06,10.14
2000-04-30,43.66,25.99,9.19
2000-05-01,44.33,23.57,7.77
2000-05-02,45.15,23.77,6.92
2000-05-03,45.82,24.33,8.08
2000-05-04,44.14,25.75,11.6
2000-05-05,42.75,26.34,21.98
2000-05-06,43.36,27.28,31.98
2000-05-07,36.19,24.54,41.9
2000-05-08,39.12,25.22,37.04
2000-05-09,42.12,26.45,29.08
2000-05-10,43.39,28.0,23.18
2000-05-11,44.23,28.93,23.61
2000-05-12,44.07,30.33,26.0
2000-05-13,42.62,29.45,37.7
2000-05-14,42.52,28.7,39.15
2000-05-15,44.0,31.67,27.71
2000-05-16,43.76,31.37,24.0
2000-05-17,44.29,30.97,24.64
2000-05-18,45.14,31.14,23.78
2000-05-19,46.5,31.79,21.75
2000-05-20,43.57,31.59,25.85
2000-05-21,43.04,28.28,33.27
2000-05-22,43.9,27.06,40.28
2000-05-23,44.24,29.35,32.85
2000-05-24,44.61,29.72,25.63
2000-05-25,44.96,30.82,21.42
2000-05-26,46.07,31.08,21.4
2000-05-27,45.9,31.76,20.9
2000-05-28,44.99,31.15,19.83
2000-05-29,46.14,31.61,17.54
2000-05-30,44.92,30.55,19.28
2000-05-31,43.82,30.76,23.74
2000-06-01,41.32,30.93,34.0
2000-06-02,43.43,31.06,34.07
2000-06-03,42.12,29.17,32.16
2000-06-04,42.5,30.64,32.59
2000-06-05,42.11,28.9,34.07
2000-06-06,41.65,28.95,37.42
2000-06-07,31.04,25.18,71.23
2000-06-08,33.0,24.47,76.8
2000-06-09,37.49,26.57,60.39
2000-06-10,38.27,26.58,54.45
2000-06-11,41.13,28.44,40.16
2000-06-12,42.05,26.74,38.71
2000-06-13,42.98,29.73,36.27
2000-06-14,42.6,28.87,37.98
2000-06-15,43.62,28.34,34.63
2000-06-16,42.94,29.28,38.81
2000-06-17,42.45,27.97,43.51
2000-06-18,43.12,28.05,34.74
2000-06-19,41.66,27.91,44.2
2000-06-20,39.8,30.37,45.68
2000-06-21,41.79,30.31,44.88
2000-06-22,43.91,28.42,39.09
2000-06-23,37.83,28.68,52.0
2000-06-24,39.33,28.76,44.46
2000-06-25,40.89,28.35,40.35
2000-06-26,41.37,28.2,38.98
2000-06-27,41.64,29.14,37.41
2000-06-28,42.5,29.78,38.9
2000-06-29,36.96,28.81,58.58
2000-06-30,33.59,27.39,69.08
2000-07-01,36.49,26.96,66.72
2000-07-02,38.15,28.43,58.06
2000-07-03,36.92,27.82,59.1
2000-07-04,38.72,27.84,51.06
2000-07-05,41.27,29.05,44.87
2000-07-06,42.58,30.7,39.95
2000-07-07,38.45,28.77,58.47
2000-07-08,40.08,28.34,61.32
2000-07-09,39.56,27.52,60.68
2000-07-10,39.73,28.91,58.77
2000-07-11,39.25,27.51,64.0
2000-07-12,35.68,26.89,70.74
2000-07-13,33.91,28.2,71.56
2000-07-14,33.05,27.3,76.11
2000-07-15,36.81,26.41,68.03
2000-07-16,33.12,26.78,77.15
2000-07-17,33.56,26.59,80.38
2000-07-18,34.31,26.9,76.47
2000-07-19,32.49,27.19,74.32
2000-07-20,35.23,26.53,71.52
2000-07-21,33.76,26.31,75.67
2000-07-22,30.06,25.28,79.02
2000-07-23,33.1,23.89,74.34
2000-07-24,31.74,24.99,74.95
2000-07-25,36.17,24.77,66.19
2000-07-26,37.14,25.38,63.38
2000-07-27,36.5,26.02,61.51
2000-07-28,33.87,26.23,70.26
2000-07-29,36.65,26.29,61.45
2000-07-30,34.26,26.4,73.45
2000-07-31,32.4,25.56,75.85
2000-08-01,33.43,25.9,70.05
2000-08-02,35.45,25.28,63.91
2000-08-03,36.14,25.35,61.72
2000-08-04,37.06,25.83,60.58
2000-08-05,38.0,26.65,56.07
2000-08-06,38.59,26.86,54.73
2000-08-07,39.66,27.4,51.89
2000-08-08,40.12,27.81,48.36
2000-08-09,39.19,29.75,49.27
2000-08-10,35.06,26.77,70.2
2000-08-11,30.9,26.04,81.3
2000-08-12,35.3,25.77,71.21
2000-08-13,35.56,26.29,69.64
2000-08-14,35.44,27.28,67.64
2000-08-15,33.09,26.95,76.76
2000-08-16,32.89,25.52,77.64
2000-08-17,36.88,26.23,66.38
2000-08-18,36.06,25.91,68.65
2000-08-19,31.62,26.6,83.49
2000-08-20,33.13,25.67,80.51
2000-08-21,33.96,25.08,74.89
2000-08-22,32.92,26.03,83.11
2000-08-23,33.98,25.61,82.71
2000-08-24,34.25,26.36,78.01
2000-08-25,34.21,26.04,78.54
2000-08-26,33.28,24.89,80.5
2000-08-27,34.59,24.48,71.78
2000-08-28,38.35,26.39,66.36
2000-08-29,36.49,27.38,68.22
2000-08-30,35.77,26.48,71.55
2000-08-31,36.36,25.36,65.45
2000-09-01,37.11,26.63,62.8
2000-09-02,37.72,26.27,57.71
2000-09-03,35.17,25.95,70.61
2000-09-04,32.88,25.58,80.05
2000-09-05,35.84,24.49,70.84
2000-09-06,37.51,25.49,66.78
2000-09-07,37.95,25.52,64.85
2000-09-08,37.2,26.71,60.69
2000-09-09,37.95,24.29,59.26
2000-09-10,38.21,25.55,52.99
2000-09-11,37.56,25.33,51.15
2000-09-12,38.5,25.35,49.06
2000-09-13,38.36,24.23,44.37
2000-09-14,38.88,23.75,46.64
2000-09-15,36.0,23.96,61.85
2000-09-16,38.87,24.34,56.26
2000-09-17,39.43,24.37,41.2
2000-09-18,38.73,22.47,42.09
2000-09-19,38.03,22.48,56.96
2000-09-20,35.58,23.25,63.94
2000-09-21,35.86,22.7,63.07
2000-09-22,36.77,23.25,55.3
2000-09-23,37.25,24.3,46.65
2000-09-24,37.16,23.66,47.8
2000-09-25,38.16,24.23,44.44
2000-09-26,37.25,21.7,48.24
2000-09-27,38.01,23.16,40.13
2000-09-28,37.49,21.81,36.21
2000-09-29,37.13,22.35,37.67
2000-09-30,37.1,19.51,40.6
2000-10-01,36.91,19.59,51.13
2000-10-02,37.74,19.98,44.79
2000-10-03,38.27,22.23,35.87
2000-10-04,37.1,20.0,40.42
2000-10-05,36.4,19.35,50.9
2000-10-06,36.59,20.91,54.89
2000-10-07,37.21,21.85,47.42
2000-10-08,37.75,23.33,38.01
2000-10-09,37.95,23.65,35.1
2000-10-10,37.31,22.98,34.84
2000-10-11,35.54,21.06,27.19
2000-10-12,36.86,18.64,30.48
2000-10-13,36.91,17.89,28.72
2000-10-14,36.9,16.66,27.61
2000-10-15,36.43,15.89,25.87
2000-10-16,36.59,16.55,23.0
2000-10-17,37.46,20.27,23.83
2000-10-18,37.32,18.9,31.02
2000-10-19,36.6,18.35,32.24
2000-10-20,38.32,18.52,29.78
2000-10-21,36.57,20.44,28.92
2000-10-22,36.0,17.1,35.87
2000-10-23,36.83,16.34,39.53
2000-10-24,37.06,18.16,28.35
2000-10-25,34.7,19.3,22.94
2000-10-26,35.28,18.29,25.1
2000-10-27,34.66,19.31,19.26
2000-10-28,34.28,16.66,23.79
2000-10-29,33.44,15.39,34.5
2000-10-30,34.29,16.5,36.05
2000-10-31,34.65,17.49,26.28
2000-11-01,32.14,14.15,42.34
2000-11-02,32.55,15.87,45.88
2000-11-03,33.23,17.73,35.73
2000-11-04,33.21,17.86,23.14
2000-11-05,33.2,17.23,20.65
2000-11-06,34.17,17.01,18.16
2000-11-07,34.18,18.01,15.25
2000-11-08,33.76,17.46,20.36
2000-11-09,34.54,18.41,25.43
2000-11-10,32.95,16.49,21.82
2000-11-11,31.77,14.48,21.62
2000-11-12,30.75,13.66,21.78
2000-11-13,32.56,16.61,26.31
2000-11-14,32.68,16.68,22.47
2000-11-15,30.7,12.86,20.4
2000-11-16,32.18,15.7,14.04
2000-11-17,31.98,15.72,17.44
2000-11-18,31.68,13.6,20.1
2000-11-19,29.07,12.16,24.43
2000-11-20,30.74,12.56,24.63
2000-11-21,29.9,14.97,25.76
2000-11-22,28.93,14.18,41.25
2000-11-23,29.27,13.72,45.92
2000-11-24,30.21,15.04,34.03
2000-11-25,28.56,12.95,28.54
2000-11-26,28.22,11.31,25.0
2000-11-27,25.34,13.17,29.91
2000-11-28,27.65,11.83,32.92
2000-11-29,26.55,10.09,21.65
2000-11-30,25.89,7.86,20.17
2000-12-01,25.45,7.39,17.78
2000-12-02,25.47,4.61,10.12
2000-12-03,26.72,7.03,9.77
2000-12-04,28.38,8.76,13.73
2000-12-05,28.69,9.07,16.49
2000-12-06,28.39,9.68,17.15
2000-12-07,27.71,8.94,16.7
2000-12-08,29.45,12.29,14.61
2000-12-09,27.47,9.84,21.04
2000-12-10,25.15,8.68,21.87
2000-12-11,24.88,8.95,22.78
2000-12-12,26.6,6.77,19.54
2000-12-13,26.48,8.43,19.85
2000-12-14,27.52,9.03,25.55
2000-12-15,26.82,12.32,25.74
2000-12-16,28.71,12.62,24.99
2000-12-17,29.32,10.25,27.53
2000-12-18,27.91,12.28,42.99
2000-12-19,25.38,9.48,30.41
2000-12-20,25.48,7.69,22.8
2000-12-21,25.93,6.04,20.72
2000-12-22,23.72,5.14,22.75
2000-12-23,24.77,7.46,22.03
2000-12-24,23.94,8.04,24.1
2000-12-25,26.0,6.87,23.44
2000-12-26,25.59,7.54,25.88
2000-12-27,24.9,10.19,24.28
2000-12-28,23.8,9.45,27.75
2000-12-29,24.96,9.37,26.76
2000-12-30,25.55,8.24,29.25
2000-12-31,25.84,11.38,49.37
2001-01-01,18.6,9.45,74.77
2001-01-02,22.15,7.75,67.78
2001-01-03,21.46,6.74,60.12
2001-01-04,21.88,6.35,56.4
2001-01-05,22.57,5.11,48.68
2001-01-06,21.74,5.57,36.48
2001-01-07,20.65,7.88,32.92
2001-01-08,18.94,4.74,45.05
2001-01-09,21.51,4.22,44.13
2001-01-10,19.76,3.71,45.06
2001-01-11,21.59,2.77,37.88
2001-01-12,20.71,7.95,31.77
2001-01-13,20.8,4.43,38.0
2001-01-14,22.62,4.41,39.81
2001-01-15,22.75,6.61,33.74
2001-01-16,23.08,4.39,33.92
2001-01-17,23.58,5.35,33.43
2001-01-18,24.83,5.06,32.53
2001-01-19,24.64,6.04,29.02
2001-01-20,25.12,8.09,27.44
2001-01-21,25.16,7.11,27.31
2001-01-22,24.47,9.08,31.68
2001-01-23,21.93,5.05,37.29
2001-01-24,21.91,4.9,29.88
2001-01-25,24.46,4.24,25.63
2001-01-26,26.05,6.02,24.01
2001-01-27,27.01,6.99,23.37
2001-01-28,27.74,5.51,20.29
2001-01-29,28.72,10.04,18.24
2001-01-30,29.98,11.45,16.62
2001-01-31,28.7,9.9,23.48
2001-02-01,26.25,5.97,12.51
2001-02-02,23.45,5.04,18.25
2001-02-03,24.3,4.08,18.18
2001-02-04,25.07,7.48,14.39
2001-02-05,25.94,8.41,15.87
2001-02-06,28.21,5.93,15.99
2001-02-07,27.64,6.66,14.69
2001-02-08,27.97,8.51,18.16
2001-02-09,27.96,8.27,17.88
2001-02-10,29.34,8.73,17.21
2001-02-11,28.55,6.34,13.93
2001-02-12,29.82,10.02,11.69
2001-02-13,30.98,10.93,12.06
2001-02-14,29.19,13.19,18.83
2001-02-15,27.31,10.05,44.12
2001-02-16,28.41,10.15,42.99
2001-02-17,29.39,14.31,29.76
2001-02-18,29.79,11.79,32.4
2001-02-19,30.02,11.43,24.91
2001-02-20,32.31,12.08,24.43
2001-02-21,29.12,14.71,37.64
2001-02-22,31.17,12.58,28.27
2001-02-23,31.91,14.5,25.33
2001-02-24,29.91,17.85,45.65
2001-02-25,27.52,15.7,64.89
2001-02-26,27.39,12.82,47.79
2001-02-27,26.79,10.17,23.22
2001-02-28,29.3,10.84,20.9
2001-03-01,29.31,7.77,19.76
2001-03-02,29.68,8.58,19.08
2001-03-03,29.53,8.89,18.12
2001-03-04,28.67,12.29,18.14
2001-03-05,28.96,8.61,19.14
2001-03-06,31.85,9.91,15.9
2001-03-07,32.84,15.64,13.56
2001-03-08,34.08,15.14,12.66
2001-03-09,32.7,16.85,13.99
2001-03-10,33.24,14.91,13.81
2001-03-11,34.54,16.06,12.14
2001-03-12,35.15,15.7,13.45
2001-03-13,35.62,16.08,20.06
2001-03-14,33.33,17.11,43.49
2001-03-15,34.89,17.27,38.0
2001-03-16,33.57,16.27,15.91
2001-03-17,34.15,13.89,13.43
2001-03-18,36.02,15.73,14.09
2001-03-19,35.72,17.8,15.02
2001-03-20,36.51,19.24,18.78
2001-03-21,32.9,19.11,27.56
2001-03-22,33.94,15.98,20.3
2001-03-23,34.46,15.11,18.05
2001-03-24,32.69,15.9,17.15
2001-03-25,35.94,16.14,15.3
2001-03-26,36.73,17.32,17.27
2001-03-27,37.81,17.15,16.0
2001-03-28,36.71,22.86,26.48
2001-03-29,35.48,18.31,28.8
2001-03-30,34.08,18.78,22.84
2001-03-31,32.84,17.44,29.55
2001-04-01,32.62,16.1,26.05
2001-04-02,34.94,15.85,23.53
2001-04-03,37.3,19.0,17.75
2001-04-04,38.27,18.66,16.67
2001-04-05,37.12,19.55,17.35
2001-04-06,38.47,19.49,16.73
2001-04-07,40.13,18.14,12.09
2001-04-08,40.74,18.86,11.12
2001-04-09,42.37,22.33,8.71
2001-04-10,41.45,22.76,10.51
2001-04-11,40.31,21.46,12.93
2001-04-12,37.84,24.17,23.33
2001-04-13,38.32,22.1,25.93
2001-04-14,37.07,22.76,31.65
2001-04-15,37.35,24.59,30.23
2001-04-16,36.07,22.12,34.98
2001-04-17,31.03,21.42,50.72
2001-04-18,33.46,19.67,43.44
2001-04-19,35.49,20.94,41.42
2001-04-20,32.89,19.75,46.11
2001-04-21,35.47,18.75,36.1
2001-04-22,38.07,19.16,30.55
2001-04-23,40.74,19.01,25.95
2001-04-24,41.99,21.66,24.29
2001-04-25,42.29,25.34,22.21
2001-04-26,42.27,23.57,23.76
2001-04-27,43.76,24.75,19.31
2001-04-28,44.29,24.67,16.88
2001-04-29,44.82,24.44,16.96
2001-04-30,45.24,25.07,17.28
2001-05-01,45.97,29.37,17.16
2001-05-02,44.9,29.3,18.93
2001-05-03,44.27,28.72,16.68
2001-05-04,44.53,27.62,16.15
2001-05-05,45.72,25.52,13.04
2001-05-06,46.53,25.46,12.0
2001-05-07,44.63,26.79,17.42
2001-05-08,44.66,29.36,19.4
2001-05-09,45.34,29.31,18.42
2001-05-10,45.54,29.17,17.01
2001-05-11,47.39,28.45,12.0
2001-05-12,45.94,28.02,14.59
2001-05-13,46.68,28.38,14.35
2001-05-14,45.85,29.49,15.36
2001-05-15,44.09,29.16,16.85
2001-05-16,41.4,28.92,31.76
2001-05-17,33.96,26.56,52.35
2001-05-18,35.54,24.75,49.5
2001-05-19,36.7,25.35,45.55
2001-05-20,38.75,27.37,43.14
2001-05-21,39.98,27.45,41.53
2001-05-22,40.58,28.14,38.99
2001-05-23,42.6,27.24,29.72
2001-05-24,45.27,29.35,25.43
2001-05-25,45.77,28.67,20.74
2001-05-26,45.7,30.8,23.97
2001-05-27,43.68,29.65,31.38
2001-05-28,40.76,30.88,35.46
2001-05-29,39.02,28.81,47.73
2001-05-30,40.38,27.85,48.91
2001-05-31,39.19,28.33,50.13
2001-06-01,41.03,28.6,46.43
2001-06-02,40.97,28.16,43.03
2001-06-03,40.89,29.15,39.56
2001-06-04,37.0,28.3,53.78
2001-06-05,38.69,27.85,49.48
2001-06-06,39.22,28.22,46.62
2001-06-07,36.36,28.31,49.03
2001-06-08,38.87,26.2,42.25
2001-06-09,41.07,27.18,37.91
2001-06-10,41.59,27.49,36.33
2001-06-11,42.15,28.61,35.19
2001-06-12,42.44,29.09,37.4
2001-06-13,42.53,30.93,41.2
2001-06-14,38.6,30.76,51.89
2001-06-15,40.5,28.37,47.18
2001-06-16,39.62,28.87,46.17
2001-06-17,38.38,28.23,51.55
2001-06-18,40.12,28.42,46.27
2001-06-19,41.44,28.47,40.93
2001-06-20,41.64,30.33,43.65
2001-06-21,39.57,30.24,48.5
2001-06-22,41.36,29.31,40.97
2001-06-23,39.85,30.12,44.65
2001-06-24,36.87,29.57,55.89
2001-06-25,37.9,28.79,55.79
2001-06-26,38.49,27.86,55.87
2001-06-27,37.85,28.15,56.36
2001-06-28,40.81,28.87,46.6
2001-06-29,41.69,29.36,45.13
2001-06-30,34.45,29.72,59.54
2001-07-01,37.93,28.07,59.85
2001-07-02,35.5,28.9,59.34
2001-07-03,36.81,29.1,54.15
2001-07-04,39.27,29.15,53.05
2001-07-05,39.92,29.3,49.53
2001-07-06,39.47,29.55,52.02
2001-07-07,35.09,28.39,67.34
2001-07-08,38.98,27.08,56.76
2001-07-09,41.52,28.28,47.45
2001-07-10,37.63,29.9,50.5
2001-07-11,37.47,29.47,52.93
2001-07-12,38.23,28.86,54.03
2001-07-13,37.78,28.55,60.81
2001-07-14,31.67,26.4,73.78
2001-07-15,35.91,25.58,70.29
2001-07-16,36.63,26.23,66.24
2001-07-17,36.54,27.35,64.65
2001-07-18,37.78,27.93,59.38
2001-07-19,38.05,27.84,61.03
2001-07-20,34.35,26.95,74.84
2001-07-21,35.98,26.67,72.16
2001-07-22,35.57,26.92,74.16
2001-07-23,34.88,26.75,73.37
2001-07-24,36.08,27.22,69.76
2001-07-25,36.81,27.02,69.47
2001-07-26,33.9,28.38,76.28
2001-07-27,35.48,27.1,74.22
2001-07-28,35.28,27.29,73.78
2001-07-29,34.83,26.45,72.45
2001-07-30,34.62,25.83,68.36
2001-07-31,37.21,26.51,60.3
2001-08-01,37.64,26.14,56.19
2001-08-02,37.93,26.21,54.33
2001-08-03,37.05,26.11,59.44
2001-08-04,34.94,26.73,70.94
2001-08-05,33.79,26.35,77.31
2001-08-06,31.08,26.62,84.65
2001-08-07,33.27,25.83,79.67
2001-08-08,33.57,26.0,77.29
2001-08-09,31.2,26.1,81.58
2001-08-10,34.55,25.97,76.41
2001-08-11,35.91,26.05,73.54
2001-08-12,37.01,26.85,67.98
2001-08-13,36.11,27.52,68.98
2001-08-14,33.35,27.47,75.37
2001-08-15,35.51,27.01,69.75
2001-08-16,36.15,27.63,68.9
2001-08-17,35.49,26.95,72.03
2001-08-18,37.79,26.54,65.94
2001-08-19,36.84,25.17,62.7
2001-08-20,36.61,25.5,63.54
2001-08-21,38.37,26.86,57.62
2001-08-22,38.24,26.53,52.34
2001-08-23,37.47,25.9,54.9
2001-08-24,37.14,26.04,56.91
2001-08-25,37.65,26.62,55.07
2001-08-26,37.97,25.9,54.54
2001-08-27,38.33,24.87,51.8
2001-08-28,38.6,24.35,52.46
2001-08-29,38.21,24.07,51.29
2001-08-30,37.88,24.62,51.02
2001-08-31,38.47,25.16,56.15
2001-09-01,38.91,26.98,53.64
2001-09-02,37.22,27.81,57.24
2001-09-03,37.56,26.27,58.17
2001-09-04,37.86,25.41,55.57
2001-09-05,37.77,25.63,55.6
2001-09-06,37.16,24.74,55.98
2001-09-07,37.3,26.0,50.21
2001-09-08,37.97,26.67,50.25
2001-09-09,38.84,25.01,48.67
2001-09-10,38.43,25.78,49.28
2001-09-11,38.66,24.42,49.91
2001-09-12,38.58,26.71,50.04
2001-09-13,38.57,26.45,51.0
2001-09-14,37.39,25.6,51.94
2001-09-15,38.21,24.35,50.29
2001-09-16,38.24,23.49,47.72
2001-09-17,38.51,23.91,42.19
2001-09-18,39.3,23.17,37.42
2001-09-19,39.68,22.35,35.28
2001-09-20,39.33,21.83,35.9
2001-09-21,39.32,22.06,37.83
2001-09-22,39.5,21.91,38.14
2001-09-23,39.2,23.97,35.44
2001-09-24,38.69,23.31,36.46
2001-09-25,39.55,21.99,35.5
2001-09-26,39.09,22.98,36.43
2001-09-27,38.9,20.75,32.44
2001-09-28,38.75,21.79,35.9
2001-09-29,37.87,21.66,44.34
2001-09-30,36.46,26.42,54.22
2001-10-01,36.1,26.45,56.0
2001-10-02,36.54,23.72,57.79
2001-10-03,35.97,24.6,57.34
2001-10-04,35.58,24.45,61.86
2001-10-05,37.27,24.9,49.85
2001-10-06,37.16,22.13,39.63
2001-10-07,37.73,22.22,33.92
2001-10-08,37.3,21.22,31.97
2001-10-09,37.61,22.71,25.19
2001-10-10,38.17,22.7,25.26
2001-10-11,38.09,19.0,33.0
2001-10-12,37.22,21.8,33.72
2001-10-13,37.05,22.5,32.59
2001-10-14,35.08,20.38,28.74
2001-10-15,34.57,19.09,22.19
2001-10-16,34.11,19.56,27.13
2001-10-17,35.24,17.75,28.27
2001-10-18,35.4,17.47,20.81
2001-10-19,37.32,19.63,16.45
2001-10-20,35.86,17.07,22.66
2001-10-21,35.69,19.04,22.42
2001-10-22,36.1,18.55,28.42
2001-10-23,35.99,20.38,24.75
2001-10-24,35.74,18.95,22.09
2001-10-25,37.45,18.67,19.31
2001-10-26,37.15,19.22,24.62
2001-10-27,36.49,17.56,29.56
2001-10-28,34.03,17.43,38.01
2001-10-29,34.69,18.16,34.87
2001-10-30,35.46,19.63,34.06
2001-10-31,36.77,20.57,28.44
2001-11-01,36.72,19.0,22.99
2001-11-02,37.67,20.6,22.9
2001-11-03,36.36,18.04,23.16
2001-11-04,35.16,19.48,22.49
2001-11-05,33.04,16.36,19.38
2001-11-06,33.58,17.09,25.11
2001-11-07,31.5,20.6,35.58
2001-11-08,30.89,16.77,32.36
2001-11-09,31.9,14.75,21.4
2001-11-10,31.34,13.47,16.82
2001-11-11,30.7,14.72,18.63
2001-11-12,31.85,12.82,19.06
2001-11-13,32.04,11.27,18.19
2001-11-14,31.72,12.81,17.97
2001-11-15,30.77,13.3,20.41
2001-11-16,31.13,14.01,22.6
2001-11-17,30.63,16.83,22.88
2001-11-18,31.55,12.58,22.61
2001-11-19,30.28,11.51,21.48
2001-11-20,29.53,14.26,23.42
2001-11-21,29.48,15.49,23.32
2001-11-22,29.8,15.24,21.57
2001-11-23,29.84,11.33,21.02
2001-11-24,29.08,10.84,20.34
2001-11-25,29.01,14.3,21.96
2001-11-26,27.79,11.52,21.14
2001-11-27,27.4,13.9,20.43
2001-11-28,26.91,11.03,26.07
2001-11-29,26.85,10.89,24.71
2001-11-30,29.01,10.04,22.83
2001-12-01,29.23,10.73,20.7
2001-12-02,29.43,10.58,20.33
2001-12-03,29.4,10.48,18.79
2001-12-04,29.54,13.31,20.43
2001-12-05,29.37,12.87,21.84
2001-12-06,27.56,10.41,22.7
2001-12-07,29.76,10.86,23.22
2001-12-08,29.61,14.15,23.91
2001-12-09,29.17,11.1,20.98
2001-12-10,25.74,8.52,25.79
2001-12-11,25.51,9.11,35.0
2001-12-12,27.69,12.38,28.94
2001-12-13,26.42,10.02,23.14
2001-12-14,24.83,9.37,19.67
2001-12-15,23.61,10.99,24.15
2001-12-16,24.93,11.63,32.36
2001-12-17,25.23,9.06,41.13
2001-12-18,26.33,10.91,37.87
2001-12-19,25.39,10.62,40.72
2001-12-20,24.34,8.94,41.17
2001-12-21,23.53,6.68,30.33
2001-12-22,23.53,6.85,29.28
2001-12-23,23.89,6.71,27.2
2001-12-24,23.54,6.97,26.13
2001-12-25,24.68,8.93,22.99
2001-12-26,22.52,10.39,25.46
2001-12-27,23.26,9.62,30.44
2001-12-28,22.31,9.14,33.38
2001-12-29,21.81,8.13,36.78
2001-12-30,22.35,4.86,35.31
2001-12-31,20.52,5.01,34.85
2002-01-01,23.17,6.51,31.16
2002-01-02,23.28,8.17,26.37
2002-01-03,23.1,7.34,26.51
2002-01-04,22.58,8.28,23.65
2002-01-05,22.48,10.0,24.76
2002-01-06,21.71,7.81,27.33
2002-01-07,23.26,9.46,26.86
2002-01-08,24.46,7.14,30.43
2002-01-09,23.78,7.58,29.55
2002-01-10,21.07,6.28,29.62
2002-01-11,25.1,5.97,25.74
2002-01-12,26.45,7.85,28.98
2002-01-13,24.16,8.36,30.15
2002-01-14,23.28,8.82,36.23
2002-01-15,15.72,10.83,69.49
2002-01-16,21.31,8.3,73.18
2002-01-17,21.67,9.26,66.54
2002-01-18,20.17,10.5,67.77
2002-01-19,21.75,9.24,61.48
2002-01-20,21.59,6.58,48.54
2002-01-21,21.58,4.72,39.02
2002-01-22,21.22,3.99,41.74
2002-01-23,21.07,5.36,45.36
2002-01-24,23.72,5.24,35.81
2002-01-25,23.6,6.33,38.3
2002-01-26,24.3,9.65,48.86
2002-01-27,18.88,8.58,66.04
2002-01-28,21.2,5.46,57.29
2002-01-29,21.26,8.04,34.61
2002-01-30,22.75,6.63,37.17
2002-01-31,22.62,4.6,31.34
2002-02-01,25.24,6.53,27.66
2002-02-02,25.75,6.04,30.24
2002-02-03,23.62,5.63,31.94
2002-02-04,24.7,3.53,25.66
2002-02-05,24.39,7.01,28.08
2002-02-06,25.8,8.15,39.09
2002-02-07,24.13,8.37,37.23
2002-02-08,24.46,6.59,46.52
2002-02-09,22.14,2.52,29.0
2002-02-10,23.35,1.95,27.31
2002-02-11,12.82,8.61,88.85
2002-02-12,20.76,6.65,73.06
2002-02-13,25.07,6.47,59.3
2002-02-14,24.99,6.18,42.54
2002-02-15,27.06,6.64,37.99
2002-02-16,29.1,9.71,33.19
2002-02-17,28.32,11.78,36.67
2002-02-18,30.0,12.5,35.04
2002-02-19,30.44,11.21,38.71
2002-02-20,29.14,13.29,34.22
2002-02-21,30.39,15.01,27.85
2002-02-22,31.52,13.19,37.36
2002-02-23,29.89,15.03,47.73
2002-02-24,28.77,13.19,56.42
2002-02-25,26.83,13.01,54.16
2002-02-26,28.16,11.21,39.64
2002-02-27,29.42,11.45,35.23
2002-02-28,29.55,11.98,37.18
2002-03-01,29.93,15.29,37.66
2002-03-02,22.37,13.67,62.25
2002-03-03,26.9,10.29,56.71
2002-03-04,28.98,10.78,36.18
2002-03-05,30.0,9.74,31.38
2002-03-06,30.74,9.48,29.51
2002-03-07,29.08,12.58,22.56
2002-03-08,31.81,12.13,26.76
2002-03-09,31.76,14.0,32.16
2002-03-10,33.71,13.47,35.27
2002-03-11,31.88,13.56,28.55
2002-03-12,31.26,13.81,31.51
2002-03-13,33.08,16.33,29.46
2002-03-14,31.74,14.18,26.04
2002-03-15,33.82,12.77,23.39
2002-03-16,35.29,12.88,20.59
2002-03-17,37.24,13.61,18.46
2002-03-18,38.1,15.02,18.79
2002-03-19,38.79,15.65,17.38
2002-03-20,38.01,18.56,19.76
2002-03-21,37.5,20.85,21.32
2002-03-22,37.05,18.94,32.1
2002-03-23,37.35,17.7,26.73
2002-03-24,38.33,21.32,22.8
2002-03-25,37.77,18.95,22.54
2002-03-26,37.19,17.61,24.82
2002-03-27,37.32,17.6,19.16
2002-03-28,36.26,16.21,14.99
2002-03-29,38.09,16.71,15.14
2002-03-30,39.92,16.95,12.45
2002-03-31,39.97,20.46,12.66
2002-04-01,39.68,21.44,11.88
2002-04-02,38.72,21.22,14.33
2002-04-03,37.49,16.86,15.25
2002-04-04,38.62,17.27,8.28
2002-04-05,40.7,19.2,8.17
2002-04-06,41.96,20.38,10.97
2002-04-07,37.0,23.34,14.98
2002-04-08,37.66,24.42,22.29
2002-04-09,38.05,20.96,18.68
2002-04-10,37.99,19.85,15.62
2002-04-11,39.72,21.31,11.4
2002-04-12,40.77,21.1,9.95
2002-04-13,42.09,24.57,8.67
2002-04-14,42.92,25.19,10.65
2002-04-15,42.4,23.09,14.41
2002-04-16,41.77,23.58,15.55
2002-04-17,42.08,23.36,14.36
2002-04-18,42.32,23.77,14.15
2002-04-19,42.99,22.95,12.72
2002-04-20,44.35,23.3,11.69
2002-04-21,44.11,24.67,11.94
2002-04-22,44.6,25.71,13.34
2002-04-23,45.09,25.97,12.56
2002-04-24,43.51,25.22,14.14
2002-04-25,42.94,25.74,13.56
2002-04-26,39.11,22.06,20.38
2002-04-27,41.49,20.95,17.75
2002-04-28,42.92,22.29,13.94
2002-04-29,41.12,21.06,12.46
2002-04-30,42.08,20.56,10.12
2002-05-01,42.66,22.73,14.41
2002-05-02,43.61,23.94,13.51
2002-05-03,44.82,26.49,15.39
2002-05-04,45.5,25.66,12.63
2002-05-05,45.95,25.99,12.24
2002-05-06,46.53,27.82,11.44
2002-05-07,45.41,25.91,7.86
2002-05-08,46.22,27.28,8.94
2002-05-09,46.66,28.6,11.66
2002-05-10,46.6,30.24,15.3
2002-05-11,47.41,28.37,10.43
2002-05-12,47.76,26.57,10.25
2002-05-13,46.59,29.42,17.94
2002-05-14,47.71,30.99,19.16
2002-05-15,46.81,31.16,18.01
2002-05-16,45.99,31.71,17.62
2002-05-17,47.19,29.3,12.26
2002-05-18,47.0,27.5,8.04
2002-05-19,47.29,26.58,9.73
2002-05-20,45.35,27.37,13.9
2002-05-21,45.91,24.43,4.19
2002-05-22,46.61,24.77,5.13
2002-05-23,46.92,27.73,12.28
2002-05-24,47.38,30.87,14.45
2002-05-25,42.22,29.88,26.63
2002-05-26,41.36,25.86,42.12
2002-05-27,43.08,26.92,36.02
2002-05-28,36.18,25.88,55.09
2002-05-29,39.53,24.77,43.48
2002-05-30,38.46,27.31,44.39
2002-05-31,40.17,27.24,36.2
2002-06-01,41.14,27.38,29.9
2002-06-02,41.18,28.12,29.93
2002-06-03,42.41,30.05,31.83
2002-06-04,42.87,28.42,32.98
2002-06-05,43.17,28.9,31.71
2002-06-06,44.27,28.0,34.93
2002-06-07,44.0,28.17,33.06
2002-06-08,44.76,28.38,33.93
2002-06-09,44.87,27.57,31.24
2002-06-10,44.84,28.92,27.16
2002-06-11,43.45,27.44,30.16
2002-06-12,43.85,27.92,35.99
2002-06-13,44.62,28.38,30.69
2002-06-14,45.2,30.75,25.21
2002-06-15,44.57,28.85,28.39
2002-06-16,44.47,28.65,29.83
2002-06-17,42.93,29.85,35.01
2002-06-18,43.4,30.01,33.36
2002-06-19,42.8,29.87,36.77
2002-06-20,43.31,29.79,38.44
2002-06-21,43.99,30.25,34.25
2002-06-22,45.28,30.11,28.59
2002-06-23,45.76,29.04,28.42
2002-06-24,42.55,30.69,44.37
2002-06-25,39.18,29.06,54.6
2002-06-26,39.03,30.01,50.53
2002-06-27,37.4,28.82,53.16
2002-06-28,39.8,29.2,48.23
2002-06-29,40.51,30.42,47.18
2002-06-30,41.86,30.73,46.3
2002-07-01,45.12,31.6,33.25
2002-07-02,45.48,32.74,32.02
2002-07-03,44.96,31.93,34.12
2002-07-04,44.26,31.96,32.01
2002-07-05,43.13,31.64,36.55
2002-07-06,42.76,33.0,37.2
2002-07-07,43.24,32.02,31.85
2002-07-08,43.66,31.2,29.64
2002-07-09,43.34,30.76,30.81
2002-07-10,43.89,32.32,28.51
2002-07-11,43.76,30.4,27.19
2002-07-12,45.1,30.48,24.21
2002-07-13,45.25,31.0,21.86
2002-07-14,44.89,30.4,23.94
2002-07-15,45.62,32.74,24.17
2002-07-16,45.5,32.34,23.58
2002-07-17,45.6,33.36,23.19
2002-07-18,44.06,32.58,32.85
2002-07-19,44.14,33.67,33.44
2002-07-20,46.09,34.49,27.28
2002-07-21,43.15,32.47,34.02
2002-07-22,42.59,32.64,32.61
2002-07-23,40.82,32.52,33.06
2002-07-24,42.54,31.69,31.47
2002-07-25,43.28,32.31,27.77
2002-07-26,42.85,30.79,28.1
2002-07-27,43.65,31.55,28.6
2002-07-28,42.92,32.84,28.34
2002-07-29,44.9,33.28,25.64
2002-07-30,43.8,33.36,25.0
2002-07-31,43.28,33.85,27.22
2002-08-01,42.91,31.7,35.17
2002-08-02,43.82,33.11,34.74
2002-08-03,43.06,31.44,37.76
2002-08-04,37.5,29.21,48.93
2002-08-05,39.14,29.55,45.34
2002-08-06,35.88,31.02,46.38
2002-08-07,40.97,30.16,41.63
2002-08-08,40.96,31.9,41.38
2002-08-09,42.27,31.21,41.78
2002-08-10,40.33,31.13,48.14
2002-08-11,38.24,28.38,63.16
2002-08-12,31.02,26.65,83.71
2002-08-13,30.1,26.12,83.7
2002-08-14,31.41,26.02,81.77
2002-08-15,33.26,26.53,69.46
2002-08-16,38.23,26.49,59.28
2002-08-17,39.32,27.02,53.52
2002-08-18,38.32,26.26,55.2
2002-08-19,37.0,25.87,62.69
2002-08-20,40.08,26.17,55.59
2002-08-21,36.96,26.02,66.13
2002-08-22,34.31,25.65,71.19
2002-08-23,36.53,25.36,64.31
2002-08-24,33.16,26.29,71.1
2002-08-25,35.13,25.63,69.91
2002-08-26,32.76,25.77,71.11
2002-08-27,32.46,26.57,71.16
2002-08-28,37.47,26.91,57.07
2002-08-29,32.95,26.82,73.63
2002-08-30,32.29,26.13,74.65
2002-08-31,36.61,25.91,60.8
2002-09-01,36.26,26.42,62.73
2002-09-02,35.56,25.88,64.93
2002-09-03,34.77,26.35,66.79
2002-09-04,34.26,25.6,71.43
2002-09-05,32.68,23.82,77.51
2002-09-06,31.38,22.42,81.21
2002-09-07,30.96,22.88,78.13
2002-09-08,32.64,23.45,75.67
2002-09-09,34.08,23.02,68.97
2002-09-10,33.81,24.44,66.39
2002-09-11,32.49,23.25,74.74
2002-09-12,29.78,22.82,86.77
2002-09-13,27.79,23.31,89.98
2002-09-14,31.48,24.04,82.0
2002-09-15,32.4,22.53,71.6
2002-09-16,32.61,22.51,74.82
2002-09-17,32.71,22.64,72.29
2002-09-18,32.39,21.6,73.55
2002-09-19,33.88,23.11,69.02
2002-09-20,33.06,22.63,71.66
2002-09-21,32.36,19.63,71.16
2002-09-22,31.82,21.62,75.54
2002-09-23,32.17,22.71,74.24
2002-09-24,33.09,22.28,72.06
2002-09-25,32.53,20.97,69.16
2002-09-26,34.77,20.3,62.13
2002-09-27,33.06,20.03,60.87
2002-09-28,34.62,20.1,58.03
2002-09-29,34.74,19.64,54.36
2002-09-30,35.55,19.15,53.06
2002-10-01,35.57,16.98,46.72
2002-10-02,36.03,17.9,47.08
2002-10-03,36.88,18.95,41.81
2002-10-04,36.52,20.28,42.09
2002-10-05,36.34,18.82,48.82
2002-10-06,35.02,17.89,53.24
2002-10-07,34.55,19.71,54.86
2002-10-08,35.32,19.76,57.06
2002-10-09,34.24,19.7,61.78
2002-10-10,33.61,20.0,63.71
2002-10-11,32.25,20.86,65.63
2002-10-12,32.68,20.61,64.46
2002-10-13,32.1,20.32,68.53
2002-10-14,31.5,19.19,64.47
2002-10-15,33.04,19.71,58.62
2002-10-16,33.17,20.02,55.96
2002-10-17,34.3,20.54,51.4
2002-10-18,33.1,19.17,58.11
2002-10-19,33.92,19.92,46.4
2002-10-20,35.43,19.37,43.47
2002-10-21,35.72,18.0,42.72
2002-10-22,34.27,19.8,39.39
2002-10-23,31.57,16.75,39.52
2002-10-24,31.43,18.14,40.09
2002-10-25,32.04,16.09,41.73
2002-10-26,33.38,18.17,37.07
2002-10-27,32.22,18.0,35.8
2002-10-28,33.77,16.75,35.01
2002-10-29,33.92,18.13,32.0
2002-10-30,33.26,18.35,35.25
2002-10-31,32.6,17.02,38.3
2002-11-01,32.57,16.52,34.61
2002-11-02,32.34,16.79,34.82
2002-11-03,31.04,19.19,37.14
2002-11-04,31.6,17.97,35.86
2002-11-05,31.39,16.51,33.62
2002-11-06,30.64,15.16,40.45
2002-11-07,29.97,14.33,41.06
2002-11-08,30.42,16.88,33.33
2002-11-09,27.82,17.88,40.6
2002-11-10,30.28,18.18,37.24
2002-11-11,30.84,17.08,38.73
2002-11-12,27.87,13.23,51.79
2002-11-13,28.59,14.16,47.6
2002-11-14,28.61,14.08,45.81
2002-11-15,28.4,12.12,41.94
2002-11-16,29.66,13.92,39.17
2002-11-17,30.5,12.92,35.34
2002-11-18,30.75,13.4,35.44
2002-11-19,30.74,13.34,33.88
2002-11-20,29.93,13.65,31.74
2002-11-21,29.42,16.01,27.27
2002-11-22,29.7,14.31,29.17
2002-11-23,28.35,10.17,31.59
2002-11-24,26.71,14.56,32.49
2002-11-25,30.0,12.34,30.74
2002-11-26,29.45,10.91,29.73
2002-11-27,27.78,10.53,30.47
2002-11-28,27.08,12.23,30.31
2002-11-29,27.69,9.63,33.82
2002-11-30,27.56,9.18,30.24
2002-12-01,26.66,9.83,33.09
2002-12-02,25.64,7.83,32.7
2002-12-03,26.02,12.98,32.25
2002-12-04,21.73,8.73,41.07
2002-12-05,24.5,9.78,40.73
2002-12-06,25.31,11.44,35.17
2002-12-07,26.39,11.8,35.6
2002-12-08,27.97,11.26,34.66
2002-12-09,26.28,8.96,29.43
2002-12-10,25.62,6.2,23.16
2002-12-11,25.17,9.88,21.4
2002-12-12,25.47,11.65,24.4
2002-12-13,26.14,10.07,25.43
2002-12-14,26.81,8.87,31.55
2002-12-15,28.5,10.8,40.02
2002-12-16,28.19,13.96,46.63
2002-12-17,27.1,13.08,48.29
2002-12-18,28.16,11.82,38.4
2002-12-19,26.97,11.19,42.4
2002-12-20,27.34,13.55,42.92
2002-12-21,27.95,10.85,36.1
2002-12-22,26.47,9.34,36.04
2002-12-23,24.88,9.06,37.62
2002-12-24,23.87,11.8,42.31
2002-12-25,23.72,10.71,42.75
2002-12-26,23.51,10.02,46.01
2002-12-27,22.54,8.25,51.16
2002-12-28,22.77,7.03,45.23
2002-12-29,23.08,6.21,40.43
2002-12-30,23.02,7.25,38.49
2002-12-31,12.55,7.58,80.66
2003-01-01,17.74,6.78,74.29
2003-01-02,19.75,6.49,63.92
2003-01-03,19.03,7.61,61.25
2003-01-04,20.7,5.26,49.05
2003-01-05,20.78,3.73,48.27
2003-01-06,21.58,6.14,43.34
2003-01-07,21.65,7.59,45.06
2003-01-08,22.39,3.66,41.86
2003-01-09,21.4,4.76,38.29
2003-01-10,21.53,4.22,40.31
2003-01-11,22.2,3.38,42.82
2003-01-12,21.57,3.2,38.2
2003-01-13,21.94,3.26,38.96
2003-01-14,21.85,3.24,42.49
2003-01-15,22.73,4.93,36.95
2003-01-16,22.86,4.72,36.09
2003-01-17,24.92,4.46,34.37
2003-01-18,24.16,9.0,30.08
2003-01-19,22.68,8.57,30.19
2003-01-20,23.4,7.63,34.22
2003-01-21,23.62,4.56,34.45
2003-01-22,23.75,5.2,34.67
2003-01-23,26.04,6.64,39.08
2003-01-24,26.11,9.78,34.84
2003-01-25,27.18,10.69,24.91
2003-01-26,26.65,12.48,26.73
2003-01-27,24.8,11.56,57.01
2003-01-28,19.47,11.09,80.07
2003-01-29,23.44,10.21,69.58
2003-01-30,22.36,10.87,60.55
2003-01-31,15.19,11.89,91.81
2003-02-01,20.51,11.03,82.12
2003-02-02,21.76,8.21,72.14
2003-02-03,22.57,7.31,62.42
2003-02-04,24.26,7.32,55.42
2003-02-05,25.49,7.32,52.25
2003-02-06,24.2,7.63,43.55
2003-02-07,24.86,10.1,40.43
2003-02-08,24.91,9.25,42.51
2003-02-09,24.04,10.06,39.66
2003-02-10,24.31,7.45,36.26
2003-02-11,24.03,8.65,36.94
2003-02-12,25.37,6.85,44.19
2003-02-13,25.82,7.69,41.23
2003-02-14,27.39,8.37,37.63
2003-02-15,28.52,12.45,30.15
2003-02-16,25.72,12.58,34.61
2003-02-17,22.48,13.48,50.34
2003-02-18,20.14,12.84,80.96
2003-02-19,22.55,10.33,65.21
2003-02-20,23.55,7.72,49.32
2003-02-21,26.39,8.7,46.78
2003-02-22,28.45,9.43,47.59
2003-02-23,28.95,12.94,43.03
2003-02-24,29.45,14.0,45.72
2003-02-25,29.72,12.54,48.59
2003-02-26,31.36,13.95,48.14
2003-02-27,31.39,15.44,44.76
2003-02-28,31.64,15.06,49.03
2003-03-01,32.71,16.7,46.32
2003-03-02,33.34,16.32,48.94
2003-03-03,27.41,10.43,32.55
2003-03-04,22.99,6.1,25.37
2003-03-05,26.82,6.85,28.91
2003-03-06,28.35,7.85,29.72
2003-03-07,29.2,8.36,31.56
2003-03-08,29.1,10.18,31.58
2003-03-09,31.87,10.96,30.08
2003-03-10,31.54,11.99,27.57
2003-03-11,29.61,10.78,33.14
2003-03-12,29.84,14.93,26.6
2003-03-13,29.83,15.39,27.77
2003-03-14,29.66,13.43,35.49
2003-03-15,30.36,16.32,37.46
2003-03-16,33.52,17.9,33.6
2003-03-17,33.08,17.6,29.58
2003-03-18,33.26,13.29,27.54
2003-03-19,33.23,14.42,29.62
2003-03-20,33.86,14.61,30.62
2003-03-21,35.9,15.76,30.13
2003-03-22,35.65,17.19,30.63
2003-03-23,36.32,18.95,31.43
2003-03-24,36.8,19.72,33.93
2003-03-25,36.95,18.73,33.5
2003-03-26,36.65,21.54,31.2
2003-03-27,35.0,18.56,28.73
2003-03-28,37.04,20.37,22.61
2003-03-29,36.78,21.16,27.84
2003-03-30,35.8,19.97,38.59
2003-03-31,36.76,20.09,27.22
2003-04-01,38.28,20.32,26.56
2003-04-02,39.06,18.73,23.35
2003-04-03,39.28,20.47,18.85
2003-04-04,39.03,19.84,24.04
2003-04-05,37.13,18.69,28.71
2003-04-06,38.25,16.56,16.12
2003-04-07,38.75,18.01,15.96
2003-04-08,39.25,17.89,15.22
2003-04-09,40.96,19.09,12.32
2003-04-10,41.93,21.76,11.9
2003-04-11,42.51,25.44,11.01
2003-04-12,42.71,22.17,14.08
2003-04-13,42.59,23.69,19.43
2003-04-14,41.12,24.25,18.51
2003-04-15,41.15,21.65,16.8
2003-04-16,40.67,24.4,25.39
2003-04-17,40.34,24.91,21.56
2003-04-18,41.0,22.93,15.34
2003-04-19,40.09,25.55,14.33
2003-04-20,37.98,22.48,20.43
2003-04-21,39.55,22.42,15.53
2003-04-22,40.81,20.69,13.06
2003-04-23,42.19,22.45,12.82
2003-04-24,42.89,22.81,10.94
2003-04-25,43.83,24.12,9.37
2003-04-26,43.29,23.86,13.5
2003-04-27,41.66,24.67,18.87
2003-04-28,40.21,24.07,22.56
2003-04-29,39.5,25.59,22.21
2003-04-30,40.52,25.41,25.97
2003-05-01,41.83,24.68,27.13
2003-05-02,42.93,24.94,17.54
2003-05-03,38.95,23.59,11.37
2003-05-04,37.76,17.82,6.39
2003-05-05,38.88,20.25,7.31
2003-05-06,39.81,21.37,7.71
2003-05-07,40.52,21.22,8.5
2003-05-08,40.49,23.06,7.67
2003-05-09,41.34,22.8,7.65
2003-05-10,42.91,27.09,7.3
2003-05-11,43.59,24.56,9.23
2003-05-12,43.88,26.75,9.54
2003-05-13,43.66,25.85,13.21
2003-05-14,43.27,27.9,14.43
2003-05-15,42.98,25.22,12.24
2003-05-16,43.36,24.52,9.2
2003-05-17,44.45,25.1,9.98
2003-05-18,45.08,27.6,11.47
2003-05-19,46.12,26.23,10.48
2003-05-20,45.7,27.86,14.21
2003-05-21,45.88,28.7,17.43
2003-05-22,42.98,31.21,24.01
2003-05-23,42.14,29.76,29.48
2003-05-24,42.61,27.18,27.41
2003-05-25,41.34,26.33,27.36
2003-05-26,42.11,27.04,26.66
2003-05-27,43.02,26.52,19.9
2003-05-28,43.29,25.77,16.41
2003-05-29,43.94,24.09,8.51
2003-05-30,45.34,26.99,12.2
2003-05-31,45.72,26.72,13.19
2003-06-01,45.6,29.43,17.71
2003-06-02,46.82,30.85,13.84
2003-06-03,47.78,28.86,13.0
2003-06-04,48.52,32.09,14.86
2003-06-05,47.93,30.64,17.05
2003-06-06,46.37,31.64,20.19
2003-06-07,46.33,31.4,20.37
2003-06-08,45.38,31.08,21.7
2003-06-09,45.39,32.82,23.6
2003-06-10,45.24,29.86,19.17
2003-06-11,44.99,29.78,21.0
2003-06-12,45.2,30.45,22.0
2003-06-13,45.18,32.38,19.6
2003-06-14,46.51,32.24,12.53
2003-06-15,46.38,30.41,12.61
2003-06-16,47.54,30.55,14.03
2003-06-17,45.96,31.54,16.22
2003-06-18,41.93,31.88,26.24
2003-06-19,36.77,30.01,42.83
2003-06-20,37.29,28.06,54.63
2003-06-21,39.79,29.23,49.42
2003-06-22,41.48,29.06,45.15
2003-06-23,40.57,28.98,46.29
2003-06-24,38.23,29.65,58.93
2003-06-25,36.2,28.02,63.83
2003-06-26,39.65,28.16,53.84
2003-06-27,34.03,28.14,63.83
2003-06-28,40.1,26.92,55.98
2003-06-29,40.06,29.72,53.46
2003-06-30,39.55,28.95,52.71
2003-07-01,40.43,29.77,46.05
2003-07-02,40.22,30.78,45.69
2003-07-03,40.0,29.88,49.67
2003-07-04,38.55,29.44,55.26
2003-07-05,32.76,27.12,78.55
2003-07-06,34.17,26.4,77.41
2003-07-07,36.04,26.24,70.91
2003-07-08,33.09,25.59,77.28
2003-07-09,34.01,27.46,78.22
2003-07-10,29.23,26.19,89.79
2003-07-11,29.5,25.09,92.32
2003-07-12,31.79,24.63,86.29
2003-07-13,32.01,25.57,85.54
2003-07-14,32.85,25.91,85.09
2003-07-15,32.98,26.31,84.5
2003-07-16,32.61,25.55,84.13
2003-07-17,32.42,25.59,84.54
2003-07-18,33.57,26.18,82.9
2003-07-19,32.76,27.42,83.81
2003-07-20,32.91,26.16,82.55
2003-07-21,31.96,26.52,86.91
2003-07-22,31.17,26.27,86.06
2003-07-23,30.6,25.72,83.24
2003-07-24,34.14,24.99,79.06
2003-07-25,34.28,27.31,76.02
2003-07-26,33.02,27.15,83.15
2003-07-27,33.69,26.7,83.65
2003-07-28,32.34,25.85,86.48
2003-07-29,31.99,25.8,86.04
2003-07-30,31.32,25.75,86.75
2003-07-31,32.44,25.08,84.54
2003-08-01,32.18,25.03,82.74
2003-08-02,32.07,26.48,80.04
2003-08-03,28.66,25.84,92.23
2003-08-04,31.92,25.39,86.23
2003-08-05,32.94,25.57,79.5
2003-08-06,32.96,27.81,80.0
2003-08-07,33.75,26.56,80.58
2003-08-08,34.04,27.01,75.02
2003-08-09,33.78,28.37,74.74
2003-08-10,28.87,25.4,91.13
2003-08-11,32.13,24.97,84.34
2003-08-12,33.15,24.74,81.58
2003-08-13,33.19,25.23,80.62
2003-08-14,31.6,25.73,80.97
2003-08-15,29.47,25.48,88.64
2003-08-16,32.45,25.06,85.62
2003-08-17,32.34,26.39,83.99
2003-08-18,33.34,25.82,82.69
2003-08-19,32.17,24.66,82.0
2003-08-20,32.29,24.82,78.49
2003-08-21,33.09,25.72,75.24
2003-08-22,33.26,26.84,75.65
2003-08-23,32.0,26.2,86.14
2003-08-24,31.72,25.67,87.24
2003-08-25,32.06,25.31,85.84
2003-08-26,32.0,25.33,86.85
2003-08-27,32.46,26.16,85.1
2003-08-28,32.48,25.13,80.8
2003-08-29,31.59,25.2,82.33
2003-08-30,33.41,25.93,79.0
2003-08-31,33.42,26.4,80.19
2003-09-01,32.66,25.54,81.92
2003-09-02,33.56,24.86,78.09
2003-09-03,32.44,25.18,80.82
2003-09-04,32.01,25.5,81.84
2003-09-05,31.77,24.78,81.58
2003-09-06,31.87,25.0,86.18
2003-09-07,29.59,24.76,85.56
2003-09-08,31.63,24.36,81.09
2003-09-09,32.57,24.73,75.18
2003-09-10,31.25,23.56,80.53
2003-09-11,29.97,23.84,84.29
2003-09-12,29.84,23.35,83.1
2003-09-13,32.49,23.82,75.59
2003-09-14,32.36,25.26,75.89
2003-09-15,31.12,25.22,81.39
2003-09-16,30.52,24.83,83.04
2003-09-17,30.68,23.62,86.51
2003-09-18,31.87,23.29,84.21
2003-09-19,33.16,23.53,79.55
2003-09-20,34.18,24.07,76.35
2003-09-21,34.01,24.1,76.64
2003-09-22,33.7,24.91,78.11
2003-09-23,31.97,23.66,84.61
2003-09-24,30.59,23.34,86.67
2003-09-25,29.83,21.84,87.23
2003-09-26,30.26,20.36,79.78
2003-09-27,31.43,22.15,70.56
2003-09-28,32.52,22.23,63.3
2003-09-29,31.8,20.18,67.49
2003-09-30,32.24,21.1,61.95
2003-10-01,31.99,18.97,62.91
2003-10-02,30.79,15.4,57.42
2003-10-03,31.8,16.88,55.09
2003-10-04,32.93,19.94,46.66
2003-10-05,31.35,17.71,60.04
2003-10-06,30.41,16.77,71.78
2003-10-07,30.84,18.7,61.98
2003-10-08,31.18,21.67,60.31
2003-10-09,32.1,19.71,61.6
2003-10-10,32.97,18.24,60.59
2003-10-11,31.77,18.2,59.68
2003-10-12,31.39,16.87,49.83
2003-10-13,31.36,14.23,56.39
2003-10-14,31.76,14.13,55.92
2003-10-15,31.66,16.18,52.05
2003-10-16,30.85,15.4,58.21
2003-10-17,31.86,17.86,58.59
2003-10-18,31.91,19.2,55.27
2003-10-19,31.41,17.68,49.99
2003-10-20,32.08,15.83,50.82
2003-10-21,31.99,15.39,48.31
2003-10-22,31.11,17.4,48.12
2003-10-23,30.51,17.19,53.26
2003-10-24,29.92,16.79,60.28
2003-10-25,29.64,17.78,62.29
2003-10-26,30.3,17.07,63.58
2003-10-27,30.63,16.88,58.61
2003-10-28,30.18,17.5,59.05
2003-10-29,31.11,16.99,53.3
2003-10-30,30.46,16.62,50.11
2003-10-31,30.08,15.53,45.03
2003-11-01,30.22,15.5,41.32
2003-11-02,29.98,15.72,37.42
2003-11-03,29.63,13.0,40.46
2003-11-04,30.29,13.77,38.66
2003-11-05,30.25,13.41,51.46
2003-11-06,31.4,14.88,45.56
2003-11-07,31.25,15.0,44.76
2003-11-08,31.11,14.28,53.69
2003-11-09,31.22,15.48,47.65
2003-11-10,28.51,10.46,39.87
2003-11-11,28.5,10.53,38.17
2003-11-12,27.25,12.25,49.82
2003-11-13,26.04,12.81,53.5
2003-11-14,23.13,13.3,62.34
2003-11-15,27.27,12.17,53.16
2003-11-16,28.09,14.3,51.8
2003-11-17,26.57,12.8,66.1
2003-11-18,27.16,14.17,65.97
2003-11-19,27.51,12.1,49.15
2003-11-20,26.2,9.8,42.24
2003-11-21,26.34,8.79,40.77
2003-11-22,26.8,9.35,35.42
2003-11-23,26.88,10.7,34.94
2003-11-24,24.44,11.98,41.99
2003-11-25,27.04,8.69,38.15
2003-11-26,26.3,7.19,32.41
2003-11-27,25.51,8.6,34.46
2003-11-28,24.31,8.87,36.5
2003-11-29,23.73,9.54,41.12
2003-11-30,23.36,7.62,38.57
2003-12-01,25.01,7.35,34.38
2003-12-02,25.33,11.07,31.72
2003-12-03,27.1,7.67,36.54
2003-12-04,27.14,10.03,39.18
2003-12-05,26.71,12.11,42.49
2003-12-06,27.23,9.66,41.87
2003-12-07,26.27,9.11,38.12
2003-12-08,25.13,10.23,47.7
2003-12-09,24.91,10.99,65.28
2003-12-10,25.09,10.26,68.5
2003-12-11,24.97,10.59,71.9
2003-12-12,25.1,10.98,70.01
2003-12-13,24.54,15.11,67.67
2003-12-14,26.28,12.97,67.92
2003-12-15,25.14,13.49,67.82
2003-12-16,22.73,11.7,72.78
2003-12-17,22.44,9.16,62.17
2003-12-18,21.32,7.95,57.65
2003-12-19,21.83,9.15,50.81
2003-12-20,21.78,7.37,54.54
2003-12-21,21.38,7.57,61.23
2003-12-22,22.47,8.47,50.61
2003-12-23,21.21,7.22,55.34
2003-12-24,21.45,8.59,53.05
2003-12-25,21.21,5.58,47.31
2003-12-26,19.47,8.22,45.84
2003-12-27,14.0,7.58,73.5
2003-12-28,18.28,5.88,72.98
2003-12-29,20.83,3.59,45.08
2003-12-30,21.8,8.29,34.2
2003-12-31,22.19,8.63,38.64
2004-01-01,20.55,4.92,50.64
2004-01-02,21.83,6.53,49.68
2004-01-03,20.71,6.94,49.39
2004-01-04,18.5,5.33,47.7
2004-01-05,20.11,5.26,45.26
2004-01-06,20.32,5.93,42.4
2004-01-07,22.93,4.34,51.94
2004-01-08,21.19,5.0,46.19
2004-01-09,23.1,6.84,42.82
2004-01-10,23.52,7.11,43.3
2004-01-11,24.87,11.56,45.1
2004-01-12,25.09,8.96,50.36
2004-01-13,25.04,8.81,54.04
2004-01-14,24.94,9.68,49.16
2004-01-15,26.06,8.54,44.14
2004-01-16,18.37,9.99,63.79
2004-01-17,24.33,9.42,63.63
2004-01-18,21.14,8.58,71.44
2004-01-19,20.48,8.13,59.83
2004-01-20,20.86,7.54,52.21
2004-01-21,16.93,9.19,76.42
2004-01-22,17.18,7.73,85.09
2004-01-23,19.34,9.34,84.27
2004-01-24,20.88,6.21,63.07
2004-01-25,20.32,6.52,55.5
2004-01-26,20.96,5.69,51.3
2004-01-27,21.08,4.69,49.85
2004-01-28,19.98,4.74,52.28
2004-01-29,21.79,5.39,51.06
2004-01-30,17.91,8.82,64.45
2004-01-31,17.52,7.5,79.83
2004-02-01,18.64,6.21,70.64
2004-02-02,20.98,5.83,48.91
2004-02-03,22.28,4.45,41.82
2004-02-04,23.71,4.19,39.21
2004-02-05,22.92,5.99,38.63
2004-02-06,24.18,5.19,39.78
2004-02-07,24.42,5.39,37.95
2004-02-08,25.14,7.97,36.6
2004-02-09,26.02,7.06,42.0
2004-02-10,25.12,8.21,50.79
2004-02-11,24.87,8.48,52.67
2004-02-12,26.64,9.18,48.7
2004-02-13,27.56,9.51,40.87
2004-02-14,26.96,8.62,39.51
2004-02-15,28.22,8.13,40.68
2004-02-16,28.59,8.42,40.95
2004-02-17,28.61,10.35,38.24
2004-02-18,29.13,11.16,44.68
2004-02-19,28.94,10.02,47.02
2004-02-20,29.28,10.65,36.33
2004-02-21,30.43,9.26,35.35
2004-02-22,31.11,12.31,35.26
2004-02-23,30.79,11.29,33.56
2004-02-24,32.35,11.02,28.81
2004-02-25,32.8,12.48,28.42
2004-02-26,33.1,15.31,29.19
2004-02-27,34.37,12.92,31.51
2004-02-28,33.71,15.95,27.12
2004-02-29,31.55,13.25,31.61
2004-03-01,31.41,12.0,27.19
2004-03-02,32.06,11.52,24.9
2004-03-03,32.92,11.28,24.85
2004-03-04,32.74,10.62,24.43
2004-03-05,33.47,10.9,25.43
2004-03-06,32.59,11.88,27.74
2004-03-07,35.31,12.28,22.2
2004-03-08,32.59,14.03,23.23
2004-03-09,31.9,13.73,36.47
2004-03-10,33.53,14.45,33.07
2004-03-11,34.98,15.42,30.37
2004-03-12,35.02,16.84,30.2
2004-03-13,37.4,17.04,28.17
2004-03-14,37.28,17.02,25.53
2004-03-15,38.3,17.8,21.92
2004-03-16,40.21,19.24,17.57
2004-03-17,40.36,18.4,13.8
2004-03-18,39.91,18.13,13.47
2004-03-19,39.41,20.21,18.73
2004-03-20,39.93,19.91,14.97
2004-03-21,40.48,18.76,13.78
2004-03-22,42.67,22.91,14.32
2004-03-23,39.63,21.51,13.79
2004-03-24,37.3,20.69,12.21
2004-03-25,36.81,17.5,8.56
2004-03-26,37.28,16.64,9.77
2004-03-27,36.84,16.99,12.71
2004-03-28,36.24,16.65,13.72
2004-03-29,38.89,18.56,12.59
2004-03-30,38.93,17.59,10.13
2004-03-31,39.64,19.52,9.81
2004-04-01,35.98,20.84,11.63
2004-04-02,39.59,21.83,14.35
2004-04-03,40.92,21.26,19.15
2004-04-04,40.55,20.53,13.94
2004-04-05,40.54,22.57,16.87
2004-04-06,40.84,21.87,17.83
2004-04-07,41.51,23.25,15.3
2004-04-08,41.64,23.7,15.45
2004-04-09,42.32,27.61,16.29
2004-04-10,42.42,25.6,18.15
2004-04-11,43.14,23.61,11.32
2004-04-12,42.8,22.27,9.82
2004-04-13,42.55,23.91,11.19
2004-04-14,42.22,23.97,12.88
2004-04-15,43.72,24.37,11.76
2004-04-16,43.89,24.84,12.11
2004-04-17,42.52,27.24,15.0
2004-04-18,41.32,25.78,17.65
2004-04-19,42.77,24.56,13.89
2004-04-20,40.05,24.91,18.67
2004-04-21,41.88,25.65,25.9
2004-04-22,41.14,26.1,20.09
2004-04-23,36.17,23.31,35.42
2004-04-24,35.88,20.02,41.72
2004-04-25,37.57,21.11,34.15
2004-04-26,38.3,21.75,32.04
2004-04-27,39.83,24.06,28.65
2004-04-28,41.23,24.43,30.24
2004-04-29,40.44,25.46,34.86
2004-04-30,37.05,21.68,62.11
2004-05-01,33.54,20.19,50.07
2004-05-02,35.28,21.2,34.33
2004-05-03,37.31,17.78,32.9
2004-05-04,38.92,20.71,32.71
2004-05-05,39.82,23.44,26.32
2004-05-06,40.79,22.91,23.43
2004-05-07,41.19,26.15,18.87
2004-05-08,41.91,22.9,33.64
2004-05-09,41.0,24.24,31.99
2004-05-10,43.55,24.34,29.07
2004-05-11,43.86,23.29,23.8
2004-05-12,42.23,28.23,35.53
2004-05-13,43.27,28.16,37.8
2004-05-14,44.87,28.32,33.03
2004-05-15,44.93,28.48,30.16
2004-05-16,44.38,29.66,32.27
2004-05-17,45.19,29.72,23.51
2004-05-18,44.96,28.14,19.41
2004-05-19,44.95,26.55,20.17
2004-05-20,44.78,29.07,25.3
2004-05-21,44.84,28.65,25.66
2004-05-22,44.6,28.97,21.5
2004-05-23,43.64,27.79,28.73
2004-05-24,38.72,26.69,35.33
2004-05-25,42.14,26.35,30.0
2004-05-26,40.93,27.86,32.47
2004-05-27,42.53,27.67,32.2
2004-05-28,40.84,28.07,31.16
2004-05-29,41.51,25.88,31.65
2004-05-30,44.27,27.41,23.19
2004-05-31,46.2,29.91,20.49
2004-06-01,46.42,29.66,20.47
2004-06-02,45.36,29.71,21.05
2004-06-03,45.01,30.17,17.46
2004-06-04,45.57,29.52,17.72
2004-06-05,44.75,31.09,18.26
2004-06-06,42.29,28.22,29.02
2004-06-07,42.5,27.71,35.43
2004-06-08,41.75,26.78,38.51
2004-06-09,39.18,28.38,38.55
2004-06-10,39.34,27.8,36.26
2004-06-11,41.85,28.66,29.49
2004-06-12,43.45,28.86,25.24
2004-06-13,41.74,30.88,32.75
2004-06-14,41.53,30.14,37.92
2004-06-15,37.64,29.05,45.18
2004-06-16,42.1,29.34,46.62
2004-06-17,39.17,28.56,52.78
2004-06-18,34.17,27.63,70.0
2004-06-19,34.45,27.15,71.62
2004-06-20,39.53,28.99,52.88
2004-06-21,41.86,30.23,46.06
2004-06-22,42.12,30.15,40.9
2004-06-23,39.49,31.42,42.48
2004-06-24,38.92,28.8,48.25
2004-06-25,39.67,28.26,47.22
2004-06-26,39.34,29.1,47.67
2004-06-27,40.44,28.4,44.02
2004-06-28,41.63,28.04,37.88
2004-06-29,43.34,27.45,31.45
2004-06-30,44.4,29.64,33.52
2004-07-01,44.5,29.72,31.95
2004-07-02,44.65,29.1,31.2
2004-07-03,43.04,31.25,39.48
2004-07-04,37.59,30.2,51.37
2004-07-05,38.33,29.74,51.4
2004-07-06,39.18,28.85,52.75
2004-07-07,40.82,29.56,52.47
2004-07-08,39.38,30.07,50.8
2004-07-09,40.49,30.12,44.55
2004-07-10,39.97,30.43,42.16
2004-07-11,39.64,31.0,43.59
2004-07-12,41.86,30.29,37.86
2004-07-13,40.4,29.14,47.82
2004-07-14,41.46,27.69,47.07
2004-07-15,40.98,28.93,50.28
2004-07-16,37.65,28.84,59.43
2004-07-17,37.99,27.15,59.15
2004-07-18,42.08,28.68,45.23
2004-07-19,41.36,29.83,41.69
2004-07-20,42.07,28.64,39.12
2004-07-21,42.92,29.14,35.44
2004-07-22,40.55,29.24,38.39
2004-07-23,42.12,28.0,38.57
2004-07-24,40.49,28.68,47.55
2004-07-25,38.07,28.3,56.32
2004-07-26,36.24,27.97,62.3
2004-07-27,39.95,27.39,54.94
2004-07-28,35.69,27.94,63.61
2004-07-29,36.51,27.17,62.16
2004-07-30,34.37,26.99,63.75
2004-07-31,32.27,26.93,68.79
2004-08-01,34.73,27.04,70.0
2004-08-02,33.91,26.82,76.96
2004-08-03,31.83,26.5,82.4
2004-08-04,34.72,26.3,72.41
2004-08-05,35.0,26.68,73.53
2004-08-06,34.75,25.04,73.07
2004-08-07,34.97,26.85,74.14
2004-08-08,36.54,27.26,70.56
2004-08-09,31.58,26.33,80.21
2004-08-10,32.67,25.57,79.12
2004-08-11,32.87,25.96,78.41
2004-08-12,33.92,25.39,77.35
2004-08-13,33.09,26.69,76.72
2004-08-14,34.29,26.08,74.37
2004-08-15,34.85,26.45,70.41
2004-08-16,31.72,26.88,82.1
2004-08-17,32.87,26.18,78.15
2004-08-18,33.02,26.54,79.68
2004-08-19,34.57,26.11,77.54
2004-08-20,30.05,25.81,81.38
2004-08-21,35.21,25.42,71.14
2004-08-22,33.25,26.16,78.61
2004-08-23,30.5,25.39,86.15
2004-08-24,29.65,25.23,90.11
2004-08-25,28.59,24.89,92.23
2004-08-26,32.53,24.2,81.18
2004-08-27,33.78,24.78,77.78
2004-08-28,35.24,23.21,76.39
2004-08-29,34.29,23.32,75.28
2004-08-30,35.08,23.53,72.4
2004-08-31,35.92,22.64,68.24
2004-09-01,35.1,21.74,67.24
2004-09-02,35.18,21.62,63.76
2004-09-03,36.59,21.83,56.47
2004-09-04,37.08,21.09,54.54
2004-09-05,37.4,20.82,55.77
2004-09-06,37.06,22.61,55.19
2004-09-07,37.35,23.91,55.39
2004-09-08,39.34,23.36,49.84
2004-09-09,38.16,22.08,52.6
2004-09-10,37.64,22.31,58.03
2004-09-11,36.69,22.94,58.6
2004-09-12,36.49,25.13,60.78
2004-09-13,37.11,24.98,59.07
2004-09-14,37.09,26.3,58.81
2004-09-15,34.3,24.9,73.35
2004-09-16,32.81,23.65,75.69
2004-09-17,34.68,22.81,67.35
2004-09-18,35.49,23.76,62.42
2004-09-19,36.58,24.26,59.4
2004-09-20,36.06,23.43,59.7
2004-09-21,33.16,23.15,74.84
2004-09-22,30.13,22.79,80.39
2004-09-23,36.26,22.29,60.3
2004-09-24,37.29,22.67,47.99
2004-09-25,37.26,23.46,38.01
2004-09-26,37.75,22.77,39.87
2004-09-27,38.42,22.0,36.47
2004-09-28,38.29,23.19,37.92
2004-09-29,37.54,23.58,46.16
2004-09-30,37.36,23.59,48.0
2004-10-01,38.7,25.69,47.75
2004-10-02,33.27,25.21,68.18
2004-10-03,30.71,24.5,79.92
2004-10-04,32.86,23.75,69.97
2004-10-05,34.13,22.53,62.41
2004-10-06,34.8,22.69,54.1
2004-10-07,35.16,22.64,47.71
2004-10-08,35.62,21.98,45.41
2004-10-09,35.49,21.03,52.48
2004-10-10,31.69,24.08,68.61
2004-10-11,32.11,21.33,75.42
2004-10-12,29.75,19.23,72.29
2004-10-13,29.95,17.46,55.98
2004-10-14,30.81,16.87,49.19
2004-10-15,31.25,18.0,43.72
2004-10-16,31.52,16.32,42.82
2004-10-17,31.68,16.99,43.79
2004-10-18,32.8,19.26,42.56
2004-10-19,33.58,18.86,43.87
2004-10-20,32.53,18.12,46.94
2004-10-21,32.29,19.47,44.61
2004-10-22,32.58,18.48,41.92
2004-10-23,31.93,16.85,34.6
2004-10-24,31.35,18.18,33.75
2004-10-25,30.39,15.44,39.48
2004-10-26,30.95,16.85,40.8
2004-10-27,30.17,16.65,43.41
2004-10-28,30.17,17.02,43.64
2004-10-29,28.96,16.67,52.86
2004-10-30,29.49,17.19,49.77
2004-10-31,28.8,14.81,43.3
2004-11-01,29.44,14.04,38.06
2004-11-02,29.54,12.71,36.95
2004-11-03,29.89,12.24,39.06
2004-11-04,29.96,11.82,34.38
2004-11-05,29.98,15.32,29.88
2004-11-06,29.33,15.68,32.42
2004-11-07,30.2,14.35,36.67
2004-11-08,29.14,13.34,32.32
2004-11-09,29.6,13.78,30.83
2004-11-10,29.66,14.46,28.6
2004-11-11,29.52,14.91,27.88
2004-11-12,28.82,14.11,28.63
2004-11-13,29.58,15.83,30.41
2004-11-14,29.86,11.76,36.0
2004-11-15,29.17,13.45,37.26
2004-11-16,30.08,12.59,37.28
2004-11-17,29.64,16.94,32.72
2004-11-18,30.69,18.04,33.71
2004-11-19,30.55,13.4,37.49
2004-11-20,29.37,13.05,38.61
2004-11-21,29.86,14.85,38.61
2004-11-22,29.92,14.38,44.71
2004-11-23,28.15,12.21,54.87
2004-11-24,27.75,12.39,61.44
2004-11-25,27.86,12.82,65.11
2004-11-26,26.89,13.99,65.54
2004-11-27,26.73,13.93,62.38
2004-11-28,26.68,12.61,50.72
2004-11-29,24.48,11.46,49.38
2004-11-30,26.58,13.42,50.99
2004-12-01,26.77,14.15,51.13
2004-12-02,26.99,14.2,47.18
2004-12-03,27.84,14.02,47.89
2004-12-04,27.73,11.83,41.47
2004-12-05,27.25,13.03,39.05
2004-12-06,26.89,9.31,36.63
2004-12-07,23.29,10.7,38.77
2004-12-08,24.79,10.92,42.77
2004-12-09,24.39,7.16,35.25
2004-12-10,25.5,9.04,30.85
2004-12-11,24.63,11.36,35.14
2004-12-12,25.42,13.47,37.61
2004-12-13,26.83,9.69,39.17
2004-12-14,26.47,8.96,37.0
2004-12-15,27.25,8.67,38.49
2004-12-16,27.45,9.3,38.78
2004-12-17,26.14,10.38,40.07
2004-12-18,25.66,10.77,45.09
2004-12-19,25.86,11.62,46.64
2004-12-20,21.8,9.62,64.99
2004-12-21,23.22,10.28,60.56
2004-12-22,23.15,9.47,60.57
2004-12-23,22.12,9.79,60.08
2004-12-24,23.12,11.17,49.34
2004-12-25,21.5,7.08,45.14
2004-12-26,21.65,5.62,37.26
2004-12-27,22.32,3.58,27.6
2004-12-28,22.52,6.34,25.28
2004-12-29,24.73,8.45,31.0
2004-12-30,21.51,11.49,41.84
2004-12-31,18.55,13.47,53.88
2005-01-01,25.06,11.49,62.21
2005-01-02,23.62,9.44,61.6
2005-01-03,22.68,8.18,51.53
2005-01-04,22.67,5.64,49.16
2005-01-05,21.05,7.35,47.46
2005-01-06,22.25,5.5,47.42
2005-01-07,23.4,5.49,42.65
2005-01-08,23.6,5.87,42.6
2005-01-09,23.62,9.41,40.05
2005-01-10,23.43,9.79,42.49
2005-01-11,22.81,7.29,43.42
2005-01-12,22.95,5.72,38.13
2005-01-13,24.08,5.47,29.35
2005-01-14,25.42,8.32,29.22
2005-01-15,25.05,10.24,37.16
2005-01-16,22.95,11.08,49.95
2005-01-17,20.82,8.39,74.6
2005-01-18,20.64,8.05,60.68
2005-01-19,20.63,4.64,37.42
2005-01-20,21.28,4.94,36.44
2005-01-21,17.86,7.3,38.97
2005-01-22,19.96,7.54,57.86
2005-01-23,17.87,6.54,69.8
2005-01-24,20.26,6.61,56.21
2005-01-25,16.83,7.81,58.34
2005-01-26,23.25,7.69,52.07
2005-01-27,23.11,8.7,46.97
2005-01-28,20.53,9.7,68.88
2005-01-29,21.71,7.77,62.84
2005-01-30,22.79,6.77,52.53
2005-01-31,23.62,8.26,50.85
2005-02-01,21.37,6.61,46.75
2005-02-02,23.13,6.2,41.35
2005-02-03,22.21,5.62,34.87
2005-02-04,24.42,7.76,33.05
2005-02-05,23.56,7.07,39.51
2005-02-06,22.69,8.74,54.3
2005-02-07,25.3,12.35,54.95
2005-02-08,24.5,11.33,65.92
2005-02-09,25.63,12.01,59.16
2005-02-10,24.64,14.35,52.66
2005-02-11,28.69,13.72,48.79
2005-02-12,29.1,12.55,50.2
2005-02-13,28.26,13.01,51.59
2005-02-14,24.71,14.27,54.91
2005-02-15,25.23,13.6,67.2
2005-02-16,24.29,9.84,51.9
2005-02-17,26.06,8.96,41.78
2005-02-18,26.05,9.46,52.99
2005-02-19,25.16,6.48,37.33
2005-02-20,22.46,5.02,42.48
2005-02-21,22.1,5.36,42.27
2005-02-22,22.29,5.38,47.09
2005-02-23,25.02,7.06,48.08
2005-02-24,27.09,10.35,40.03
2005-02-25,27.9,10.6,40.78
2005-02-26,29.01,10.3,40.66
2005-02-27,30.3,12.33,40.47
2005-02-28,28.41,13.35,38.66
2005-03-01,30.01,14.42,44.77
2005-03-02,31.75,14.27,49.33
2005-03-03,34.53,16.17,43.68
2005-03-04,28.97,18.22,53.3
2005-03-05,31.39,15.35,56.03
2005-03-06,32.78,17.49,46.5
2005-03-07,28.56,16.83,49.16
2005-03-08,31.03,16.85,56.27
2005-03-09,28.26,18.41,68.01
2005-03-10,27.92,15.31,62.14
2005-03-11,27.32,15.8,52.42
2005-03-12,31.04,13.95,50.06
2005-03-13,32.43,14.03,42.82
2005-03-14,32.75,16.94,43.76
2005-03-15,35.25,16.91,44.16
2005-03-16,36.53,20.53,40.99
2005-03-17,37.36,20.06,40.83
2005-03-18,37.51,21.09,38.75
2005-03-19,36.47,18.03,40.33
2005-03-20,35.63,18.84,39.33
2005-03-21,36.35,19.28,47.56
2005-03-22,31.52,16.44,50.23
2005-03-23,32.44,15.08,40.37
2005-03-24,31.88,14.67,41.81
2005-03-25,32.86,14.63,38.09
2005-03-26,34.28,15.68,36.9
2005-03-27,36.14,17.93,35.29
2005-03-28,35.5,18.31,34.27
2005-03-29,35.06,16.33,31.3
2005-03-30,34.12,16.29,27.93
2005-03-31,33.64,14.27,27.9
2005-04-01,35.01,14.4,26.72
2005-04-02,35.47,14.68,24.78
2005-04-03,36.83,15.47,25.34
2005-04-04,38.01,15.88,24.25
2005-04-05,39.44,19.95,21.56
2005-04-06,40.29,19.18,19.29
2005-04-07,40.79,20.08,14.8
2005-04-08,36.18,18.2,10.67
2005-04-09,34.92,16.1,10.44
2005-04-10,32.77,14.12,12.26
2005-04-11,33.16,15.18,16.94
2005-04-12,35.5,14.33,15.96
2005-04-13,38.9,16.6,17.26
2005-04-14,39.36,19.3,15.6
2005-04-15,40.9,20.8,13.16
2005-04-16,39.62,20.21,17.0
2005-04-17,38.66,20.62,16.43
2005-04-18,39.62,20.37,13.26
2005-04-19,40.84,23.08,11.72
2005-04-20,42.21,21.26,11.26
2005-04-21,41.84,22.09,11.97
2005-04-22,42.81,24.82,18.92
2005-04-23,40.33,26.17,20.66
2005-04-24,39.49,25.06,24.43
2005-04-25,40.09,25.9,27.24
2005-04-26,41.04,25.4,25.33
2005-04-27,39.58,24.16,24.14
2005-04-28,38.18,23.08,28.95
2005-04-29,32.53,23.9,39.54
2005-04-30,37.14,22.06,34.07
2005-05-01,36.89,23.67,36.5
2005-05-02,36.06,25.74,35.96
2005-05-03,35.6,23.4,41.4
2005-05-04,36.72,23.57,37.75
2005-05-05,38.08,23.82,34.51
2005-05-06,40.69,24.34,30.89
2005-05-07,42.11,25.25,25.92
2005-05-08,42.11,26.4,26.16
2005-05-09,40.88,23.36,22.35
2005-05-10,39.45,23.31,21.02
2005-05-11,41.24,22.96,15.5
2005-05-12,42.64,23.77,12.92
2005-05-13,43.67,24.47,11.52
2005-05-14,42.63,25.38,12.15
2005-05-15,42.22,25.09,12.26
2005-05-16,44.76,24.88,11.91
2005-05-17,45.27,27.32,11.75
2005-05-18,44.76,28.58,13.63
2005-05-19,44.47,29.44,12.86
2005-05-20,44.56,27.26,11.15
2005-05-21,44.43,26.14,10.82
2005-05-22,44.08,28.05,18.02
2005-05-23,43.96,27.93,19.98
2005-05-24,43.95,29.53,17.1
2005-05-25,44.34,28.75,13.55
2005-05-26,43.02,29.64,14.45
2005-05-27,43.2,30.75,15.74
2005-05-28,43.31,28.02,11.25
2005-05-29,42.75,27.52,13.26
2005-05-30,42.97,28.31,17.98
2005-05-31,43.17,29.62,19.9
2005-06-01,43.78,27.65,15.9
2005-06-02,45.3,27.86,15.54
2005-06-03,45.14,30.25,17.79
2005-06-04,46.48,31.77,15.31
2005-06-05,46.85,29.69,13.39
2005-06-06,46.06,33.27,16.16
2005-06-07,42.23,28.51,36.8
2005-06-08,42.28,26.58,34.84
2005-06-09,43.16,30.82,24.75
2005-06-10,43.4,27.98,25.94
2005-06-11,44.47,28.05,22.38
2005-06-12,43.59,30.23,20.76
2005-06-13,43.65,27.55,21.66
2005-06-14,42.88,29.48,23.92
2005-06-15,44.32,28.83,19.99
2005-06-16,45.63,30.36,17.27
2005-06-17,45.97,31.88,17.93
2005-06-18,46.11,32.3,17.86
2005-06-19,47.59,31.19,16.07
2005-06-20,48.43,31.82,16.12
2005-06-21,47.54,32.13,15.39
2005-06-22,48.0,34.3,17.87
2005-06-23,46.87,34.38,29.37
2005-06-24,43.78,31.55,42.01
2005-06-25,44.28,33.16,38.84
2005-06-26,41.18,33.52,46.05
2005-06-27,40.17,31.81,50.19
2005-06-28,39.16,31.31,50.33
2005-06-29,35.73,30.37,59.12
2005-06-30,38.41,28.03,59.25
2005-07-01,40.72,29.64,49.26
2005-07-02,39.72,28.64,52.99
2005-07-03,36.59,28.71,60.06
2005-07-04,35.06,27.98,64.2
2005-07-05,33.12,26.51,70.09
2005-07-06,29.36,25.78,81.65
2005-07-07,34.3,25.16,73.14
2005-07-08,38.6,26.54,59.2
2005-07-09,40.67,29.23,52.12
2005-07-10,41.04,29.6,51.27
2005-07-11,32.49,27.11,80.26
2005-07-12,32.61,26.24,80.54
2005-07-13,30.68,25.9,86.24
2005-07-14,32.44,25.97,82.83
2005-07-15,33.77,25.61,78.03
2005-07-16,33.69,26.01,77.39
2005-07-17,32.32,25.27,81.52
2005-07-18,34.14,25.37,78.38
2005-07-19,35.86,25.93,73.09
2005-07-20,37.43,26.38,66.51
2005-07-21,37.71,26.68,64.9
2005-07-22,37.58,27.09,64.6
2005-07-23,36.81,27.24,67.37
2005-07-24,36.15,26.77,69.47
2005-07-25,35.43,26.49,71.92
2005-07-26,32.18,26.55,79.73
2005-07-27,34.55,25.5,75.86
2005-07-28,34.78,26.56,73.2
2005-07-29,35.3,26.41,73.3
2005-07-30,33.77,27.04,74.86
2005-07-31,36.5,27.49,68.93
2005-08-01,36.7,28.31,70.94
2005-08-02,36.59,27.61,70.36
2005-08-03,35.4,27.65,72.92
2005-08-04,34.67,27.29,74.58
2005-08-05,36.7,28.03,69.6
2005-08-06,35.22,27.44,74.22
2005-08-07,35.88,27.01,67.63
2005-08-08,35.81,26.53,65.78
2005-08-09,36.54,26.12,59.37
2005-08-10,37.81,26.88,54.37
2005-08-11,37.55,26.86,54.92
2005-08-12,38.17,27.4,51.9
2005-08-13,37.11,28.09,55.86
2005-08-14,39.71,28.4,55.27
2005-08-15,37.48,28.28,56.42
2005-08-16,35.88,28.68,63.35
2005-08-17,34.67,27.06,73.07
2005-08-18,37.6,26.35,64.54
2005-08-19,35.96,28.3,59.25
2005-08-20,35.4,27.68,68.47
2005-08-21,36.25,26.21,68.01
2005-08-22,38.13,27.01,57.08
2005-08-23,38.43,25.61,54.51
2005-08-24,37.92,26.47,52.05
2005-08-25,38.66,24.61,52.63
2005-08-26,38.11,25.39,50.57
2005-08-27,38.67,25.23,48.72
2005-08-28,39.11,25.12,46.44
2005-08-29,39.33,25.23,46.44
2005-08-30,39.96,23.63,40.14
2005-08-31,39.68,22.98,41.66
2005-09-01,39.44,24.25,44.82
2005-09-02,40.1,26.21,50.22
2005-09-03,40.2,27.06,54.27
2005-09-04,39.35,26.19,53.27
2005-09-05,39.08,26.82,55.32
2005-09-06,37.67,27.2,58.45
2005-09-07,35.42,27.07,60.8
2005-09-08,37.23,26.41,56.63
2005-09-09,36.84,27.06,65.69
2005-09-10,33.4,26.58,69.82
2005-09-11,35.01,25.7,63.63
2005-09-12,32.5,25.3,75.92
2005-09-13,33.28,23.93,74.77
2005-09-14,30.52,23.78,78.73
2005-09-15,29.65,23.11,76.64
2005-09-16,28.97,22.63,89.21
2005-09-17,28.13,22.59,89.98
2005-09-18,29.99,23.42,86.71
2005-09-19,32.83,23.24,78.11
2005-09-20,34.24,24.27,74.4
2005-09-21,32.35,24.62,82.67
2005-09-22,31.65,24.97,83.7
2005-09-23,29.61,23.95,89.09
2005-09-24,27.31,24.85,94.83
2005-09-25,30.0,23.29,81.97
2005-09-26,32.12,21.35,72.16
2005-09-27,32.26,20.46,69.83
2005-09-28,31.88,20.64,69.85
2005-09-29,32.98,20.78,66.68
2005-09-30,32.31,19.59,66.77
2005-10-01,32.05,18.31,65.05
2005-10-02,32.32,19.66,61.26
2005-10-03,32.94,19.16,59.91
2005-10-04,32.88,19.07,60.52
2005-10-05,33.07,16.77,61.93
2005-10-06,32.67,17.22,61.0
2005-10-07,33.12,17.86,63.51
2005-10-08,33.05,19.11,60.64
2005-10-09,33.54,18.07,53.84
2005-10-10,32.95,18.25,57.66
2005-10-11,33.51,18.14,63.91
2005-10-12,33.34,20.16,60.12
2005-10-13,33.43,19.95,55.51
2005-10-14,32.5,18.48,60.66
2005-10-15,32.24,18.27,64.91
2005-10-16,31.89,17.94,63.44
2005-10-17,32.51,17.98,58.0
2005-10-18,31.96,18.08,59.74
2005-10-19,31.73,17.74,63.6
2005-10-20,30.45,18.07,72.58
2005-10-21,30.33,18.04,69.48
2005-10-22,31.76,18.02,52.56
2005-10-23,31.43,16.73,44.59
2005-10-24,30.4,15.4,60.37
2005-10-25,30.64,16.92,63.5
2005-10-26,32.58,16.68,51.62
2005-10-27,32.36,17.51,40.5
2005-10-28,30.26,14.55,50.92
2005-10-29,30.29,15.77,44.97
2005-10-30,31.25,13.17,42.5
2005-10-31,29.34,13.16,50.43
2005-11-01,29.48,13.11,55.42
2005-11-02,29.91,13.38,57.9
2005-11-03,29.34,14.68,56.84
2005-11-04,30.48,17.66,46.18
2005-11-05,28.57,14.9,45.99
2005-11-06,28.55,11.51,42.97
2005-11-07,28.25,11.12,44.15
2005-11-08,28.75,12.25,40.51
2005-11-09,29.13,11.96,40.51
2005-11-10,28.94,11.99,41.94
2005-11-11,29.85,12.55,40.66
2005-11-12,30.38,11.96,40.25
2005-11-13,30.35,13.66,42.14
2005-11-14,30.28,13.2,38.4
2005-11-15,29.37,12.47,35.4
2005-11-16,29.43,11.92,34.44
2005-11-17,28.56,10.72,32.02
2005-11-18,28.38,8.6,26.11
2005-11-19,28.96,13.8,27.18
2005-11-20,28.55,12.33,31.96
2005-11-21,29.51,13.63,28.01
2005-11-22,30.49,13.07,33.09
2005-11-23,29.59,14.58,35.34
2005-11-24,28.23,12.36,37.5
2005-11-25,27.4,12.15,35.9
2005-11-26,25.97,11.11,38.63
2005-11-27,26.61,11.63,41.76
2005-11-28,28.15,12.51,39.83
2005-11-29,27.64,13.57,40.74
2005-11-30,25.49,10.91,45.23
2005-12-01,24.87,8.55,35.48
2005-12-02,24.33,6.51,34.18
2005-12-03,24.33,6.33,35.29
2005-12-04,25.38,6.23,32.5
2005-12-05,26.32,6.66,30.46
2005-12-06,26.04,7.34,29.67
2005-12-07,26.28,11.11,27.42
2005-12-08,26.12,9.99,31.77
2005-12-09,25.52,9.16,32.5
2005-12-10,24.83,9.08,35.6
2005-12-11,24.72,5.93,29.55
2005-12-12,23.04,8.5,25.67
2005-12-13,23.33,5.49,33.05
2005-12-14,24.35,4.53,30.75
2005-12-15,23.49,4.82,28.05
2005-12-16,24.29,8.52,29.46
2005-12-17,23.28,7.55,31.88
2005-12-18,23.59,6.78,30.81
2005-12-19,21.76,6.28,28.49
2005-12-20,21.1,5.24,46.34
2005-12-21,21.22,8.43,50.19
2005-12-22,22.85,8.88,48.84
2005-12-23,21.06,7.92,72.7
2005-12-24,21.53,6.65,65.07
2005-12-25,21.92,5.23,40.13
2005-12-26,22.31,5.08,32.81
2005-12-27,23.13,9.2,30.31
2005-12-28,22.0,9.47,33.8
2005-12-29,23.56,9.1,34.82
2005-12-30,22.93,10.04,38.9
2005-12-31,21.94,6.55,48.7
2006-01-01,24.61,7.83,50.21
2006-01-02,23.93,11.11,50.09
2006-01-03,21.41,9.01,60.05
2006-01-04,21.29,5.88,44.8
2006-01-05,21.59,4.69,39.46
2006-01-06,21.61,3.44,30.71
2006-01-07,22.56,2.4,31.6
2006-01-08,21.23,2.0,31.75
2006-01-09,20.9,2.38,34.27
2006-01-10,21.12,7.1,34.61
2006-01-11,24.01,4.28,31.46
2006-01-12,25.49,5.45,31.62
2006-01-13,25.05,5.73,33.03
2006-01-14,26.53,7.16,31.24
2006-01-15,25.59,10.52,32.68
2006-01-16,27.19,9.12,33.3
2006-01-17,27.11,9.93,43.37
2006-01-18,25.44,14.62,44.53
2006-01-19,25.43,11.84,38.36
2006-01-20,25.07,9.06,30.01
2006-01-21,22.81,7.61,33.06
2006-01-22,22.84,7.16,26.9
2006-01-23,21.2,4.28,25.34
2006-01-24,22.62,4.67,28.24
2006-01-25,23.93,5.11,26.68
2006-01-26,24.1,5.41,25.71
2006-01-27,25.33,5.09,25.45
2006-01-28,26.48,7.71,25.27
2006-01-29,27.7,7.5,27.84
2006-01-30,30.12,10.15,32.35
2006-01-31,31.32,11.16,27.09
2006-02-01,30.24,13.19,23.79
2006-02-02,30.63,15.42,21.54
2006-02-03,29.69,11.95,29.55
2006-02-04,29.58,10.94,25.76
2006-02-05,30.62,9.69,23.87
2006-02-06,29.77,12.71,18.56
2006-02-07,31.14,12.82,20.2
2006-02-08,28.77,10.25,31.27
2006-02-09,30.34,11.45,30.05
2006-02-10,29.86,12.36,24.29
2006-02-11,31.12,11.66,23.61
2006-02-12,33.08,15.38,19.33
2006-02-13,33.5,15.73,20.81
2006-02-14,33.56,17.34,22.3
2006-02-15,28.77,17.92,25.47
2006-02-16,33.08,15.22,29.2
2006-02-17,33.42,14.79,29.3
2006-02-18,33.43,15.98,32.1
2006-02-19,35.03,16.82,34.02
2006-02-20,33.54,18.12,32.98
2006-02-21,34.98,16.91,31.39
2006-02-22,35.25,16.16,23.96
2006-02-23,35.73,17.11,26.58
2006-02-24,35.3,17.33,24.86
2006-02-25,35.31,16.86,22.32
2006-02-26,35.05,19.54,25.62
2006-02-27,32.86,17.83,32.21
2006-02-28,31.87,13.69,23.96
2006-03-01,31.64,12.12,16.2
2006-03-02,32.58,11.81,14.71
2006-03-03,33.17,13.87,14.33
2006-03-04,33.17,14.55,15.94
2006-03-05,34.44,15.37,16.26
2006-03-06,34.45,19.44,25.06
2006-03-07,34.39,15.04,26.92
2006-03-08,35.41,16.63,27.65
2006-03-09,31.29,20.07,52.86
2006-03-10,25.33,17.18,65.98
2006-03-11,25.03,16.16,74.67
2006-03-12,28.45,14.21,60.36
2006-03-13,30.88,15.98,45.94
2006-03-14,23.45,16.68,65.48
2006-03-15,28.07,14.11,58.23
2006-03-16,30.19,15.33,44.77
2006-03-17,30.58,13.08,35.66
2006-03-18,29.88,11.76,36.27
2006-03-19,32.43,12.45,34.11
2006-03-20,35.11,15.39,31.02
2006-03-21,32.51,15.04,39.39
2006-03-22,32.29,14.91,35.65
2006-03-23,35.3,15.25,29.84
2006-03-24,37.2,17.39,29.66
2006-03-25,33.34,18.77,35.47
2006-03-26,33.47,18.23,33.86
2006-03-27,32.74,16.03,36.13
2006-03-28,32.83,15.77,30.2
2006-03-29,33.54,15.19,30.68
2006-03-30,34.81,14.96,26.43
2006-03-31,36.51,18.4,23.45
2006-04-01,37.07,20.63,18.34
2006-04-02,38.67,18.82,17.33
2006-04-03,38.34,20.33,22.59
2006-04-04,38.87,19.17,17.84
2006-04-05,40.29,20.12,19.46
2006-04-06,41.58,21.19,18.23
2006-04-07,41.26,22.5,16.16
2006-04-08,41.54,22.11,15.18
2006-04-09,40.97,23.11,17.42
2006-04-10,38.03,23.64,20.95
2006-04-11,38.04,20.97,16.25
2006-04-12,38.19,19.33,11.88
2006-04-13,37.84,17.61,6.91
2006-04-14,38.44,17.59,7.93
2006-04-15,40.05,20.15,7.7
2006-04-16,39.34,23.42,12.34
2006-04-17,38.62,21.09,16.26
2006-04-18,35.41,20.81,34.32
2006-04-19,36.74,20.87,30.21
2006-04-20,38.57,21.52,26.52
2006-04-21,38.36,22.47,25.62
2006-04-22,39.82,24.22,21.48
2006-04-23,41.9,23.87,19.42
2006-04-24,41.72,24.3,18.24
2006-04-25,43.07,25.34,15.46
2006-04-26,43.46,24.64,16.39
2006-04-27,44.26,27.51,13.99
2006-04-28,43.73,26.95,15.47
2006-04-29,42.96,26.08,17.66
2006-04-30,44.31,27.89,17.4
2006-05-01,44.13,27.44,16.88
2006-05-02,43.5,28.12,15.35
2006-05-03,43.64,26.8,17.57
2006-05-04,43.1,27.05,16.01
2006-05-05,46.26,26.9,11.57
2006-05-06,46.32,26.73,12.61
2006-05-07,46.05,28.24,12.97
2006-05-08,44.91,27.23,14.54
2006-05-09,43.99,26.85,19.64
2006-05-10,43.58,27.83,24.92
2006-05-11,45.31,28.58,20.86
2006-05-12,46.0,28.83,19.91
2006-05-13,45.99,27.85,18.57
2006-05-14,45.68,29.83,19.47
2006-05-15,42.27,26.67,41.78
2006-05-16,42.21,29.94,38.55
2006-05-17,38.39,26.32,46.47
2006-05-18,41.13,27.78,36.99
2006-05-19,42.33,29.44,34.02
2006-05-20,39.76,28.83,41.75
2006-05-21,40.51,29.54,40.15
2006-05-22,35.91,28.63,55.88
2006-05-23,38.68,28.22,45.22
2006-05-24,41.33,29.1,39.81
2006-05-25,43.11,30.47,36.49
2006-05-26,43.05,29.28,36.35
2006-05-27,44.72,29.45,34.92
2006-05-28,44.63,29.17,35.51
2006-05-29,43.27,29.45,37.89
2006-05-30,44.4,29.16,31.22
2006-05-31,44.53,29.5,23.9
2006-06-01,43.93,28.59,30.32
2006-06-02,39.88,29.2,40.18
2006-06-03,29.35,26.35,69.25
2006-06-04,38.88,24.8,53.43
2006-06-05,41.29,25.63,46.42
2006-06-06,41.76,26.9,30.94
2006-06-07,42.1,28.79,26.69
2006-06-08,43.76,28.33,22.13
2006-06-09,44.33,28.02,19.44
2006-06-10,44.99,28.06,18.99
2006-06-11,44.83,29.5,19.23
2006-06-12,44.09,29.8,21.81
2006-06-13,42.73,29.03,24.98
2006-06-14,42.57,28.83,25.71
2006-06-15,43.04,30.04,28.16
2006-06-16,41.44,30.48,41.24
2006-06-17,41.17,29.49,36.45
2006-06-18,41.57,27.57,33.68
2006-06-19,41.11,26.91,34.0
2006-06-20,37.5,25.88,49.08
2006-06-21,41.45,27.08,38.97
2006-06-22,42.04,29.31,37.51
2006-06-23,41.51,29.71,40.33
2006-06-24,41.77,29.92,44.06
2006-06-25,38.41,27.85,56.17
2006-06-26,34.34,27.77,71.58
2006-06-27,36.16,26.55,67.08
2006-06-28,38.36,28.82,56.58
2006-06-29,37.44,28.99,55.12
2006-06-30,37.95,28.08,55.0
2006-07-01,40.63,30.06,47.42
2006-07-02,42.11,29.89,43.85
2006-07-03,41.68,31.11,45.84
2006-07-04,41.52,31.53,44.37
2006-07-05,40.49,30.11,49.44
2006-07-06,39.82,30.77,50.17
2006-07-07,42.14,30.77,43.63
2006-07-08,38.75,32.29,54.23
2006-07-09,33.24,27.94,70.91
2006-07-10,34.03,27.09,75.27
2006-07-11,35.47,25.63,73.89
2006-07-12,32.07,26.76,80.87
2006-07-13,36.25,25.72,71.16
2006-07-14,36.54,27.04,64.55
2006-07-15,39.6,28.19,53.0
2006-07-16,38.72,28.66,55.28
2006-07-17,36.52,27.43,65.23
2006-07-18,34.99,27.47,74.57
2006-07-19,35.26,27.1,69.95
2006-07-20,35.13,26.45,71.23
2006-07-21,36.8,26.1,67.58
2006-07-22,33.25,26.14,71.88
2006-07-23,36.25,26.18,69.64
2006-07-24,33.92,26.72,74.13
2006-07-25,34.8,26.93,75.1
2006-07-26,28.99,25.97,91.28
2006-07-27,27.34,25.41,93.57
2006-07-28,30.14,25.12,87.92
2006-07-29,30.64,24.93,87.02
2006-07-30,33.62,25.81,81.97
2006-07-31,32.69,25.78,81.94
2006-08-01,32.73,25.88,83.76
2006-08-02,32.73,25.67,81.42
2006-08-03,29.74,25.1,87.61
2006-08-04,31.63,25.59,84.36
2006-08-05,30.46,25.23,85.98
2006-08-06,32.02,24.86,83.48
2006-08-07,31.69,25.16,83.33
2006-08-08,32.22,24.83,83.07
2006-08-09,32.73,24.6,81.83
2006-08-10,33.5,25.48,80.58
2006-08-11,34.69,25.37,78.19
2006-08-12,32.7,26.02,76.16
2006-08-13,34.31,26.13,75.61
2006-08-14,35.29,27.39,70.98
2006-08-15,33.57,26.16,75.81
2006-08-16,34.81,26.19,73.24
2006-08-17,36.38,26.59,69.05
2006-08-18,36.64,26.35,65.07
2006-08-19,34.21,26.05,71.14
2006-08-20,35.11,25.65,70.92
2006-08-21,35.89,26.82,65.55
2006-08-22,35.26,27.74,65.72
2006-08-23,33.08,26.31,74.73
2006-08-24,35.24,26.32,69.03
2006-08-25,31.23,25.93,77.29
2006-08-26,35.93,26.67,63.93
2006-08-27,36.58,26.0,59.34
2006-08-28,36.03,26.78,61.62
2006-08-29,34.43,26.72,66.31
2006-08-30,31.4,24.81,81.22
2006-08-31,32.02,24.08,80.37
2006-09-01,29.09,24.42,85.42
2006-09-02,29.92,24.26,89.47
2006-09-03,32.33,23.21,78.43
2006-09-04,33.02,23.91,73.57
2006-09-05,32.48,24.29,79.64
2006-09-06,31.61,24.35,83.01
2006-09-07,33.75,24.66,76.99
2006-09-08,33.96,25.13,74.02
2006-09-09,34.26,24.83,72.81
2006-09-10,34.5,25.26,71.12
2006-09-11,34.95,24.92,67.14
2006-09-12,35.69,25.6,62.88
2006-09-13,35.27,24.66,63.56
2006-09-14,34.75,25.16,66.15
2006-09-15,34.35,25.13,66.37
2006-09-16,34.25,24.52,67.82
2006-09-17,35.92,24.7,65.31
2006-09-18,36.23,24.8,66.0
2006-09-19,36.41,24.18,64.19
2006-09-20,36.21,24.53,66.89
2006-09-21,35.47,24.55,68.75
2006-09-22,34.66,24.15,65.16
2006-09-23,35.38,24.22,55.8
2006-09-24,35.47,20.82,51.67
2006-09-25,35.63,21.6,46.0
2006-09-26,35.06,20.86,51.47
2006-09-27,36.79,20.77,52.21
2006-09-28,36.71,20.61,50.55
2006-09-29,36.1,20.15,44.78
2006-09-30,35.9,19.85,50.49
2006-10-01,37.1,23.98,47.29
2006-10-02,36.75,25.17,44.71
2006-10-03,37.66,23.1,40.07
2006-10-04,38.06,22.33,40.04
2006-10-05,38.46,21.58,42.61
2006-10-06,38.37,20.89,42.4
2006-10-07,38.12,20.58,44.96
2006-10-08,37.16,21.98,43.98
2006-10-09,37.09,24.17,44.3
2006-10-10,37.26,21.38,44.17
2006-10-11,37.09,21.22,46.11
2006-10-12,36.8,21.21,39.01
2006-10-13,36.98,21.34,40.47
2006-10-14,36.34,22.47,45.74
2006-10-15,35.99,21.17,48.22
2006-10-16,35.37,20.43,47.03
2006-10-17,35.53,22.18,45.65
2006-10-18,35.64,21.0,46.36
2006-10-19,32.65,21.92,54.33
2006-10-20,30.84,19.07,61.85
2006-10-21,32.19,20.21,51.63
2006-10-22,30.77,20.62,56.02
2006-10-23,30.64,19.64,60.1
2006-10-24,31.9,19.47,50.4
2006-10-25,32.7,21.11,41.56
2006-10-26,32.5,20.08,39.8
2006-10-27,32.54,18.61,41.86
2006-10-28,31.74,18.4,45.42
2006-10-29,32.68,20.31,43.24
2006-10-30,32.19,17.46,44.31
2006-10-31,32.08,18.91,39.32
2006-11-01,32.17,17.67,40.66
2006-11-02,31.34,18.61,34.01
2006-11-03,31.64,17.97,40.67
2006-11-04,31.56,17.69,50.05
2006-11-05,31.35,16.97,48.74
2006-11-06,31.63,17.6,41.7
2006-11-07,30.14,18.77,45.67
2006-11-08,31.54,17.66,48.1
2006-11-09,30.7,16.13,46.88
2006-11-10,30.1,16.13,47.93
2006-11-11,31.06,17.98,42.58
2006-11-12,29.33,18.41,43.28
2006-11-13,30.38,18.74,47.37
2006-11-14,30.88,16.48,44.82
2006-11-15,30.33,15.72,38.6
2006-11-16,30.06,13.85,40.77
2006-11-17,30.38,14.32,42.59
2006-11-18,30.25,17.99,44.87
2006-11-19,29.35,14.98,52.25
2006-11-20,29.43,14.56,39.31
2006-11-21,29.4,13.02,39.38
2006-11-22,30.13,16.17,40.32
2006-11-23,28.36,14.98,46.16
2006-11-24,26.2,12.08,43.83
2006-11-25,25.59,9.98,33.65
2006-11-26,25.22,8.05,32.58
2006-11-27,25.22,8.01,30.14
2006-11-28,25.74,11.73,28.03
2006-11-29,26.55,10.3,30.64
2006-11-30,26.62,9.5,32.89
2006-12-01,26.92,9.78,32.89
2006-12-02,26.38,9.14,31.15
2006-12-03,27.5,9.04,27.86
2006-12-04,27.94,13.58,29.98
2006-12-05,24.65,14.65,45.75
2006-12-06,26.69,15.92,63.25
2006-12-07,25.97,13.71,46.01
2006-12-08,24.94,10.8,42.06
2006-12-09,24.56,8.31,39.15
2006-12-10,24.85,11.11,41.97
2006-12-11,22.71,11.25,52.01
2006-12-12,22.64,7.74,50.39
2006-12-13,23.76,7.08,45.51
2006-12-14,25.84,8.1,33.57
2006-12-15,26.02,8.22,30.8
2006-12-16,27.23,9.42,29.94
2006-12-17,28.14,9.4,33.22
2006-12-18,25.29,7.45,35.38
2006-12-19,25.35,10.47,30.83
2006-12-20,22.25,10.1,43.33
2006-12-21,23.23,8.63,61.67
2006-12-22,23.86,10.84,55.98
2006-12-23,24.66,8.56,54.76
2006-12-24,25.66,9.92,42.42
2006-12-25,25.64,7.93,33.76
2006-12-26,23.77,10.11,35.17
2006-12-27,23.33,8.96,60.27
2006-12-28,23.15,6.79,49.42
2006-12-29,23.29,6.11,37.59
2006-12-30,23.78,8.85,32.11
2006-12-31,22.75,6.45,40.46
2007-01-01,21.44,8.63,43.21
2007-01-02,22.65,6.28,43.88
2007-01-03,21.8,5.7,36.98
2007-01-04,22.29,4.83,33.12
2007-01-05,21.95,5.97,24.67
2007-01-06,21.33,5.72,23.95
2007-01-07,20.13,3.67,28.42
2007-01-08,18.64,2.63,33.22
2007-01-09,22.82,7.45,25.35
2007-01-10,22.08,7.58,26.46
2007-01-11,21.74,4.25,32.44
2007-01-12,21.86,4.33,33.02
2007-01-13,22.76,3.65,30.19
2007-01-14,23.73,5.28,26.33
2007-01-15,24.58,7.19,26.08
2007-01-16,24.58,6.32,28.3
2007-01-17,24.69,6.58,27.92
2007-01-18,25.15,7.39,27.41
2007-01-19,25.33,8.12,34.22
2007-01-20,23.37,7.48,36.7
2007-01-21,23.94,6.18,32.04
2007-01-22,24.33,4.66,30.24
2007-01-23,24.2,4.54,21.87
2007-01-24,25.13,7.27,18.6
2007-01-25,27.53,8.12,20.28
2007-01-26,30.76,10.4,21.58
2007-01-27,30.39,11.25,22.46
2007-01-28,29.56,14.32,22.87
2007-01-29,30.43,14.27,27.43
2007-01-30,27.88,13.97,44.03
2007-01-31,29.01,11.96,41.89
2007-02-01,28.65,10.16,36.44
2007-02-02,28.66,11.06,27.65
2007-02-03,27.1,10.25,34.24
2007-02-04,28.24,12.8,35.51
2007-02-05,28.8,10.31,34.5
2007-02-06,29.24,14.02,36.92
2007-02-07,26.59,13.88,55.73
2007-02-08,26.85,11.85,54.81
2007-02-09,24.5,14.41,49.26
2007-02-10,17.16,14.64,85.2
2007-02-11,21.39,12.78,85.28
2007-02-12,21.7,11.2,74.66
2007-02-13,16.55,11.68,82.81
2007-02-14,20.7,7.97,72.12
2007-02-15,21.82,7.85,64.31
2007-02-16,23.25,9.56,59.49
2007-02-17,23.69,8.81,57.32
2007-02-18,25.26,8.84,51.84
2007-02-19,26.03,9.62,50.49
2007-02-20,26.33,8.62,48.88
2007-02-21,28.52,9.24,44.01
2007-02-22,29.25,12.2,46.52
2007-02-23,28.99,13.05,44.85
2007-02-24,27.76,11.71,55.07
2007-02-25,22.96,12.65,73.96
2007-02-26,26.76,13.24,57.99
2007-02-27,29.32,12.08,50.96
2007-02-28,27.89,13.15,68.03
2007-03-01,24.72,13.98,68.82
2007-03-02,25.7,10.98,51.6
2007-03-03,27.2,8.94,47.47
2007-03-04,28.71,11.13,43.85
2007-03-05,28.81,12.0,44.18
2007-03-06,27.76,11.19,38.99
2007-03-07,29.05,9.27,38.87
2007-03-08,30.13,9.78,33.38
2007-03-09,28.47,12.18,37.35
2007-03-10,28.68,13.12,39.82
2007-03-11,30.98,14.39,40.55
2007-03-12,26.26,14.47,68.43
2007-03-13,25.57,13.42,75.8
2007-03-14,25.66,12.77,58.02
2007-03-15,26.33,9.62,49.01
2007-03-16,29.14,11.2,48.93
2007-03-17,30.66,13.02,50.6
2007-03-18,34.04,15.09,49.54
2007-03-19,35.6,19.23,42.83
2007-03-20,34.43,19.85,51.35
2007-03-21,30.25,20.3,60.07
2007-03-22,32.47,13.84,43.65
2007-03-23,32.9,15.31,43.98
2007-03-24,32.34,14.01,37.51
2007-03-25,32.15,13.96,38.07
2007-03-26,33.73,13.67,38.11
2007-03-27,35.66,14.83,38.02
2007-03-28,36.69,16.21,37.72
2007-03-29,37.68,18.23,34.16
2007-03-30,38.4,21.83,33.1
2007-03-31,38.74,20.93,34.72
2007-04-01,39.09,22.1,33.41
2007-04-02,35.24,19.72,36.14
2007-04-03,36.5,16.9,26.87
2007-04-04,37.6,16.57,28.86
2007-04-05,37.64,19.07,33.44
2007-04-06,38.42,18.81,33.33
2007-04-07,37.01,20.2,33.59
2007-04-08,38.7,20.66,33.28
2007-04-09,37.33,20.1,29.81
2007-04-10,39.12,19.4,29.02
2007-04-11,40.19,20.06,28.29
2007-04-12,40.88,19.86,25.73
2007-04-13,40.93,20.74,24.92
2007-04-14,41.3,21.52,24.62
2007-04-15,42.11,24.33,24.24
2007-04-16,42.09,24.73,22.69
2007-04-17,42.39,24.28,25.58
2007-04-18,41.12,25.9,29.34
2007-04-19,40.63,25.75,28.69
2007-04-20,41.65,26.21,26.87
2007-04-21,41.59,25.2,25.35
2007-04-22,42.3,25.23,21.29
2007-04-23,42.54,24.29,19.88
2007-04-24,42.58,25.37,17.81
2007-04-25,43.13,23.57,17.68
2007-04-26,43.13,24.62,14.87
2007-04-27,43.64,24.42,14.85
2007-04-28,43.82,25.09,13.55
2007-04-29,44.2,25.55,12.77
2007-04-30,44.61,26.13,13.85
2007-05-01,44.71,27.99,13.48
2007-05-02,42.49,25.92,22.84
2007-05-03,42.61,27.25,25.74
2007-05-04,42.57,27.12,27.78
2007-05-05,42.08,27.18,32.01
2007-05-06,43.42,27.74,22.94
2007-05-07,41.98,26.8,31.32
2007-05-08,42.5,27.73,32.42
2007-05-09,43.44,28.65,26.05
2007-05-10,42.71,26.93,29.17
2007-05-11,42.28,25.24,31.35
2007-05-12,39.3,24.57,38.42
2007-05-13,40.51,25.07,38.15
2007-05-14,42.15,25.94,34.31
2007-05-15,44.17,27.7,29.16
2007-05-16,40.51,29.34,37.2
2007-05-17,41.14,26.22,43.59
2007-05-18,43.05,28.02,31.59
2007-05-19,42.55,28.15,35.73
2007-05-20,42.28,29.11,33.42
2007-05-21,42.01,28.18,33.33
2007-05-22,41.5,27.97,31.49
2007-05-23,42.1,26.02,22.66
2007-05-24,42.18,24.44,20.28
2007-05-25,42.8,26.42,19.54
2007-05-26,41.24,27.22,26.5
2007-05-27,40.33,25.77,29.24
2007-05-28,41.51,25.31,23.11
2007-05-29,41.55,26.85,21.52
2007-05-30,42.09,27.71,21.24
2007-05-31,42.9,27.57,20.35
2007-06-01,44.76,28.69,18.14
2007-06-02,45.77,28.8,17.17
2007-06-03,45.93,30.08,15.89
2007-06-04,43.33,30.18,24.41
2007-06-05,43.9,29.73,24.55
2007-06-06,45.08,31.12,27.51
2007-06-07,45.96,33.21,23.96
2007-06-08,46.88,33.27,21.43
2007-06-09,48.79,33.63,18.33
2007-06-10,48.46,34.55,21.08
2007-06-11,47.78,34.06,21.86
2007-06-12,46.72,34.6,24.37
2007-06-13,46.3,33.11,31.45
2007-06-14,44.92,34.4,29.02
2007-06-15,39.73,30.84,47.05
2007-06-16,37.84,29.75,61.76
2007-06-17,37.76,26.63,61.35
2007-06-18,36.31,28.41,63.44
2007-06-19,38.69,27.73,57.78
2007-06-20,38.79,29.14,50.18
2007-06-21,37.95,27.75,55.28
2007-06-22,38.46,27.97,52.76
2007-06-23,37.19,28.81,56.32
2007-06-24,39.06,27.93,53.17
2007-06-25,39.16,28.27,52.79
2007-06-26,38.32,27.9,56.64
2007-06-27,39.82,29.27,53.1
2007-06-28,37.34,29.24,59.13
2007-06-29,38.93,27.64,56.91
2007-06-30,40.16,27.9,52.13
2007-07-01,39.78,29.34,52.22
2007-07-02,38.41,28.48,55.53
2007-07-03,34.89,27.47,70.38
2007-07-04,33.32,26.71,77.35
2007-07-05,34.62,26.89,69.6
2007-07-06,37.98,27.79,62.58
2007-07-07,37.97,29.0,59.51
2007-07-08,37.41,28.37,60.56
2007-07-09,36.07,27.87,60.48
2007-07-10,38.39,26.91,57.55
2007-07-11,38.74,28.04,56.93
2007-07-12,36.73,28.95,61.84
2007-07-13,37.66,28.53,65.85
2007-07-14,36.58,28.08,69.04
2007-07-15,36.27,27.09,68.08
2007-07-16,38.12,28.02,57.15
2007-07-17,39.34,27.96,55.09
2007-07-18,40.24,28.43,56.45
2007-07-19,40.78,28.14,53.4
2007-07-20,39.7,29.75,49.13
2007-07-21,35.88,28.77,58.34
2007-07-22,37.75,26.88,57.7
2007-07-23,36.9,27.92,57.39
2007-07-24,33.39,26.52,73.56
2007-07-25,35.48,25.77,70.67
2007-07-26,38.07,26.68,68.31
2007-07-27,35.93,26.83,68.93
2007-07-28,36.09,26.67,70.39
2007-07-29,37.18,26.94,65.19
2007-07-30,36.41,26.94,67.0
2007-07-31,37.76,26.9,65.77
2007-08-01,31.97,26.83,81.98
2007-08-02,30.08,25.71,87.23
2007-08-03,31.09,24.89,86.07
2007-08-04,31.79,25.77,86.22
2007-08-05,30.62,25.55,88.33
2007-08-06,33.73,26.12,84.71
2007-08-07,33.42,27.18,83.5
2007-08-08,33.07,26.24,84.19
2007-08-09,32.22,26.27,86.67
2007-08-10,34.03,25.89,79.6
2007-08-11,34.6,26.5,77.87
2007-08-12,34.96,26.91,77.03
2007-08-13,33.05,26.83,82.26
2007-08-14,33.52,26.1,78.18
2007-08-15,34.24,25.13,73.85
2007-08-16,35.62,25.51,70.68
2007-08-17,35.59,24.79,69.07
2007-08-18,35.5,25.1,68.57
2007-08-19,30.54,25.73,84.18
2007-08-20,31.62,25.1,81.97
2007-08-21,31.96,24.75,81.54
2007-08-22,32.39,24.85,82.92
2007-08-23,34.01,25.07,77.23
2007-08-24,33.69,25.87,77.17
2007-08-25,34.27,26.32,74.12
2007-08-26,35.67,26.31,70.04
2007-08-27,34.37,26.23,74.71
2007-08-28,32.53,25.65,79.18
2007-08-29,30.77,25.08,84.01
2007-08-30,33.23,25.39,82.34
2007-08-31,32.74,25.34,82.14
2007-09-01,33.77,25.57,76.25
2007-09-02,32.78,25.61,78.21
2007-09-03,33.07,25.25,78.14
2007-09-04,34.43,26.1,75.63
2007-09-05,36.48,25.78,74.55
2007-09-06,33.05,26.19,79.42
2007-09-07,33.28,25.03,75.89
2007-09-08,34.79,24.6,70.31
2007-09-09,34.77,24.48,68.71
2007-09-10,35.24,25.68,66.86
2007-09-11,35.22,25.88,66.98
2007-09-12,35.52,24.11,65.74
2007-09-13,34.99,26.09,63.4
2007-09-14,34.19,25.41,62.73
2007-09-15,33.88,24.1,68.45
2007-09-16,34.96,23.77,67.04
2007-09-17,36.44,24.68,64.04
2007-09-18,36.48,25.01,65.64
2007-09-19,36.39,25.65,63.95
2007-09-20,33.9,25.76,68.72
2007-09-21,35.11,25.41,68.0
2007-09-22,36.51,24.06,65.88
2007-09-23,35.22,23.17,62.35
2007-09-24,36.49,22.56,59.67
2007-09-25,35.02,24.16,62.8
2007-09-26,29.07,22.69,76.67
2007-09-27,34.44,21.44,66.13
2007-09-28,34.24,23.37,62.63
2007-09-29,34.41,21.77,61.84
2007-09-30,35.73,21.04,48.74
2007-10-01,35.91,17.2,42.04
2007-10-02,36.08,17.1,37.03
2007-10-03,35.85,18.93,38.97
2007-10-04,36.56,20.16,42.2
2007-10-05,36.13,18.95,40.2
2007-10-06,36.0,17.73,37.31
2007-10-07,35.7,17.59,32.49
2007-10-08,35.93,17.86,31.57
2007-10-09,35.23,15.89,30.14
2007-10-10,34.88,15.97,32.38
2007-10-11,34.62,16.41,31.15
2007-10-12,34.85,15.85,32.94
2007-10-13,34.74,15.07,32.25
2007-10-14,34.04,18.7,33.92
2007-10-15,33.8,19.81,49.08
2007-10-16,32.41,19.96,55.93
2007-10-17,32.66,19.88,56.17
2007-10-18,32.72,19.59,50.68
2007-10-19,33.38,19.74,40.52
2007-10-20,34.02,16.42,36.36
2007-10-21,34.95,19.01,31.82
2007-10-22,34.62,19.42,29.64
2007-10-23,33.01,17.83,35.69
2007-10-24,32.1,16.95,38.58
2007-10-25,33.15,16.2,44.59
2007-10-26,32.93,17.33,43.59
2007-10-27,33.47,17.97,42.88
2007-10-28,34.19,17.37,35.87
2007-10-29,33.29,16.95,37.67
2007-10-30,31.96,14.39,58.81
2007-10-31,32.67,17.24,52.55
2007-11-01,32.73,17.33,35.95
2007-11-02,32.08,16.86,39.15
2007-11-03,31.79,15.78,37.29
2007-11-04,30.64,13.75,46.53
2007-11-05,31.31,14.52,36.47
2007-11-06,31.04,14.05,42.26
2007-11-07,31.21,13.17,60.72
2007-11-08,28.51,14.5,62.35
2007-11-09,29.47,14.47,62.24
2007-11-10,29.73,14.69,54.61
2007-11-11,30.71,14.9,48.93
2007-11-12,30.51,16.04,41.81
2007-11-13,30.17,15.84,38.44
2007-11-14,29.53,14.32,45.18
2007-11-15,30.2,14.74,41.84
2007-11-16,30.29,15.99,37.74
2007-11-17,29.12,12.96,39.61
2007-11-18,28.27,12.9,31.74
2007-11-19,28.23,12.53,39.37
2007-11-20,28.69,11.72,31.89
2007-11-21,29.0,10.48,31.6
2007-11-22,29.64,15.14,28.75
2007-11-23,29.07,13.61,30.53
2007-11-24,28.85,13.74,31.02
2007-11-25,28.32,13.28,33.09
2007-11-26,27.67,12.63,35.91
2007-11-27,27.45,13.13,38.08
2007-11-28,27.56,12.07,36.29
2007-11-29,27.9,10.62,39.18
2007-11-30,25.08,9.87,50.86
2007-12-01,26.49,11.53,42.22
2007-12-02,26.2,13.28,49.18
2007-12-03,24.82,12.08,53.24
2007-12-04,24.68,9.18,36.38
2007-12-05,25.03,9.5,32.92
2007-12-06,24.49,11.74,31.43
2007-12-07,24.33,11.67,29.93
2007-12-08,24.21,9.8,32.46
2007-12-09,21.19,9.82,32.69
2007-12-10,22.41,10.12,38.82
2007-12-11,22.19,9.47,59.34
2007-12-12,21.24,8.88,70.48
2007-12-13,22.86,8.8,67.6
2007-12-14,22.2,8.82,51.16
2007-12-15,23.51,7.06,41.3
2007-12-16,23.02,5.52,30.78
2007-12-17,22.89,4.74,28.11
2007-12-18,23.66,4.33,25.72
2007-12-19,24.22,9.4,24.31
2007-12-20,24.7,7.41,25.94
2007-12-21,26.31,7.65,21.21
2007-12-22,27.55,9.47,29.59
2007-12-23,27.83,8.57,34.24
2007-12-24,27.62,10.93,35.65
2007-12-25,26.28,10.42,37.22
2007-12-26,25.76,8.12,30.79
2007-12-27,25.53,6.86,20.7
2007-12-28,24.96,7.56,18.62
2007-12-29,24.67,5.8,21.94
2007-12-30,23.96,5.39,17.67
2007-12-31,24.14,4.13,17.69
2008-01-01,23.36,5.47,14.14
2008-01-02,22.06,6.9,15.69
2008-01-03,22.09,2.92,17.97
2008-01-04,22.39,4.67,17.88
2008-01-05,24.01,6.53,18.07
2008-01-06,25.14,11.5,25.26
2008-01-07,24.34,12.09,32.71
2008-01-08,27.68,12.18,37.37
2008-01-09,25.36,14.68,45.25
2008-01-10,25.44,13.68,54.85
2008-01-11,23.05,9.82,47.03
2008-01-12,22.1,5.56,31.14
2008-01-13,23.39,6.44,25.45
2008-01-14,24.94,5.6,26.63
2008-01-15,27.16,9.01,24.42
2008-01-16,26.4,11.35,29.9
2008-01-17,26.28,13.87,49.88
2008-01-18,25.6,12.62,46.88
2008-01-19,23.95,8.29,41.26
2008-01-20,22.38,6.04,22.87
2008-01-21,21.28,3.17,19.21
2008-01-22,21.06,2.6,17.3
2008-01-23,21.2,6.72,17.27
2008-01-24,19.69,2.67,19.59
2008-01-25,20.42,6.43,18.12
2008-01-26,21.08,6.84,23.89
2008-01-27,20.06,5.49,22.95
2008-01-28,18.84,3.07,24.46
2008-01-29,20.1,5.58,28.01
2008-01-30,21.46,5.56,23.45
2008-01-31,21.16,4.22,31.13
2008-02-01,22.32,3.28,23.43
2008-02-02,22.33,4.66,18.46
2008-02-03,20.13,8.54,40.4
2008-02-04,22.89,5.14,48.48
2008-02-05,23.09,6.04,43.25
2008-02-06,22.37,6.8,40.12
2008-02-07,23.23,8.2,32.9
2008-02-08,20.87,6.27,40.38
2008-02-09,21.04,4.71,46.59
2008-02-10,22.71,4.52,37.11
2008-02-11,23.38,4.46,24.07
2008-02-12,23.97,4.23,17.8
2008-02-13,25.06,3.7,17.89
2008-02-14,26.81,3.75,17.68
2008-02-15,28.54,8.26,17.96
2008-02-16,29.8,10.08,20.65
2008-02-17,30.17,10.62,22.14
2008-02-18,29.26,10.93,22.89
2008-02-19,28.47,9.38,19.84
2008-02-20,28.82,10.57,15.03
2008-02-21,29.35,9.28,15.42
2008-02-22,30.55,9.55,19.99
2008-02-23,29.34,11.2,28.83
2008-02-24,29.03,11.79,25.92
2008-02-25,28.58,10.38,20.72
2008-02-26,28.94,10.51,19.43
2008-02-27,31.59,9.04,13.83
2008-02-28,32.47,10.72,16.27
2008-02-29,34.45,12.99,16.03
2008-03-01,35.14,14.42,15.01
2008-03-02,34.68,14.53,15.14
2008-03-03,33.27,12.79,19.76
2008-03-04,34.09,14.55,16.91
2008-03-05,35.07,15.2,18.17
2008-03-06,36.82,16.08,19.19
2008-03-07,35.76,17.31,14.48
2008-03-08,34.73,14.79,18.04
2008-03-09,34.54,18.35,19.68
2008-03-10,34.51,17.27,17.79
2008-03-11,34.46,17.52,20.11
2008-03-12,34.99,18.25,21.23
2008-03-13,30.8,20.59,34.68
2008-03-14,34.18,17.49,30.01
2008-03-15,34.8,16.07,20.57
2008-03-16,36.71,15.64,17.64
2008-03-17,38.3,17.68,14.6
2008-03-18,38.91,18.03,14.24
2008-03-19,38.01,19.59,13.58
2008-03-20,37.01,18.48,14.18
2008-03-21,36.59,16.63,11.18
2008-03-22,37.61,17.25,14.23
2008-03-23,37.94,18.63,16.76
2008-03-24,36.9,19.69,13.97
2008-03-25,37.63,17.06,12.44
2008-03-26,37.4,19.9,11.59
2008-03-27,38.34,19.22,15.25
2008-03-28,38.03,19.08,17.95
2008-03-29,37.7,20.47,16.87
2008-03-30,38.26,22.14,15.62
2008-03-31,38.58,19.83,20.58
2008-04-01,34.94,18.31,30.11
2008-04-02,36.11,18.85,25.77
2008-04-03,34.67,21.06,38.34
2008-04-04,30.69,19.32,55.33
2008-04-05,25.93,18.88,68.57
2008-04-06,32.78,15.84,47.88
2008-04-07,33.28,15.16,37.71
2008-04-08,35.61,18.32,38.83
2008-04-09,36.66,19.66,36.66
2008-04-10,37.96,19.83,33.29
2008-04-11,38.21,21.69,34.67
2008-04-12,38.74,22.85,32.95
2008-04-13,38.79,23.72,32.37
2008-04-14,39.27,20.76,29.23
2008-04-15,39.94,24.11,27.14
2008-04-16,38.5,23.09,27.6
2008-04-17,36.45,20.71,27.46
2008-04-18,38.0,18.53,21.17
2008-04-19,39.41,19.55,20.16
2008-04-20,40.56,20.11,19.5
2008-04-21,41.39,21.76,19.54
2008-04-22,42.1,22.15,19.28
2008-04-23,42.24,23.66,15.03
2008-04-24,42.27,23.16,14.35
2008-04-25,42.64,23.98,15.53
2008-04-26,42.97,24.39,13.74
2008-04-27,42.63,24.4,12.78
2008-04-28,42.92,24.15,11.08
2008-04-29,44.01,25.0,9.84
2008-04-30,44.42,26.32,10.13
2008-05-01,43.99,25.65,11.2
2008-05-02,43.14,26.83,14.23
2008-05-03,44.9,26.52,12.84
2008-05-04,44.92,26.1,15.0
2008-05-05,42.51,27.46,18.58
2008-05-06,41.94,27.77,18.91
2008-05-07,40.32,27.47,20.61
2008-05-08,42.37,28.02,18.92
2008-05-09,39.56,25.83,30.26
2008-05-10,40.36,25.79,26.19
2008-05-11,40.52,26.2,28.54
2008-05-12,42.23,26.85,19.7
2008-05-13,42.32,26.56,20.98
2008-05-14,42.69,27.6,23.98
2008-05-15,39.64,28.36,33.4
2008-05-16,42.31,26.99,30.65
2008-05-17,43.8,27.47,26.32
2008-05-18,39.41,27.22,38.17
2008-05-19,37.71,27.75,48.86
2008-05-20,38.84,25.88,50.34
2008-05-21,30.41,24.8,77.89
2008-05-22,33.99,23.22,65.81
2008-05-23,34.36,24.31,61.14
2008-05-24,36.48,25.29,53.98
2008-05-25,37.84,25.99,48.94
2008-05-26,37.22,25.5,46.84
2008-05-27,37.6,22.75,49.82
2008-05-28,38.6,23.43,42.55
2008-05-29,39.66,26.69,39.66
2008-05-30,39.63,25.9,37.88
2008-05-31,41.89,25.89,35.34
2008-06-01,32.69,25.69,59.72
2008-06-02,38.78,25.94,45.0
2008-06-03,37.88,26.25,48.99
2008-06-04,39.16,29.06,45.25
2008-06-05,41.79,29.22,41.92
2008-06-06,39.25,29.84,44.9
2008-06-07,37.47,27.05,59.57
2008-06-08,34.34,28.09,63.21
2008-06-09,38.22,25.83,58.2
2008-06-10,37.0,27.63,57.33
2008-06-11,37.8,29.01,52.38
2008-06-12,39.21,29.84,50.86
2008-06-13,37.87,29.22,56.12
2008-06-14,39.89,29.08,52.83
2008-06-15,36.83,29.42,62.33
2008-06-16,31.39,26.61,77.76
2008-06-17,33.55,26.09,70.35
2008-06-18,36.64,26.73,65.68
2008-06-19,34.06,27.65,70.74
2008-06-20,35.3,26.95,66.57
2008-06-21,36.73,27.46,63.07
2008-06-22,37.02,28.59,62.15
2008-06-23,38.93,28.76,51.34
2008-06-24,39.71,28.86,52.63
2008-06-25,39.15,29.2,54.76
2008-06-26,39.72,29.68,56.26
2008-06-27,33.63,27.01,73.13
2008-06-28,34.26,26.2,71.47
2008-06-29,35.91,25.57,67.59
2008-06-30,37.84,25.46,59.42
2008-07-01,35.57,26.97,63.33
2008-07-02,39.56,26.39,56.05
2008-07-03,39.81,27.59,55.33
2008-07-04,39.56,29.11,58.66
2008-07-05,38.2,29.14,58.48
2008-07-06,35.26,26.98,74.2
2008-07-07,31.88,26.26,80.15
2008-07-08,33.01,26.11,80.13
2008-07-09,32.78,26.63,77.68
2008-07-10,34.93,26.04,71.74
2008-07-11,35.12,26.53,70.73
2008-07-12,33.79,27.49,74.12
2008-07-13,33.47,26.58,76.15
2008-07-14,33.88,26.28,78.97
2008-07-15,33.2,27.09,78.62
2008-07-16,35.59,26.37,72.41
2008-07-17,36.4,26.18,69.3
2008-07-18,34.5,26.42,70.3
2008-07-19,35.28,26.43,72.04
2008-07-20,31.27,26.83,82.54
2008-07-21,33.26,26.14,78.79
2008-07-22,34.89,26.37,73.79
2008-07-23,34.8,26.5,71.76
2008-07-24,37.15,27.07,65.01
2008-07-25,36.81,26.81,67.96
2008-07-26,33.49,26.94,80.79
2008-07-27,31.94,26.19,82.62
2008-07-28,32.87,26.14,81.12
2008-07-29,33.67,26.24,77.48
2008-07-30,32.89,25.87,83.66
2008-07-31,29.56,25.2,85.84
2008-08-01,30.4,25.7,87.96
2008-08-02,31.66,26.09,85.46
2008-08-03,32.76,25.47,83.98
2008-08-04,30.28,25.96,89.4
2008-08-05,31.11,25.04,87.9
2008-08-06,30.88,25.35,87.75
2008-08-07,30.37,25.36,88.84
2008-08-08,29.13,25.66,91.08
2008-08-09,31.8,25.68,85.19
2008-08-10,32.78,25.29,84.39
2008-08-11,32.22,26.28,85.48
2008-08-12,28.51,25.45,91.29
2008-08-13,29.94,26.05,91.98
2008-08-14,28.05,26.0,95.15
2008-08-15,27.86,25.23,94.4
2008-08-16,29.2,24.5,91.82
2008-08-17,29.09,24.69,88.59
2008-08-18,32.77,24.61,83.01
2008-08-19,32.47,23.48,80.18
2008-08-20,32.24,23.35,78.91
2008-08-21,29.4,25.0,86.02
2008-08-22,30.38,24.71,81.79
2008-08-23,31.32,24.94,81.65
2008-08-24,32.89,26.07,78.03
2008-08-25,33.89,26.06,74.62
2008-08-26,33.9,27.11,74.18
2008-08-27,34.3,26.24,75.06
2008-08-28,34.23,24.9,76.56
2008-08-29,34.14,24.59,72.61
2008-08-30,32.9,24.66,76.19
2008-08-31,33.1,24.59,79.41
2008-09-01,33.3,25.22,77.57
2008-09-02,33.3,23.56,79.91
2008-09-03,34.42,24.42,75.46
2008-09-04,35.19,25.05,69.88
2008-09-05,35.06,26.06,69.07
2008-09-06,32.13,23.95,78.48
2008-09-07,31.21,24.6,76.56
2008-09-08,32.17,22.59,77.03
2008-09-09,32.39,22.79,75.18
2008-09-10,32.14,23.14,75.03
2008-09-11,32.5,23.65,81.42
2008-09-12,31.08,24.07,85.3
2008-09-13,31.53,23.75,85.07
2008-09-14,31.34,24.14,85.38
2008-09-15,32.08,24.13,79.51
2008-09-16,32.61,23.56,80.14
2008-09-17,31.45,24.27,83.15
2008-09-18,28.39,23.61,89.59
2008-09-19,28.44,22.89,90.83
2008-09-20,29.42,22.64,86.15
2008-09-21,28.99,19.94,85.83
2008-09-22,30.57,21.18,83.27
2008-09-23,30.58,20.17,83.85
2008-09-24,30.41,19.14,79.99
2008-09-25,30.86,19.57,78.9
2008-09-26,32.56,19.79,74.1
2008-09-27,32.28,19.94,72.5
2008-09-28,31.9,20.55,71.19
2008-09-29,32.13,21.68,75.77
2008-09-30,31.93,22.59,79.93
2008-10-01,32.35,22.27,79.54
2008-10-02,31.94,22.52,80.12
2008-10-03,32.61,22.51,77.01
2008-10-04,33.24,22.41,76.71
2008-10-05,33.83,22.11,76.85
2008-10-06,33.06,22.11,77.71
2008-10-07,32.99,21.68,74.54
2008-10-08,32.86,20.64,66.99
2008-10-09,32.52,20.51,70.63
2008-10-10,31.9,20.82,73.91
2008-10-11,32.28,20.84,73.71
2008-10-12,32.34,19.52,75.04
2008-10-13,32.62,20.53,72.96
2008-10-14,30.66,19.52,83.28
2008-10-15,30.07,19.96,84.83
2008-10-16,29.92,19.32,74.71
2008-10-17,31.41,16.97,64.03
2008-10-18,30.61,17.43,59.95
2008-10-19,31.01,17.41,53.73
2008-10-20,30.75,16.47,51.16
2008-10-21,31.59,16.07,56.3
2008-10-22,31.4,16.74,60.89
2008-10-23,31.24,18.36,62.98
2008-10-24,31.06,18.19,66.51
2008-10-25,30.11,16.51,70.05
2008-10-26,31.46,16.04,67.85
2008-10-27,30.09,16.53,60.65
2008-10-28,30.44,15.26,58.88
2008-10-29,31.59,15.06,66.48
2008-10-30,31.27,16.92,60.48
2008-10-31,31.56,16.29,54.0
2008-11-01,31.47,14.97,47.95
2008-11-02,32.19,14.73,49.38
2008-11-03,32.42,16.87,48.05
2008-11-04,31.48,16.06,46.5
2008-11-05,30.67,15.32,47.85
2008-11-06,29.1,15.16,57.22
2008-11-07,29.08,14.03,62.87
2008-11-08,28.68,15.83,67.27
2008-11-09,29.77,16.0,63.44
2008-11-10,29.38,16.51,62.35
2008-11-11,30.21,15.58,63.29
2008-11-12,27.87,15.81,64.34
2008-11-13,27.74,13.58,68.0
2008-11-14,26.24,13.22,71.12
2008-11-15,27.66,12.92,60.4
2008-11-16,28.91,15.06,54.03
2008-11-17,29.09,15.2,50.81
2008-11-18,29.41,15.76,46.11
2008-11-19,27.79,13.75,59.01
2008-11-20,26.35,14.42,76.27
2008-11-21,25.77,11.28,54.66
2008-11-22,25.9,8.95,46.65
2008-11-23,26.24,8.17,41.97
2008-11-24,27.1,9.03,38.4
2008-11-25,25.58,11.9,45.55
2008-11-26,26.0,9.64,60.99
2008-11-27,26.71,12.7,52.59
2008-11-28,26.91,11.45,48.55
2008-11-29,27.69,8.69,42.9
2008-11-30,27.4,9.93,40.62
2008-12-01,22.78,13.36,59.18
2008-12-02,25.73,9.96,60.02
2008-12-03,26.65,9.63,43.64
2008-12-04,28.0,11.47,39.3
2008-12-05,27.44,11.53,44.37
2008-12-06,26.38,10.52,43.58
2008-12-07,25.25,12.03,39.61
2008-12-08,25.77,11.25,59.33
2008-12-09,25.69,11.01,67.72
2008-12-10,27.56,13.8,55.88
2008-12-11,26.3,12.65,55.98
2008-12-12,26.14,10.97,44.39
2008-12-13,26.36,10.64,43.33
2008-12-14,24.96,9.07,43.36
2008-12-15,25.59,7.76,45.59
2008-12-16,26.41,10.94,44.26
2008-12-17,26.82,10.9,47.44
2008-12-18,28.77,11.6,52.23
2008-12-19,24.22,16.11,56.29
2008-12-20,28.55,14.31,57.01
2008-12-21,28.18,14.09,56.02
2008-12-22,24.84,10.89,46.45
2008-12-23,23.75,7.58,43.32
2008-12-24,24.24,7.56,35.25
2008-12-25,24.82,11.35,30.59
2008-12-26,23.31,9.73,38.19
2008-12-27,23.49,6.32,55.96
2008-12-28,23.6,9.41,51.74
2008-12-29,23.18,10.35,50.48
2008-12-30,24.39,10.24,42.57
2008-12-31,24.35,7.18,45.03
2009-01-01,23.78,6.06,42.13
2009-01-02,22.78,8.54,33.7
2009-01-03,21.75,8.89,36.83
2009-01-04,22.29,8.3,46.66
2009-01-05,21.44,8.53,64.74
2009-01-06,21.5,8.49,54.65
2009-01-07,21.81,8.2,50.28
2009-01-08,21.86,6.27,46.73
2009-01-09,22.65,6.42,44.17
2009-01-10,23.42,9.9,46.54
2009-01-11,23.49,7.8,51.7
2009-01-12,23.33,6.59,41.27
2009-01-13,22.85,8.49,40.64
2009-01-14,25.05,7.62,44.02
2009-01-15,25.21,8.41,45.08
2009-01-16,25.09,12.77,47.2
2009-01-17,23.3,12.14,62.34
2009-01-18,24.48,11.58,75.38
2009-01-19,22.75,11.23,66.72
2009-01-20,23.74,7.45,56.21
2009-01-21,22.63,7.13,40.79
2009-01-22,23.1,7.41,38.06
2009-01-23,25.78,9.99,34.34
2009-01-24,25.67,12.11,41.73
2009-01-25,26.5,11.02,48.43
2009-01-26,26.48,12.0,57.18
2009-01-27,25.81,9.42,49.5
2009-01-28,25.19,8.65,54.2
2009-01-29,25.27,7.92,49.84
2009-01-30,25.34,9.68,47.77
2009-01-31,24.57,8.27,45.01
2009-02-01,24.62,7.27,41.18
2009-02-02,25.77,6.65,35.51
2009-02-03,26.8,11.24,30.79
2009-02-04,28.26,11.47,31.66
2009-02-05,27.53,8.78,42.39
2009-02-06,27.87,9.51,46.03
2009-02-07,26.55,10.48,45.47
2009-02-08,25.16,7.24,32.25
2009-02-09,27.29,7.75,33.97
2009-02-10,26.96,11.0,40.39
2009-02-11,22.73,10.16,58.98
2009-02-12,22.53,8.3,61.2
2009-02-13,27.35,7.86,50.42
2009-02-14,28.65,9.24,46.15
2009-02-15,26.17,10.96,43.5
2009-02-16,25.09,7.89,42.14
2009-02-17,25.64,8.19,38.62
2009-02-18,28.37,9.31,33.57
2009-02-19,29.1,8.82,34.92
2009-02-20,31.16,11.43,37.34
2009-02-21,31.39,11.7,33.08
2009-02-22,31.17,12.36,31.04
2009-02-23,31.36,14.14,32.3
2009-02-24,32.42,17.31,28.91
2009-02-25,30.76,13.53,36.06
2009-02-26,30.97,13.34,28.8
2009-02-27,30.58,12.52,25.18
2009-02-28,29.45,10.66,21.35
2009-03-01,32.95,10.17,15.84
2009-03-02,35.14,14.8,26.48
2009-03-03,36.11,17.73,30.0
2009-03-04,35.45,18.9,24.48
2009-03-05,33.7,16.84,27.89
2009-03-06,35.09,13.47,20.95
2009-03-07,33.87,15.82,17.24
2009-03-08,32.65,14.09,18.57
2009-03-09,33.23,14.0,16.11
2009-03-10,32.34,13.81,19.35
2009-03-11,32.57,13.71,14.97
2009-03-12,35.0,12.2,9.41
2009-03-13,36.01,13.65,12.74
2009-03-14,35.35,13.98,16.83
2009-03-15,35.28,16.32,16.69
2009-03-16,34.21,16.22,17.48
2009-03-17,35.31,16.36,18.21
2009-03-18,36.93,17.74,21.51
2009-03-19,35.44,18.53,24.06
2009-03-20,35.96,19.58,24.05
2009-03-21,34.33,18.24,30.06
2009-03-22,34.3,15.56,23.06
2009-03-23,34.7,19.15,21.7
2009-03-24,36.07,18.41,26.18
2009-03-25,35.17,20.55,39.34
2009-03-26,32.39,16.8,40.2
2009-03-27,33.18,18.36,34.43
2009-03-28,35.01,18.44,40.61
2009-03-29,32.05,18.46,54.67
2009-03-30,34.52,16.57,44.01
2009-03-31,34.51,16.82,32.45
2009-04-01,36.67,17.42,27.7
2009-04-02,36.7,22.64,27.59
2009-04-03,38.35,24.18,27.25
2009-04-04,36.97,20.49,24.5
2009-04-05,36.87,18.01,22.22
2009-04-06,34.09,22.38,25.75
2009-04-07,36.65,18.7,27.73
2009-04-08,35.98,19.45,30.78
2009-04-09,31.25,19.44,46.24
2009-04-10,32.67,15.21,36.79
2009-04-11,36.91,16.03,30.94
2009-04-12,39.24,19.25,28.82
2009-04-13,39.89,21.11,25.57
2009-04-14,41.5,21.53,21.84
2009-04-15,41.24,22.09,18.13
2009-04-16,39.97,22.18,22.68
2009-04-17,38.35,22.09,19.45
2009-04-18,40.24,19.71,16.57
2009-04-19,42.98,22.21,15.79
2009-04-20,43.62,23.06,17.76
2009-04-21,42.69,23.95,16.38
2009-04-22,39.63,23.18,15.73
2009-04-23,39.31,19.48,11.18
2009-04-24,40.1,19.69,12.0
2009-04-25,40.37,21.84,10.02
2009-04-26,40.24,19.47,10.62
2009-04-27,43.16,21.33,11.42
2009-04-28,44.67,25.75,13.39
2009-04-29,44.91,26.06,16.44
2009-04-30,44.72,27.17,14.5
2009-05-01,45.54,26.64,13.8
2009-05-02,45.22,26.14,12.32
2009-05-03,41.88,30.16,20.99
2009-05-04,41.83,27.64,23.55
2009-05-05,41.97,27.28,23.05
2009-05-06,40.43,25.46,25.01
2009-05-07,40.54,24.7,20.24
2009-05-08,42.14,24.92,19.12
2009-05-09,41.9,27.34,18.42
2009-05-10,41.64,27.47,21.85
2009-05-11,39.67,24.5,29.98
2009-05-12,38.85,23.94,26.96
2009-05-13,41.15,26.4,20.63
2009-05-14,43.43,26.28,18.36
2009-05-15,44.1,26.78,20.1
2009-05-16,44.43,29.86,17.69
2009-05-17,44.63,28.56,20.33
2009-05-18,46.17,32.18,15.62
2009-05-19,45.33,29.07,17.34
2009-05-20,45.08,31.05,18.33
2009-05-21,45.33,30.96,20.7
2009-05-22,45.87,33.08,15.35
2009-05-23,45.2,29.61,18.32
2009-05-24,42.94,31.36,25.06
2009-05-25,42.37,29.51,24.82
2009-05-26,42.14,26.73,23.03
2009-05-27,43.82,29.37,17.8
2009-05-28,45.39,31.09,18.2
2009-05-29,44.65,28.35,21.11
2009-05-30,39.63,27.4,40.93
2009-05-31,40.01,26.71,37.68
2009-06-01,39.4,27.83,38.74
2009-06-02,42.28,27.36,36.86
2009-06-03,44.48,29.65,34.64
2009-06-04,44.63,30.04,31.84
2009-06-05,44.33,29.79,31.13
2009-06-06,43.04,28.58,29.27
2009-06-07,42.4,25.21,20.13
2009-06-08,43.31,25.29,19.38
2009-06-09,43.6,24.0,18.47
2009-06-10,44.34,26.16,21.63
2009-06-11,43.39,27.91,25.59
2009-06-12,43.75,28.57,22.48
2009-06-13,43.47,27.72,24.31
2009-06-14,43.74,29.02,22.61
2009-06-15,42.96,30.58,24.61
2009-06-16,41.63,30.21,25.68
2009-06-17,41.82,28.27,24.22
2009-06-18,42.75,27.65,22.28
2009-06-19,43.94,28.55,21.3
2009-06-20,44.78,29.51,17.45
2009-06-21,45.85,29.34,14.57
2009-06-22,46.1,28.45,14.24
2009-06-23,46.36,29.97,16.63
2009-06-24,46.82,30.74,16.98
2009-06-25,47.37,31.91,17.61
2009-06-26,46.66,31.29,20.54
2009-06-27,47.18,32.93,20.43
2009-06-28,47.31,34.11,25.26
2009-06-29,42.92,32.64,41.7
2009-06-30,39.04,29.72,57.12
2009-07-01,39.54,28.41,53.82
2009-07-02,39.14,29.98,47.46
2009-07-03,41.32,28.81,41.08
2009-07-04,42.23,30.83,35.9
2009-07-05,43.48,31.47,31.07
2009-07-06,44.12,29.19,25.91
2009-07-07,44.3,29.19,25.7
2009-07-08,42.58,30.31,37.46
2009-07-09,41.1,31.71,43.34
2009-07-10,38.69,31.46,51.54
2009-07-11,41.07,31.71,45.05
2009-07-12,37.01,30.88,55.26
2009-07-13,39.19,30.34,56.75
2009-07-14,39.05,30.24,53.07
2009-07-15,37.2,30.77,54.9
2009-07-16,39.43,29.36,52.97
2009-07-17,41.35,30.53,48.16
2009-07-18,40.12,30.56,49.5
2009-07-19,39.58,30.91,49.13
2009-07-20,40.55,31.66,49.3
2009-07-21,40.81,30.15,51.98
2009-07-22,40.45,30.13,49.2
2009-07-23,39.42,29.85,50.03
2009-07-24,38.32,27.77,59.57
2009-07-25,39.76,29.06,51.67
2009-07-26,41.4,30.74,47.14
2009-07-27,39.02,29.93,61.77
2009-07-28,36.36,26.33,70.16
2009-07-29,36.82,27.41,66.97
2009-07-30,36.93,28.14,63.18
2009-07-31,38.25,28.24,59.4
2009-08-01,38.04,28.83,57.51
2009-08-02,38.65,29.41,56.29
2009-08-03,40.73,29.49,51.81
2009-08-04,39.73,30.34,51.64
2009-08-05,39.19,29.65,51.3
2009-08-06,40.97,30.18,50.91
2009-08-07,39.92,29.22,54.2
2009-08-08,40.74,29.24,51.92
2009-08-09,40.05,29.51,49.07
2009-08-10,40.97,29.96,48.46
2009-08-11,38.36,29.85,59.57
2009-08-12,36.94,28.9,65.08
2009-08-13,37.86,28.26,67.14
2009-08-14,36.17,27.37,69.87
2009-08-15,30.82,27.07,86.22
2009-08-16,30.43,25.51,86.88
2009-08-17,31.12,25.3,84.42
2009-08-18,33.2,25.43,78.22
2009-08-19,35.71,26.04,71.03
2009-08-20,35.35,26.36,67.88
2009-08-21,33.49,26.66,75.97
2009-08-22,33.02,25.78,79.16
2009-08-23,35.07,25.38,75.83
2009-08-24,34.82,25.88,76.23
2009-08-25,30.36,26.02,84.1
2009-08-26,30.97,24.95,83.78
2009-08-27,31.56,25.33,81.56
2009-08-28,32.82,25.21,80.27
2009-08-29,31.88,25.07,83.37
2009-08-30,32.0,25.43,86.63
2009-08-31,32.15,25.89,84.46
2009-09-01,34.94,25.82,74.8
2009-09-02,33.69,26.93,76.04
2009-09-03,32.9,25.48,83.66
2009-09-04,32.42,24.51,82.19
2009-09-05,31.32,24.11,77.89
2009-09-06,32.56,22.67,66.52
2009-09-07,33.53,22.22,57.71
2009-09-08,32.33,21.35,71.36
2009-09-09,30.26,23.76,86.83
2009-09-10,26.91,23.98,91.41
2009-09-11,28.36,23.55,92.36
2009-09-12,29.73,23.59,87.35
2009-09-13,31.67,22.42,83.03
2009-09-14,32.98,21.51,75.34
2009-09-15,32.29,20.11,73.54
2009-09-16,32.16,22.59,74.64
2009-09-17,32.77,21.4,75.41
2009-09-18,33.15,21.6,72.43
2009-09-19,33.54,21.65,75.17
2009-09-20,33.27,22.04,79.8
2009-09-21,33.56,23.11,80.5
2009-09-22,34.31,23.61,78.23
2009-09-23,34.71,23.98,70.36
2009-09-24,34.0,21.95,63.7
2009-09-25,33.1,20.8,66.39
2009-09-26,33.43,20.55,71.29
2009-09-27,33.38,22.08,69.09
2009-09-28,33.21,21.47,68.96
2009-09-29,33.73,23.37,70.46
2009-09-30,33.73,23.79,70.09
2009-10-01,33.42,22.96,75.6
2009-10-02,34.18,23.2,76.97
2009-10-03,32.37,22.84,79.63
2009-10-04,29.85,22.41,85.54
2009-10-05,28.45,23.17,88.8
2009-10-06,30.48,21.31,83.66
2009-10-07,31.28,19.84,71.06
2009-10-08,33.19,18.89,57.15
2009-10-09,32.95,18.03,51.46
2009-10-10,32.75,18.23,54.85
2009-10-11,33.53,20.5,59.78
2009-10-12,33.12,19.01,59.42
2009-10-13,32.55,19.55,49.91
2009-10-14,31.98,18.18,54.14
2009-10-15,32.26,18.35,51.94
2009-10-16,31.71,17.79,50.24
2009-10-17,32.5,16.36,48.37
2009-10-18,31.8,15.5,43.14
2009-10-19,32.01,17.02,44.55
2009-10-20,32.06,16.44,45.56
2009-10-21,31.95,15.64,41.7
2009-10-22,32.41,15.41,41.15
2009-10-23,31.45,13.21,42.79
2009-10-24,31.52,12.48,39.98
2009-10-25,30.91,13.34,36.14
2009-10-26,30.19,12.9,39.1
2009-10-27,31.05,13.2,33.56
2009-10-28,31.05,14.58,31.81
2009-10-29,31.41,15.16,36.92
2009-10-30,32.05,13.94,42.63
2009-10-31,32.27,13.82,40.62
2009-11-01,30.5,14.64,51.87
2009-11-02,29.43,14.52,62.98
2009-11-03,27.52,16.22,62.2
2009-11-04,29.48,16.63,57.84
2009-11-05,29.98,17.05,55.86
2009-11-06,30.17,17.98,43.2
2009-11-07,30.02,17.13,41.94
2009-11-08,29.74,15.74,54.11
2009-11-09,31.52,15.83,54.13
2009-11-10,30.1,16.44,50.71
2009-11-11,27.51,12.6,37.93
2009-11-12,27.26,16.41,52.42
2009-11-13,25.76,16.85,75.81
2009-11-14,26.84,17.09,73.75
2009-11-15,28.19,16.95,64.49
2009-11-16,28.37,17.2,56.27
2009-11-17,27.13,18.69,60.1
2009-11-18,26.71,12.52,44.81
2009-11-19,25.28,8.79,39.07
2009-11-20,24.99,7.13,35.01
2009-11-21,25.47,10.01,29.18
2009-11-22,24.68,9.97,37.9
2009-11-23,25.53,11.03,40.8
2009-11-24,26.16,8.44,38.51
2009-11-25,26.47,12.0,38.63
2009-11-26,27.56,9.67,43.08
2009-11-27,25.86,9.61,40.08
2009-11-28,25.6,11.63,35.41
2009-11-29,23.19,13.36,38.13
2009-11-30,26.72,13.26,33.22
2009-12-01,26.04,12.22,42.23
2009-12-02,26.58,14.42,40.33
2009-12-03,26.35,11.09,40.21
2009-12-04,26.06,11.81,43.61
2009-12-05,26.05,10.71,50.14
2009-12-06,26.17,10.61,56.53
2009-12-07,24.53,11.5,51.79
2009-12-08,24.47,7.87,34.51
2009-12-09,24.41,10.34,34.57
2009-12-10,24.59,12.79,49.57
2009-12-11,25.76,12.22,47.6
2009-12-12,22.58,10.94,46.71
2009-12-13,25.0,11.15,43.67
2009-12-14,25.25,11.55,44.35
2009-12-15,20.39,13.22,65.7
2009-12-16,24.48,9.83,62.88
2009-12-17,23.97,8.31,45.83
2009-12-18,23.84,8.49,44.73
2009-12-19,23.3,6.91,42.59
2009-12-20,23.82,8.8,42.04
2009-12-21,23.32,6.77,40.36
2009-12-22,22.81,6.35,41.35
2009-12-23,23.77,6.41,43.33
2009-12-24,22.84,6.97,44.7
2009-12-25,23.37,5.38,37.03
2009-12-26,23.31,9.09,32.77
2009-12-27,22.23,7.55,32.28
2009-12-28,22.7,7.97,40.57
2009-12-29,21.96,5.47,37.63
2009-12-30,21.25,8.31,35.66
2009-12-31,21.55,3.94,40.82
2010-01-01,23.13,5.09,44.53
2010-01-02,22.74,8.9,36.35
2010-01-03,22.43,10.35,45.32
2010-01-04,20.57,6.8,55.55
2010-01-05,21.25,4.87,55.06
2010-01-06,21.32,4.57,48.73
2010-01-07,21.43,8.31,44.32
2010-01-08,20.76,8.35,50.63
2010-01-09,21.8,6.56,45.31
2010-01-10,22.52,5.53,38.8
2010-01-11,23.27,4.77,37.52
2010-01-12,23.63,5.82,29.17
2010-01-13,15.98,7.24,74.06
2010-01-14,20.58,4.53,61.4
2010-01-15,22.24,4.71,35.9
2010-01-16,23.42,4.48,34.22
2010-01-17,23.96,6.11,28.24
2010-01-18,24.51,8.46,26.89
2010-01-19,24.69,7.91,28.87
2010-01-20,22.01,5.96,32.52
2010-01-21,24.21,4.52,29.98
2010-01-22,23.94,8.28,28.57
2010-01-23,25.21,9.5,28.93
2010-01-24,25.01,9.33,38.3
2010-01-25,25.06,8.13,42.2
2010-01-26,25.27,8.47,35.17
2010-01-27,25.25,10.12,35.95
2010-01-28,24.15,11.34,44.08
2010-01-29,26.0,8.59,43.67
2010-01-30,26.48,9.92,39.74
2010-01-31,25.02,6.27,34.91
2010-02-01,23.98,8.85,32.11
2010-02-02,25.01,8.3,36.34
2010-02-03,25.39,7.12,36.43
2010-02-04,26.18,7.33,34.68
2010-02-05,26.25,8.71,39.09
2010-02-06,28.31,9.53,39.86
2010-02-07,26.22,12.25,39.49
2010-02-08,23.03,14.61,53.1
2010-02-09,23.96,8.4,66.82
2010-02-10,23.72,6.28,63.64
2010-02-11,25.21,8.5,54.6
2010-02-12,23.03,12.11,60.16
2010-02-13,25.15,10.26,62.52
2010-02-14,25.55,8.08,33.1
2010-02-15,25.03,8.52,40.98
2010-02-16,26.75,13.31,45.09
2010-02-17,24.96,8.29,31.24
2010-02-18,26.33,6.21,30.72
2010-02-19,27.49,7.29,31.3
2010-02-20,28.51,7.96,30.68
2010-02-21,30.6,9.28,31.22
2010-02-22,31.13,14.25,35.94
2010-02-23,27.19,13.7,57.5
2010-02-24,28.89,13.93,47.52
2010-02-25,29.97,12.4,42.54
2010-02-26,31.23,13.54,40.09
2010-02-27,32.65,14.54,38.01
2010-02-28,33.9,14.75,37.19
2010-03-01,33.79,17.42,29.55
2010-03-02,34.48,16.67,31.4
2010-03-03,32.26,17.05,30.19
2010-03-04,33.04,15.77,37.41
2010-03-05,32.36,15.43,40.13
2010-03-06,30.84,15.03,33.18
2010-03-07,31.63,17.1,36.15
2010-03-08,30.64,13.67,33.93
2010-03-09,31.92,13.05,32.84
2010-03-10,32.95,12.99,28.82
2010-03-11,33.55,13.0,24.09
2010-03-12,33.9,14.89,23.89
2010-03-13,35.38,14.6,24.78
2010-03-14,35.8,15.99,22.14
2010-03-15,37.06,16.7,20.33
2010-03-16,37.13,18.42,18.74
2010-03-17,36.93,15.66,21.17
2010-03-18,37.03,16.99,21.56
2010-03-19,37.46,19.07,23.17
2010-03-20,39.0,17.82,21.86
2010-03-21,41.7,19.7,15.24
2010-03-22,41.3,21.11,12.44
2010-03-23,40.42,19.62,13.2
2010-03-24,40.81,19.26,12.83
2010-03-25,40.48,21.75,14.68
2010-03-26,41.15,23.77,14.47
2010-03-27,39.55,22.03,16.3
2010-03-28,39.97,20.74,16.17
2010-03-29,40.97,20.29,13.18
2010-03-30,40.33,20.0,14.43
2010-03-31,39.69,21.25,11.76
2010-04-01,39.03,20.47,11.35
2010-04-02,40.39,20.13,10.48
2010-04-03,39.74,24.55,12.32
2010-04-04,40.35,22.03,14.72
2010-04-05,40.34,23.02,14.5
2010-04-06,39.24,21.67,12.29
2010-04-07,40.82,18.56,9.14
2010-04-08,42.52,20.91,7.91
2010-04-09,42.07,23.59,7.92
2010-04-10,42.92,22.73,11.53
2010-04-11,43.28,23.73,12.23
2010-04-12,43.4,25.6,12.41
2010-04-13,41.96,24.97,13.92
2010-04-14,42.83,23.64,12.74
2010-04-15,44.05,22.87,9.48
2010-04-16,45.38,24.02,9.57
2010-04-17,45.32,25.96,11.45
2010-04-18,44.66,28.65,12.74
2010-04-19,42.49,28.58,19.25
2010-04-20,43.97,26.64,20.1
2010-04-21,42.31,26.46,18.12
2010-04-22,40.22,25.21,17.72
2010-04-23,40.76,23.24,12.9
2010-04-24,41.4,22.74,13.43
2010-04-25,42.2,24.33,13.42
2010-04-26,43.42,25.03,10.42
2010-04-27,42.65,27.23,14.81
2010-04-28,44.07,27.99,17.83
2010-04-29,43.39,28.89,18.98
2010-04-30,42.5,29.27,19.24
2010-05-01,40.57,27.44,23.91
2010-05-02,42.07,28.84,20.62
2010-05-03,42.37,27.91,19.85
2010-05-04,43.32,26.91,17.1
2010-05-05,44.86,27.35,16.35
2010-05-06,43.2,27.58,17.51
2010-05-07,42.27,29.58,25.56
2010-05-08,41.39,27.6,25.79
2010-05-09,42.08,28.25,21.95
2010-05-10,42.66,27.05,18.51
2010-05-11,43.49,26.82,16.34
2010-05-12,43.8,27.58,15.69
2010-05-13,45.34,28.32,11.86
2010-05-14,45.05,28.06,10.72
2010-05-15,44.97,29.14,12.03
2010-05-16,46.25,27.4,11.52
2010-05-17,47.12,31.39,14.62
2010-05-18,45.65,31.85,14.79
2010-05-19,44.27,28.95,14.16
2010-05-20,44.12,28.83,12.26
2010-05-21,45.39,27.3,10.48
2010-05-22,46.4,29.26,9.98
2010-05-23,46.45,28.85,12.06
2010-05-24,47.81,32.75,14.08
2010-05-25,47.42,29.86,10.83
2010-05-26,48.08,29.68,10.8
2010-05-27,47.46,29.03,18.65
2010-05-28,45.56,31.19,22.56
2010-05-29,44.8,30.37,22.44
2010-05-30,43.46,28.39,14.53
2010-05-31,45.2,26.89,13.35
2010-06-01,46.44,27.82,12.28
2010-06-02,45.25,30.72,18.4
2010-06-03,45.24,31.96,28.77
2010-06-04,42.99,30.99,35.3
2010-06-05,40.56,30.78,29.62
2010-06-06,41.51,29.79,24.06
2010-06-07,38.08,29.4,28.97
2010-06-08,36.89,27.46,44.93
2010-06-09,40.08,24.99,39.29
2010-06-10,41.76,25.85,33.2
2010-06-11,42.97,27.23,28.01
2010-06-12,44.59,28.73,22.11
2010-06-13,44.78,29.83,21.65
2010-06-14,44.26,30.92,26.81
2010-06-15,44.77,30.38,21.8
2010-06-16,42.49,29.02,28.08
2010-06-17,44.37,31.28,21.7
2010-06-18,45.13,29.69,20.57
2010-06-19,46.1,31.25,17.41
2010-06-20,47.08,31.02,18.27
2010-06-21,48.71,33.12,16.22
2010-06-22,48.21,33.08,15.17
2010-06-23,45.95,32.75,22.31
2010-06-24,45.72,32.64,24.46
2010-06-25,43.1,32.74,28.83
2010-06-26,44.46,31.13,29.76
2010-06-27,44.85,31.15,29.38
2010-06-28,45.38,33.56,26.2
2010-06-29,46.39,32.99,25.76
2010-06-30,46.41,33.31,22.18
2010-07-01,43.79,32.9,29.74
2010-07-02,41.94,32.15,37.97
2010-07-03,39.6,32.12,47.08
2010-07-04,34.02,28.95,63.82
2010-07-05,33.91,27.14,72.41
2010-07-06,34.3,27.14,72.4
2010-07-07,36.12,27.4,65.63
2010-07-08,38.25,28.25,58.73
2010-07-09,40.7,29.23,53.33
2010-07-10,40.92,30.43,52.08
2010-07-11,40.31,30.62,55.96
2010-07-12,35.2,28.79,68.82
2010-07-13,36.49,28.15,66.64
2010-07-14,38.18,27.8,59.5
2010-07-15,38.89,27.61,55.4
2010-07-16,37.48,28.76,63.24
2010-07-17,37.75,28.43,63.5
2010-07-18,37.56,30.01,64.9
2010-07-19,35.05,26.92,74.02
2010-07-20,31.19,26.24,84.22
2010-07-21,31.07,26.49,84.49
2010-07-22,32.59,25.62,79.37
2010-07-23,35.26,25.45,70.41
2010-07-24,36.0,27.44,67.95
2010-07-25,35.44,27.73,74.09
2010-07-26,34.38,27.02,75.92
2010-07-27,32.3,25.98,79.24
2010-07-28,31.36,25.94,81.28
2010-07-29,34.73,26.74,75.05
2010-07-30,34.45,27.15,78.66
2010-07-31,28.8,26.31,91.16
2010-08-01,31.76,25.14,85.55
2010-08-02,32.3,24.17,84.28
2010-08-03,32.51,25.62,83.5
2010-08-04,32.71,26.28,83.94
2010-08-05,29.66,26.38,90.8
2010-08-06,32.74,25.78,84.59
2010-08-07,32.56,25.38,84.1
2010-08-08,33.18,25.05,80.91
2010-08-09,33.55,25.43,79.68
2010-08-10,34.87,25.45,75.39
2010-08-11,34.78,26.85,78.8
2010-08-12,33.61,27.01,80.58
2010-08-13,34.07,27.0,77.45
2010-08-14,32.28,26.26,81.17
2010-08-15,32.81,25.98,82.7
2010-08-16,32.82,26.33,80.97
2010-08-17,32.62,26.58,80.69
2010-08-18,30.55,26.67,89.98
2010-08-19,31.28,26.21,86.81
2010-08-20,29.74,26.29,92.51
2010-08-21,29.29,26.19,93.61
2010-08-22,28.1,25.95,94.36
2010-08-23,32.23,25.73,88.01
2010-08-24,33.97,25.92,83.79
2010-08-25,31.92,25.67,87.2
2010-08-26,28.6,24.63,88.82
2010-08-27,32.26,23.41,80.26
2010-08-28,31.52,25.54,84.04
2010-08-29,33.25,24.93,81.81
2010-08-30,32.12,24.89,83.49
2010-08-31,31.93,26.2,86.21
2010-09-01,31.83,25.27,86.92
2010-09-02,30.99,25.95,89.24
2010-09-03,32.37,25.65,84.82
2010-09-04,30.87,25.92,85.0
2010-09-05,30.8,25.14,88.31
2010-09-06,31.12,25.08,87.5
2010-09-07,30.92,25.43,91.0
2010-09-08,29.93,25.57,90.7
2010-09-09,31.15,24.84,89.13
2010-09-10,30.66,25.06,89.76
2010-09-11,29.83,24.98,88.59
2010-09-12,31.32,25.12,87.25
2010-09-13,30.3,25.24,88.17
2010-09-14,30.24,24.99,86.39
2010-09-15,30.6,24.5,84.32
2010-09-16,30.94,23.34,84.26
2010-09-17,30.59,22.66,82.63
2010-09-18,29.57,22.96,90.42
2010-09-19,26.92,22.73,92.97
2010-09-20,28.13,23.0,91.73
2010-09-21,30.32,24.05,88.33
2010-09-22,30.0,23.87,89.4
2010-09-23,30.42,23.35,87.94
2010-09-24,28.74,21.95,84.64
2010-09-25,30.54,22.4,83.57
2010-09-26,30.06,20.13,82.26
2010-09-27,29.92,18.15,79.81
2010-09-28,29.98,17.56,75.1
2010-09-29,30.29,17.87,74.86
2010-09-30,29.74,18.58,77.07
2010-10-01,30.48,20.63,72.69
2010-10-02,31.26,21.99,71.97
2010-10-03,31.4,22.66,70.53
2010-10-04,31.82,20.75,75.05
2010-10-05,30.57,20.54,78.8
2010-10-06,30.36,20.52,77.92
2010-10-07,30.38,20.59,78.64
2010-10-08,30.79,21.09,76.53
2010-10-09,30.65,20.53,76.62
2010-10-10,29.64,19.4,71.45
2010-10-11,30.4,17.51,76.12
2010-10-12,31.07,19.95,73.98
2010-10-13,30.48,18.83,72.69
2010-10-14,30.0,18.81,76.27
2010-10-15,30.97,19.98,74.15
2010-10-16,31.23,21.2,74.5
2010-10-17,30.13,20.76,85.92
2010-10-18,29.85,21.45,84.26
2010-10-19,30.66,21.94,77.72
2010-10-20,30.55,22.87,74.48
2010-10-21,29.36,21.01,81.43
2010-10-22,30.57,19.68,83.59
2010-10-23,28.59,19.38,82.68
2010-10-24,28.0,16.37,73.68
2010-10-25,27.83,12.88,62.38
2010-10-26,28.58,16.23,52.64
2010-10-27,27.57,17.18,54.38
2010-10-28,26.66,12.52,61.68
2010-10-29,26.58,14.2,64.07
2010-10-30,26.62,14.09,74.38
2010-10-31,26.85,16.93,66.37
2010-11-01,26.93,16.12,62.56
2010-11-02,26.98,15.99,59.28
2010-11-03,27.07,14.11,64.24
2010-11-04,26.63,13.76,65.71
2010-11-05,26.57,15.62,63.94
2010-11-06,27.15,16.37,67.36
2010-11-07,28.28,17.06,63.88
2010-11-08,27.67,18.09,68.72
2010-11-09,28.09,17.14,71.31
2010-11-10,26.67,15.31,66.19
2010-11-11,26.71,13.81,60.51
2010-11-12,26.87,15.97,61.39
2010-11-13,20.97,15.98,82.29
2010-11-14,22.94,15.16,80.87
2010-11-15,27.85,18.11,77.7
2010-11-16,26.0,18.6,84.58
2010-11-17,26.08,17.72,85.48
2010-11-18,25.59,17.82,82.54
2010-11-19,26.0,14.54,66.92
2010-11-20,23.33,10.08,64.86
2010-11-21,24.25,9.34,58.04
2010-11-22,23.91,12.38,51.76
2010-11-23,23.7,11.6,54.24
2010-11-24,20.92,14.14,65.53
2010-11-25,22.97,14.32,76.98
2010-11-26,24.82,13.38,73.7
2010-11-27,24.65,10.21,61.53
2010-11-28,24.21,10.18,53.02
2010-11-29,23.88,9.32,60.09
2010-11-30,22.28,6.53,57.82
2010-12-01,21.79,7.29,55.43
2010-12-02,21.49,10.49,57.41
2010-12-03,21.29,8.36,56.71
2010-12-04,20.56,9.14,57.6
2010-12-05,20.74,10.38,56.54
2010-12-06,21.06,9.88,64.84
2010-12-07,22.23,9.37,67.47
2010-12-08,21.97,10.7,60.34
2010-12-09,21.95,10.76,66.47
2010-12-10,19.84,7.67,69.63
2010-12-11,19.57,4.46,64.32
2010-12-12,20.88,6.06,64.38
2010-12-13,22.02,6.68,48.85
2010-12-14,21.16,6.56,54.59
2010-12-15,20.22,4.45,54.61
2010-12-16,20.96,6.91,53.78
2010-12-17,22.29,7.23,54.32
2010-12-18,20.54,7.44,62.42
2010-12-19,19.24,3.57,64.46
2010-12-20,20.26,3.27,56.8
2010-12-21,19.08,2.94,47.63
2010-12-22,20.36,5.71,52.0
2010-12-23,20.18,4.19,69.94
2010-12-24,20.46,6.05,66.07
2010-12-25,20.06,8.07,57.65
2010-12-26,17.89,7.57,58.18
2010-12-27,19.88,7.0,64.78
2010-12-28,21.37,7.87,66.13
2010-12-29,22.72,7.52,80.11
2010-12-30,18.52,11.05,91.55
2010-12-31,18.27,7.08,78.63
2011-01-01,18.77,4.14,69.76
2011-01-02,17.46,2.84,68.8
2011-01-03,15.73,1.47,68.28
2011-01-04,14.75,0.64,68.35
2011-01-05,17.08,-0.57,65.08
2011-01-06,17.29,-1.36,61.96
2011-01-07,20.18,0.82,49.05
2011-01-08,18.65,4.77,55.32
2011-01-09,17.21,2.65,62.99
2011-01-10,19.31,1.45,59.52
2011-01-11,19.52,2.31,56.2
2011-01-12,20.02,3.16,50.14
2011-01-13,21.5,8.8,49.41
2011-01-14,21.09,8.96,64.1
2011-01-15,21.24,5.93,55.68
2011-01-16,17.14,2.38,56.22
2011-01-17,20.59,2.98,48.05
2011-01-18,21.09,7.24,50.1
2011-01-19,20.19,3.15,57.35
2011-01-20,20.42,3.07,45.36
2011-01-21,21.36,6.89,43.67
2011-01-22,22.9,7.96,55.75
2011-01-23,22.8,8.06,50.96
2011-01-24,20.81,5.67,45.75
2011-01-25,21.82,5.73,45.53
2011-01-26,22.65,8.18,51.73
2011-01-27,18.72,4.37,53.45
2011-01-28,20.92,3.3,43.32
2011-01-29,19.59,8.67,45.06
2011-01-30,22.21,7.14,56.82
2011-01-31,22.64,6.61,58.56
2011-02-01,22.87,5.52,57.39
2011-02-02,23.67,6.25,51.89
2011-02-03,24.68,7.26,50.14
2011-02-04,28.02,8.82,50.41
2011-02-05,29.46,11.81,45.82
2011-02-06,28.14,11.13,50.07
2011-02-07,26.56,11.26,59.03
2011-02-08,24.66,9.42,61.58
2011-02-09,24.3,5.88,49.09
2011-02-10,24.99,6.59,46.04
2011-02-11,26.57,6.97,42.45
2011-02-12,28.7,10.03,38.87
2011-02-13,29.27,12.16,41.03
2011-02-14,22.42,12.57,70.74
2011-02-15,22.09,13.29,81.71
2011-02-16,22.07,12.33,78.28
2011-02-17,22.41,8.69,62.98
2011-02-18,22.29,6.22,52.06
2011-02-19,24.32,9.63,44.01
2011-02-20,25.49,9.98,54.52
2011-02-21,23.2,8.63,69.58
2011-02-22,24.14,8.34,57.41
2011-02-23,25.24,12.74,49.79
2011-02-24,25.2,11.27,55.74
2011-02-25,24.82,9.73,56.31
2011-02-26,24.27,11.9,57.81
2011-02-27,24.91,10.21,54.66
2011-02-28,25.48,7.32,45.22
2011-03-01,23.94,9.86,55.81
2011-03-02,21.33,10.96,65.98
2011-03-03,27.52,13.0,61.45
2011-03-04,25.47,14.23,67.95
2011-03-05,28.91,10.57,54.06
2011-03-06,29.21,12.42,43.25
2011-03-07,29.95,11.07,40.71
2011-03-08,29.75,12.5,44.87
2011-03-09,28.64,11.85,45.64
2011-03-10,27.13,11.35,39.27
2011-03-11,29.37,10.14,42.5
2011-03-12,30.08,9.44,35.89
2011-03-13,31.76,10.53,32.09
2011-03-14,31.33,13.75,34.64
2011-03-15,32.64,16.72,34.38
2011-03-16,33.83,16.94,35.69
2011-03-17,34.99,14.11,37.97
2011-03-18,36.37,16.05,37.28
2011-03-19,34.6,19.82,33.63
2011-03-20,34.31,16.1,32.11
2011-03-21,33.29,12.51,29.68
2011-03-22,35.11,13.05,28.14
2011-03-23,35.89,16.57,26.53
2011-03-24,34.56,16.65,32.47
2011-03-25,34.95,16.24,31.96
2011-03-26,36.1,15.38,30.34
2011-03-27,37.46,16.58,30.66
2011-03-28,37.66,20.28,29.22
2011-03-29,35.38,17.12,35.3
2011-03-30,35.03,18.57,37.58
2011-03-31,35.38,16.58,32.48
2011-04-01,35.54,16.35,30.02
2011-04-02,35.56,17.92,32.4
2011-04-03,33.83,17.42,32.02
2011-04-04,33.81,14.87,27.4
2011-04-05,35.72,17.42,22.85
2011-04-06,36.4,16.23,21.17
2011-04-07,33.01,18.59,25.66
2011-04-08,34.97,17.24,27.34
2011-04-09,36.12,18.54,23.32
2011-04-10,35.92,18.97,26.45
2011-04-11,36.15,21.21,29.62
2011-04-12,39.45,21.29,30.92
2011-04-13,36.07,21.35,33.76
2011-04-14,37.09,20.71,31.75
2011-04-15,35.66,21.55,29.45
2011-04-16,38.3,21.78,28.37
2011-04-17,39.12,23.12,37.61
2011-04-18,34.94,20.92,46.7
2011-04-19,36.43,19.24,32.28
2011-04-20,36.48,18.44,29.02
2011-04-21,37.77,20.35,25.06
2011-04-22,38.75,20.2,24.59
2011-04-23,39.31,23.06,21.72
2011-04-24,40.89,23.02,20.45
2011-04-25,42.3,23.55,18.43
2011-04-26,41.85,23.72,18.72
2011-04-27,39.37,22.98,32.61
2011-04-28,42.54,24.67,26.26
2011-04-29,42.9,27.07,18.97
2011-04-30,41.12,27.18,19.7
2011-05-01,43.51,24.82,16.22
2011-05-02,42.88,24.92,18.18
2011-05-03,44.04,26.27,18.85
2011-05-04,43.57,27.68,23.37
2011-05-05,42.57,28.38,24.1
2011-05-06,41.35,27.96,27.77
2011-05-07,40.21,26.24,30.77
2011-05-08,41.94,24.6,24.97
2011-05-09,44.4,26.5,19.08
2011-05-10,44.08,26.3,19.43
2011-05-11,44.46,26.73,18.58
2011-05-12,45.19,27.66,19.62
2011-05-13,43.34,26.87,21.57
2011-05-14,44.3,29.51,18.49
2011-05-15,44.56,29.36,14.05
2011-05-16,45.63,27.7,14.45
2011-05-17,46.64,30.54,13.4
2011-05-18,47.09,31.39,14.05
2011-05-19,45.66,30.14,22.29
2011-05-20,43.91,27.93,31.53
2011-05-21,39.5,28.88,44.44
2011-05-22,41.63,29.33,40.91
2011-05-23,41.44,28.27,36.64
2011-05-24,43.07,26.24,32.92
2011-05-25,44.67,29.86,31.72
2011-05-26,43.84,29.41,32.37
2011-05-27,42.97,31.04,34.64
2011-05-28,42.38,28.98,32.39
2011-05-29,43.41,28.36,27.92
2011-05-30,44.09,31.89,26.98
2011-05-31,44.05,27.68,34.06
2011-06-01,42.38,30.88,33.48
2011-06-02,40.87,26.68,37.55
2011-06-03,42.22,26.71,32.75
2011-06-04,43.13,26.37,27.03
2011-06-05,44.92,28.44,21.14
2011-06-06,45.48,28.95,21.85
2011-06-07,46.64,29.74,23.27
2011-06-08,44.4,29.17,22.14
2011-06-09,42.92,29.17,33.54
2011-06-10,40.41,27.06,43.21
2011-06-11,42.1,28.06,41.09
2011-06-12,43.46,28.41,40.84
2011-06-13,43.65,29.36,40.4
2011-06-14,42.68,32.43,41.02
2011-06-15,37.87,30.65,56.78
2011-06-16,41.67,29.72,46.32
2011-06-17,39.09,30.65,51.92
2011-06-18,40.14,29.81,54.35
2011-06-19,40.54,29.28,49.07
2011-06-20,41.61,29.09,43.53
2011-06-21,40.14,30.12,46.81
2011-06-22,39.78,30.9,47.93
2011-06-23,38.18,30.57,54.06
2011-06-24,40.12,29.68,50.95
2011-06-25,40.9,30.39,50.51
2011-06-26,33.59,29.57,69.55
2011-06-27,35.42,27.79,65.64
2011-06-28,34.14,27.91,66.87
2011-06-29,33.1,26.8,72.42
2011-06-30,36.69,26.27,69.08
2011-07-01,37.88,26.54,64.74
2011-07-02,39.35,27.91,55.9
2011-07-03,40.87,27.84,52.57
2011-07-04,40.7,28.86,54.78
2011-07-05,38.14,28.67,58.67
2011-07-06,36.32,27.73,64.95
2011-07-07,32.44,26.57,74.75
2011-07-08,35.67,25.38,71.3
2011-07-09,34.02,26.92,72.42
2011-07-10,30.37,27.13,83.67
2011-07-11,35.03,26.15,71.83
2011-07-12,38.64,27.38,64.96
2011-07-13,33.48,27.51,74.86
2011-07-14,33.42,27.5,76.72
2011-07-15,32.57,26.99,82.47
2011-07-16,33.04,26.39,78.3
2011-07-17,32.1,24.85,80.33
2011-07-18,31.67,25.26,81.9
2011-07-19,36.25,26.12,69.78
2011-07-20,37.06,28.01,65.05
2011-07-21,35.0,26.61,71.01
2011-07-22,35.37,27.0,69.73
2011-07-23,34.29,26.72,73.9
2011-07-24,34.58,26.13,73.75
2011-07-25,35.01,26.24,73.37
2011-07-26,32.56,26.89,79.39
2011-07-27,34.07,26.4,77.56
2011-07-28,34.48,26.8,77.99
2011-07-29,33.01,27.27,80.78
2011-07-30,34.27,26.43,75.38
2011-07-31,35.59,27.34,70.22
2011-08-01,34.06,28.05,74.36
2011-08-02,36.62,27.35,68.07
2011-08-03,35.08,27.53,74.46
2011-08-04,32.88,26.45,77.56
2011-08-05,34.87,26.31,74.02
2011-08-06,34.56,27.01,77.58
2011-08-07,30.73,26.26,86.13
2011-08-08,31.77,25.56,83.32
2011-08-09,33.74,25.85,78.86
2011-08-10,33.48,25.1,81.92
2011-08-11,32.25,25.06,84.78
2011-08-12,28.29,25.95,91.97
2011-08-13,30.86,25.09,85.61
2011-08-14,30.97,24.82,85.65
2011-08-15,29.15,24.38,92.17
2011-08-16,30.67,24.93,90.54
2011-08-17,31.47,24.73,82.16
2011-08-18,32.25,24.52,82.71
2011-08-19,29.39,25.11,90.61
2011-08-20,30.53,25.31,88.07
2011-08-21,32.56,24.95,82.48
2011-08-22,34.28,25.41,76.14
2011-08-23,33.27,26.33,84.77
2011-08-24,31.27,25.42,85.42
2011-08-25,32.46,25.08,86.65
2011-08-26,29.81,26.2,88.84
2011-08-27,31.89,25.09,86.05
2011-08-28,32.63,25.19,84.66
2011-08-29,32.8,25.42,84.31
2011-08-30,32.98,25.63,85.18
2011-08-31,32.08,25.44,85.13
2011-09-01,32.26,25.83,85.68
2011-09-02,32.66,25.23,82.21
2011-09-03,30.61,24.78,85.71
2011-09-04,28.73,24.94,91.53
2011-09-05,30.64,24.75,88.96
2011-09-06,29.78,25.11,90.86
2011-09-07,30.76,25.09,87.84
2011-09-08,31.63,25.48,83.14
2011-09-09,30.8,25.78,89.54
2011-09-10,30.45,24.83,85.11
2011-09-11,30.74,25.25,88.72
2011-09-12,30.89,25.08,89.93
2011-09-13,32.87,24.03,81.32
2011-09-14,32.98,25.15,82.38
2011-09-15,31.37,25.84,88.48
2011-09-16,31.53,25.14,87.1
2011-09-17,31.5,24.45,85.58
2011-09-18,31.26,22.9,85.13
2011-09-19,31.28,22.77,84.04
2011-09-20,31.4,22.08,84.97
2011-09-21,31.18,21.66,82.92
2011-09-22,31.16,21.76,80.79
2011-09-23,31.38,20.65,80.37
2011-09-24,31.46,19.13,76.75
2011-09-25,31.74,19.81,77.53
2011-09-26,31.63,21.24,80.74
2011-09-27,31.14,21.37,81.0
2011-09-28,31.41,21.54,79.85
2011-09-29,31.2,20.84,79.34
2011-09-30,31.12,20.18,75.17
2011-10-01,31.57,19.58,75.26
2011-10-02,32.67,19.1,74.33
2011-10-03,32.56,19.55,69.77
2011-10-04,31.77,20.01,70.79
2011-10-05,32.36,21.14,67.88
2011-10-06,32.37,22.41,71.0
2011-10-07,31.55,19.56,71.9
2011-10-08,31.24,21.64,75.91
2011-10-09,31.63,22.54,76.07
2011-10-10,32.74,20.62,67.18
2011-10-11,32.44,20.12,64.16
2011-10-12,32.31,19.08,64.95
2011-10-13,33.11,18.4,64.7
2011-10-14,32.86,19.91,61.75
2011-10-15,33.07,17.22,55.32
2011-10-16,32.67,20.03,48.87
2011-10-17,32.26,19.09,48.15
2011-10-18,31.57,18.72,46.56
2011-10-19,32.55,17.97,48.24
2011-10-20,31.99,18.68,45.85
2011-10-21,31.24,16.29,60.37
2011-10-22,30.87,17.23,57.8
2011-10-23,32.03,17.81,55.0
2011-10-24,32.04,18.48,55.2
2011-10-25,31.62,17.13,53.29
2011-10-26,31.1,17.61,50.65
2011-10-27,30.1,14.42,48.13
2011-10-28,29.35,15.05,44.46
2011-10-29,29.77,15.27,49.3
2011-10-30,29.88,15.28,49.32
2011-10-31,30.34,15.0,50.32
2011-11-01,30.06,15.6,49.78
2011-11-02,30.64,15.39,48.4
2011-11-03,30.67,16.52,54.48
2011-11-04,30.15,15.01,62.92
2011-11-05,30.89,16.43,61.13
2011-11-06,30.56,15.49,54.48
2011-11-07,30.48,15.0,48.53
2011-11-08,28.46,13.38,53.65
2011-11-09,28.96,14.0,49.8
2011-11-10,30.67,15.63,61.6
2011-11-11,30.63,16.86,64.0
2011-11-12,30.56,16.07,52.6
2011-11-13,30.31,17.28,45.46
2011-11-14,29.54,14.92,47.7
2011-11-15,29.12,14.4,47.73
2011-11-16,29.87,13.65,51.12
2011-11-17,30.03,13.99,46.16
2011-11-18,30.2,15.02,44.44
2011-11-19,29.75,14.81,55.44
2011-11-20,28.87,13.41,65.3
2011-11-21,28.4,14.25,61.61
2011-11-22,28.75,14.69,56.99
2011-11-23,27.67,14.25,61.91
2011-11-24,26.39,14.45,63.94
2011-11-25,26.92,14.81,62.7
2011-11-26,26.77,14.58,56.21
2011-11-27,25.95,13.5,59.51
2011-11-28,26.46,13.15,54.69
2011-11-29,26.63,9.64,49.96
2011-11-30,27.54,9.11,43.82
2011-12-01,25.09,10.86,48.49
2011-12-02,25.87,11.61,52.34
2011-12-03,27.34,13.38,38.35
2011-12-04,27.7,11.49,40.02
2011-12-05,28.18,12.05,46.74
2011-12-06,26.69,10.95,58.49
2011-12-07,27.06,11.72,61.09
2011-12-08,27.79,12.39,61.5
2011-12-09,26.98,13.14,60.52
2011-12-10,24.31,10.8,61.32
2011-12-11,24.17,8.6,42.51
2011-12-12,24.49,11.25,38.04
2011-12-13,24.36,8.49,38.65
2011-12-14,23.77,5.91,35.91
2011-12-15,22.59,8.21,33.15
2011-12-16,22.63,7.18,31.07
2011-12-17,22.97,6.86,30.51
2011-12-18,21.94,7.91,31.42
2011-12-19,21.34,7.11,32.16
2011-12-20,20.94,5.37,42.21
2011-12-21,21.77,7.46,43.39
2011-12-22,23.07,7.96,46.18
2011-12-23,21.44,4.19,41.6
2011-12-24,20.49,3.82,36.69
2011-12-25,20.89,4.21,34.55
2011-12-26,20.87,5.89,31.41
2011-12-27,20.15,8.25,36.66
2011-12-28,22.2,7.58,51.42
2011-12-29,22.65,7.5,55.87
2011-12-30,23.25,7.1,50.54
2011-12-31,22.21,8.78,58.43
2012-01-01,20.32,11.48,76.35
2012-01-02,22.22,7.8,46.77
2012-01-03,22.39,6.99,39.58
2012-01-04,21.9,10.65,38.81
2012-01-05,20.95,8.15,58.66
2012-01-06,19.89,7.65,72.92
2012-01-07,20.57,8.11,76.97
2012-01-08,19.52,10.46,79.03
2012-01-09,19.7,6.02,63.75
2012-01-10,18.7,5.16,43.04
2012-01-11,19.4,2.69,47.72
2012-01-12,20.41,3.24,42.97
2012-01-13,21.57,2.92,41.93
2012-01-14,23.6,4.56,41.19
2012-01-15,25.14,9.82,40.91
2012-01-16,18.1,8.47,78.65
2012-01-17,20.2,8.14,66.58
2012-01-18,20.33,6.41,57.62
2012-01-19,19.61,7.78,49.76
2012-01-20,18.93,4.68,53.43
2012-01-21,20.13,3.14,49.68
2012-01-22,20.47,4.17,33.68
2012-01-23,22.06,7.42,37.33
2012-01-24,22.68,4.2,46.26
2012-01-25,23.5,6.04,44.48
2012-01-26,22.95,7.15,40.42
2012-01-27,21.73,6.58,41.13
2012-01-28,21.66,6.04,42.57
2012-01-29,21.7,3.73,39.92
2012-01-30,22.49,3.56,37.54
2012-01-31,21.94,5.78,33.15
2012-02-01,23.03,4.87,39.55
2012-02-02,24.17,6.46,36.39
2012-02-03,22.51,10.68,32.8
2012-02-04,24.39,9.7,37.81
2012-02-05,24.42,8.79,45.61
2012-02-06,24.31,7.31,47.56
2012-02-07,23.67,6.54,43.29
2012-02-08,19.45,4.46,29.34
2012-02-09,19.87,1.21,31.51
2012-02-10,22.61,2.79,31.94
2012-02-11,22.67,4.31,32.45
2012-02-12,22.69,6.9,37.86
2012-02-13,24.85,7.51,43.2
2012-02-14,24.49,8.22,52.68
2012-02-15,23.66,10.46,44.32
2012-02-16,23.43,7.81,35.81
2012-02-17,24.68,4.67,29.99
2012-02-18,26.28,7.23,28.22
2012-02-19,28.58,8.06,33.96
2012-02-20,27.96,11.7,40.14
2012-02-21,29.07,13.0,40.56
2012-02-22,30.45,11.6,40.97
2012-02-23,29.87,14.0,40.34
2012-02-24,27.4,10.25,29.87
2012-02-25,27.12,9.7,24.38
2012-02-26,29.03,7.44,20.73
2012-02-27,29.44,8.77,21.43
2012-02-28,28.57,10.47,23.87
2012-02-29,28.35,9.41,30.1
2012-03-01,29.77,11.96,25.23
2012-03-02,30.35,9.95,24.98
2012-03-03,31.34,10.52,26.37
2012-03-04,33.52,14.31,30.3
2012-03-05,34.19,16.97,34.16
2012-03-06,31.05,15.65,35.0
2012-03-07,30.29,12.24,28.95
2012-03-08,27.66,9.13,11.98
2012-03-09,27.06,6.91,17.73
2012-03-10,27.45,9.95,17.72
2012-03-11,29.87,10.15,17.93
2012-03-12,31.12,10.1,20.32
2012-03-13,28.72,12.59,41.51
2012-03-14,29.21,10.5,26.64
2012-03-15,30.96,11.53,24.06
2012-03-16,33.95,12.28,21.17
2012-03-17,36.06,17.24,23.05
2012-03-18,37.06,17.87,20.84
2012-03-19,38.29,17.51,23.6
2012-03-20,39.46,18.33,15.03
2012-03-21,32.48,12.1,6.96
2012-03-22,33.7,12.4,8.76
2012-03-23,35.67,12.63,8.85
2012-03-24,37.27,15.11,9.69
2012-03-25,36.78,16.24,11.45
2012-03-26,37.27,21.29,11.22
2012-03-27,36.23,19.86,16.82
2012-03-28,37.18,18.54,21.69
2012-03-29,35.94,17.95,19.63
2012-03-30,37.51,17.46,19.19
2012-03-31,38.71,17.3,15.02
2012-04-01,36.47,19.8,18.94
2012-04-02,39.99,20.98,18.31
2012-04-03,40.58,23.31,18.3
2012-04-04,40.21,22.63,20.59
2012-04-05,39.74,23.34,16.89
2012-04-06,39.48,22.87,17.87
2012-04-07,39.72,23.1,15.48
2012-04-08,39.39,22.38,16.88
2012-04-09,41.29,23.53,16.27
2012-04-10,41.34,24.3,22.35
2012-04-11,38.09,24.03,33.7
2012-04-12,37.35,21.01,35.65
2012-04-13,35.91,23.12,35.62
2012-04-14,30.57,20.93,49.94
2012-04-15,33.25,18.37,49.58
2012-04-16,35.47,19.72,34.23
2012-04-17,35.69,21.53,37.79
2012-04-18,37.14,21.58,38.29
2012-04-19,38.85,22.67,28.33
2012-04-20,38.47,23.77,31.11
2012-04-21,36.53,22.2,35.48
2012-04-22,37.08,22.42,25.7
2012-04-23,37.79,22.29,29.07
2012-04-24,39.07,22.56,25.95
2012-04-25,38.81,24.51,26.62
2012-04-26,39.46,23.38,25.41
2012-04-27,37.77,23.61,26.92
2012-04-28,38.35,23.59,25.15
2012-04-29,38.18,21.07,19.7
2012-04-30,38.44,22.72,22.9
2012-05-01,38.56,22.4,19.97
2012-05-02,38.69,21.38,21.2
2012-05-03,38.96,22.26,18.99
2012-05-04,40.22,24.67,16.69
2012-05-05,40.82,23.73,15.86
2012-05-06,41.55,23.98,18.62
2012-05-07,42.94,25.82,18.29
2012-05-08,43.36,27.33,19.18
2012-05-09,43.79,27.48,19.09
2012-05-10,44.22,28.52,19.37
2012-05-11,42.11,29.16,29.36
2012-05-12,41.89,29.16,23.72
2012-05-13,41.87,28.02,24.87
2012-05-14,40.77,26.36,25.04
2012-05-15,42.23,26.37,20.88
2012-05-16,43.97,26.97,17.68
2012-05-17,43.79,27.5,20.7
2012-05-18,42.14,27.25,23.45
2012-05-19,43.36,25.98,20.56
2012-05-20,43.62,26.69,16.14
2012-05-21,44.21,27.41,16.18
2012-05-22,44.31,28.58,15.49
2012-05-23,43.87,27.02,12.57
2012-05-24,44.61,26.45,11.89
2012-05-25,45.79,26.57,12.98
2012-05-26,44.63,30.08,17.65
2012-05-27,43.7,28.66,16.96
2012-05-28,43.99,27.38,13.54
2012-05-29,46.03,28.84,11.58
2012-05-30,47.04,27.32,10.81
2012-05-31,47.68,31.25,14.32
2012-06-01,47.84,32.17,16.3
2012-06-02,46.35,31.88,17.68
2012-06-03,45.66,31.89,17.41
2012-06-04,45.01,33.3,18.63
2012-06-05,45.37,31.82,17.83
2012-06-06,41.57,27.58,33.32
2012-06-07,40.65,28.84,32.44
2012-06-08,42.15,28.95,26.64
2012-06-09,41.97,28.54,25.16
2012-06-10,43.85,31.12,22.0
2012-06-11,44.46,29.92,19.53
2012-06-12,45.28,29.24,16.83
2012-06-13,45.29,30.13,18.77
2012-06-14,46.39,32.24,16.95
2012-06-15,46.21,31.77,17.22
2012-06-16,46.04,33.36,20.26
2012-06-17,46.8,33.29,23.97
2012-06-18,44.61,34.1,26.39
2012-06-19,45.28,32.89,23.9
2012-06-20,45.99,30.07,19.69
2012-06-21,46.54,33.03,19.79
2012-06-22,46.83,34.02,21.93
2012-06-23,42.67,33.66,25.97
2012-06-24,45.57,33.22,24.78
2012-06-25,45.94,33.16,24.02
2012-06-26,44.22,32.29,25.8
2012-06-27,44.37,32.31,26.0
2012-06-28,45.15,32.38,25.01
2012-06-29,45.13,33.07,24.25
2012-06-30,45.56,33.78,23.67
2012-07-01,46.15,32.73,21.37
2012-07-02,46.83,33.13,24.65
2012-07-03,45.7,33.53,31.79
2012-07-04,40.96,29.37,47.94
2012-07-05,42.84,31.61,39.93
2012-07-06,37.02,28.4,60.39
2012-07-07,33.17,27.51,71.34
2012-07-08,38.23,27.23,63.34
2012-07-09,35.19,27.05,68.94
2012-07-10,36.65,27.98,63.53
2012-07-11,33.55,27.68,71.36
2012-07-12,37.02,28.56,61.16
2012-07-13,35.88,28.92,63.56
2012-07-14,37.3,27.8,59.22
2012-07-15,38.85,28.04,50.78
2012-07-16,39.95,28.51,48.24
2012-07-17,41.35,29.57,43.89
2012-07-18,42.65,29.06,39.91
2012-07-19,43.17,30.21,38.89
2012-07-20,40.07,30.81,45.6
2012-07-21,38.45,29.43,55.39
2012-07-22,40.36,29.48,49.74
2012-07-23,41.91,30.89,44.95
2012-07-24,41.98,29.37,47.2
2012-07-25,38.72,28.4,57.01
2012-07-26,32.5,28.18,67.37
2012-07-27,34.88,27.61,64.6
2012-07-28,33.75,26.89,67.48
2012-07-29,32.86,27.97,71.94
2012-07-30,35.15,26.99,73.84
2012-07-31,35.41,26.27,63.8
2012-08-01,36.31,26.9,59.64
2012-08-02,37.39,27.43,56.03
2012-08-03,38.62,26.81,56.51
2012-08-04,35.94,24.9,68.76
2012-08-05,36.53,26.42,61.74
2012-08-06,36.91,27.17,63.06
2012-08-07,36.4,26.03,61.39
2012-08-08,32.03,27.03,77.29
2012-08-09,33.14,26.67,76.33
2012-08-10,30.74,26.21,80.61
2012-08-11,33.17,26.31,74.4
2012-08-12,33.94,25.63,75.21
2012-08-13,32.47,25.82,81.0
2012-08-14,30.97,25.91,85.05
2012-08-15,33.51,24.55,79.13
2012-08-16,33.22,24.72,75.95
2012-08-17,35.79,25.49,69.31
2012-08-18,36.5,26.66,65.26
2012-08-19,33.02,27.15,75.09
2012-08-20,34.33,25.91,78.17
2012-08-21,30.43,26.03,86.18
2012-08-22,30.82,24.46,83.91
2012-08-23,31.74,25.23,82.6
2012-08-24,31.11,25.14,86.71
2012-08-25,30.52,24.9,87.12
2012-08-26,29.16,25.18,88.39
2012-08-27,30.7,25.03,87.61
2012-08-28,30.51,25.27,87.88
2012-08-29,30.46,25.96,87.35
2012-08-30,30.32,25.72,87.94
2012-08-31,32.62,25.04,80.72
2012-09-01,33.19,25.75,81.54
2012-09-02,32.76,25.42,83.53
2012-09-03,30.14,25.29,87.09
2012-09-04,28.18,24.8,91.31
2012-09-05,30.74,24.14,86.79
2012-09-06,30.8,23.83,87.24
2012-09-07,30.37,24.62,87.39
2012-09-08,30.18,24.95,86.5
2012-09-09,32.65,24.32,77.84
2012-09-10,31.76,25.42,80.94
2012-09-11,31.38,25.41,83.74
2012-09-12,31.98,24.59,82.4
2012-09-13,32.72,24.71,83.24
2012-09-14,32.27,24.61,84.54
2012-09-15,32.8,23.91,83.9
2012-09-16,31.93,24.17,83.24
2012-09-17,31.47,23.67,81.33
2012-09-18,30.21,23.32,84.39
2012-09-19,31.05,22.83,82.16
2012-09-20,30.98,21.29,76.33
2012-09-21,31.66,18.25,69.26
2012-09-22,32.07,18.54,74.11
2012-09-23,31.81,18.71,70.21
2012-09-24,31.81,18.33,73.51
2012-09-25,31.09,17.07,69.98
2012-09-26,31.13,17.81,72.3
2012-09-27,32.3,18.66,68.55
2012-09-28,31.67,18.27,63.5
2012-09-29,32.61,19.18,67.67
2012-09-30,32.46,18.81,62.93
2012-10-01,33.02,17.9,61.57
2012-10-02,33.21,18.59,57.87
2012-10-03,33.06,20.41,54.83
2012-10-04,33.23,17.69,57.55
2012-10-05,32.85,16.7,59.41
2012-10-06,33.19,16.25,54.92
2012-10-07,33.34,17.06,51.8
2012-10-08,32.77,16.87,51.71
2012-10-09,32.67,17.07,53.23
2012-10-10,32.19,18.8,51.47
2012-10-11,32.51,18.14,49.18
2012-10-12,32.69,16.11,49.47
2012-10-13,33.23,17.05,50.75
2012-10-14,33.28,16.47,52.66
2012-10-15,32.57,16.97,54.72
2012-10-16,31.41,17.36,55.3
2012-10-17,31.97,17.69,53.13
2012-10-18,32.38,17.6,53.83
2012-10-19,31.86,16.41,46.02
2012-10-20,31.35,18.7,44.31
2012-10-21,31.82,18.44,47.74
2012-10-22,31.26,17.03,48.62
2012-10-23,31.9,17.47,48.85
2012-10-24,28.89,17.08,55.34
2012-10-25,28.83,13.92,49.31
2012-10-26,28.72,13.39,42.11
2012-10-27,28.94,13.31,40.84
2012-10-28,28.98,14.13,42.58
2012-10-29,29.41,14.08,49.72
2012-10-30,29.84,14.23,47.95
2012-10-31,30.62,14.23,45.28
2012-11-01,30.18,14.76,47.15
2012-11-02,29.55,13.43,47.57
2012-11-03,28.34,13.69,47.32
2012-11-04,28.75,13.75,49.04
2012-11-05,28.89,14.07,47.78
2012-11-06,29.5,13.54,45.65
2012-11-07,28.86,13.62,45.33
2012-11-08,28.56,12.51,45.4
2012-11-09,28.9,11.95,40.44
2012-11-10,30.62,13.58,42.01
2012-11-11,29.11,13.67,45.93
2012-11-12,27.85,12.53,39.57
2012-11-13,27.24,14.02,44.05
2012-11-14,27.23,12.04,47.14
2012-11-15,27.51,10.85,44.87
2012-11-16,26.19,10.57,41.07
2012-11-17,27.38,10.34,41.27
2012-11-18,27.41,10.55,46.38
2012-11-19,27.47,11.15,45.31
2012-11-20,27.7,10.48,41.92
2012-11-21,27.3,10.48,36.89
2012-11-22,27.23,9.72,35.28
2012-11-23,26.13,10.01,35.25
2012-11-24,26.41,11.22,32.69
2012-11-25,26.22,9.71,41.92
2012-11-26,25.36,9.29,40.79
2012-11-27,25.54,8.46,37.16
2012-11-28,25.67,8.05,37.1
2012-11-29,27.47,9.85,39.58
2012-11-30,24.98,9.82,50.58
2012-12-01,24.9,7.16,35.44
2012-12-02,24.62,6.8,36.98
2012-12-03,25.19,7.23,36.71
2012-12-04,26.15,7.47,32.65
2012-12-05,25.52,8.62,31.06
2012-12-06,26.5,8.11,28.93
2012-12-07,24.67,8.66,27.69
2012-12-08,27.15,7.83,32.71
2012-12-09,27.68,9.3,37.13
2012-12-10,26.09,9.91,38.94
2012-12-11,24.35,12.17,48.79
2012-12-12,24.26,9.33,49.13
2012-12-13,23.95,13.16,40.24
2012-12-14,22.1,11.49,63.61
2012-12-15,23.45,10.99,61.98
2012-12-16,24.22,10.94,58.36
2012-12-17,23.31,8.79,43.75
2012-12-18,25.28,8.99,43.19
2012-12-19,25.18,9.01,40.9
2012-12-20,24.12,6.94,34.32
2012-12-21,24.09,5.38,38.19
2012-12-22,23.13,5.28,40.61
2012-12-23,21.5,5.05,36.58
2012-12-24,20.77,6.88,35.43
2012-12-25,21.55,4.91,43.72
2012-12-26,22.45,5.03,38.81
2012-12-27,20.84,6.29,36.14
2012-12-28,21.43,4.15,40.06
2012-12-29,22.07,5.02,43.85
2012-12-30,19.96,5.7,53.16
2012-12-31,18.8,3.45,50.97
2013-01-01,18.7,3.46,50.32
2013-01-02,17.7,3.37,52.74
2013-01-03,19.17,2.13,41.1
2013-01-04,19.02,3.23,36.85
2013-01-05,18.21,1.23,38.21
2013-01-06,17.35,0.46,35.62
2013-01-07,17.5,-0.27,34.26
2013-01-08,19.42,0.99,32.18
2013-01-09,21.13,3.84,30.65
2013-01-10,21.92,6.02,43.61
2013-01-11,23.59,6.08,41.35
2013-01-12,24.9,7.53,41.55
2013-01-13,25.6,11.41,43.11
2013-01-14,23.54,6.66,34.83
2013-01-15,21.63,6.59,28.15
2013-01-16,22.47,8.25,45.24
2013-01-17,24.47,10.02,59.36
2013-01-18,15.82,7.43,86.35
2013-01-19,19.47,4.8,55.22
2013-01-20,19.32,2.38,46.11
2013-01-21,20.56,2.67,42.44
2013-01-22,20.37,2.23,40.31
2013-01-23,21.14,3.35,40.45
2013-01-24,20.88,3.54,40.74
2013-01-25,21.83,4.51,44.72
2013-01-26,22.94,4.42,43.8
2013-01-27,24.07,4.46,38.42
2013-01-28,22.38,7.27,38.7
2013-01-29,24.28,6.69,41.66
2013-01-30,23.58,5.76,37.64
2013-01-31,23.07,6.9,43.14
2013-02-01,25.08,6.76,43.91
2013-02-02,25.05,10.91,43.23
2013-02-03,23.18,8.96,48.05
2013-02-04,21.8,13.17,57.49
2013-02-05,16.23,11.43,91.24
2013-02-06,22.43,9.57,73.63
2013-02-07,21.61,5.56,57.74
2013-02-08,22.65,5.99,52.92
2013-02-09,23.07,5.08,47.22
2013-02-10,23.33,7.41,38.63
2013-02-11,23.66,6.42,40.13
2013-02-12,24.66,8.56,44.04
2013-02-13,25.68,8.71,43.87
2013-02-14,27.39,9.12,44.26
2013-02-15,19.05,10.95,67.2
2013-02-16,20.05,10.73,89.87
2013-02-17,19.31,10.87,78.55
2013-02-18,22.92,8.04,66.67
2013-02-19,23.15,10.56,55.01
2013-02-20,24.38,8.74,56.3
2013-02-21,24.58,9.78,56.42
2013-02-22,26.8,11.42,52.76
2013-02-23,23.91,14.32,66.17
2013-02-24,25.02,10.25,66.68
2013-02-25,25.43,9.54,52.42
2013-02-26,26.11,11.3,48.64
2013-02-27,28.37,10.96,49.74
2013-02-28,26.41,10.36,44.35
2013-03-01,26.7,9.03,42.93
2013-03-02,29.17,8.74,40.11
2013-03-03,29.46,9.91,44.37
2013-03-04,30.71,11.35,36.44
2013-03-05,30.75,12.94,32.02
2013-03-06,30.95,11.59,40.77
2013-03-07,31.02,11.49,40.87
2013-03-08,31.62,12.32,34.86
2013-03-09,33.7,14.84,29.47
2013-03-10,33.4,13.45,35.99
2013-03-11,32.81,15.99,36.01
2013-03-12,30.21,16.3,38.1
2013-03-13,32.71,13.22,36.56
2013-03-14,32.59,14.31,46.18
2013-03-15,30.0,13.08,50.95
2013-03-16,30.72,14.48,42.04
2013-03-17,31.1,14.81,38.21
2013-03-18,32.54,13.61,39.18
2013-03-19,33.97,15.74,40.37
2013-03-20,35.43,19.35,33.81
2013-03-21,34.1,16.49,38.9
2013-03-22,33.2,15.8,36.93
2013-03-23,35.37,19.74,31.29
2013-03-24,35.16,17.32,37.83
2013-03-25,31.33,16.89,40.1
2013-03-26,32.07,14.48,38.67
2013-03-27,32.2,15.84,34.8
2013-03-28,34.38,16.81,34.78
2013-03-29,29.27,19.11,49.93
2013-03-30,32.3,16.15,44.42
2013-03-31,33.67,17.01,37.57
2013-04-01,35.58,18.67,30.34
2013-04-02,37.38,23.15,23.96
2013-04-03,35.23,17.9,42.81
2013-04-04,34.3,18.21,32.01
2013-04-05,35.27,16.93,28.19
2013-04-06,37.04,16.54,25.29
2013-04-07,38.04,17.96,26.46
2013-04-08,39.08,19.06,28.96
2013-04-09,39.14,19.38,26.27
2013-04-10,38.45,21.67,28.82
2013-04-11,37.0,20.9,31.48
2013-04-12,37.08,20.75,32.13
2013-04-13,37.65,21.88,29.16
2013-04-14,37.87,22.73,31.52
2013-04-15,37.39,21.42,30.32
2013-04-16,41.3,24.73,21.44
2013-04-17,39.48,20.57,20.32
2013-04-18,39.46,21.74,16.67
2013-04-19,39.86,24.38,14.75
2013-04-20,40.09,24.91,16.88
2013-04-21,36.75,22.58,35.43
2013-04-22,34.49,21.48,38.24
2013-04-23,36.91,22.41,28.26
2013-04-24,39.02,24.73,24.34
2013-04-25,39.51,24.83,27.82
2013-04-26,39.38,28.33,28.25
2013-04-27,37.9,25.15,27.44
2013-04-28,38.75,24.74,24.79
2013-04-29,40.74,23.86,22.62
2013-04-30,41.86,26.67,22.17
2013-05-01,41.68,24.19,10.64
2013-05-02,38.81,22.06,10.53
2013-05-03,40.43,22.15,11.11
2013-05-04,43.51,23.16,9.5
2013-05-05,44.46,26.83,11.43
2013-05-06,43.21,27.49,13.77
2013-05-07,43.48,25.89,12.95
2013-05-08,43.79,25.93,12.94
2013-05-09,43.8,26.68,17.23
2013-05-10,44.13,27.58,16.73
2013-05-11,40.41,26.94,19.75
2013-05-12,39.52,27.66,27.82
2013-05-13,39.58,25.46,28.24
2013-05-14,41.69,26.38,21.84
2013-05-15,43.54,26.42,19.26
2013-05-16,44.0,27.45,16.73
2013-05-17,44.61,26.46,12.63
2013-05-18,45.42,26.79,10.32
2013-05-19,46.63,26.43,12.07
2013-05-20,45.57,29.64,11.84
2013-05-21,47.08,29.25,12.26
2013-05-22,46.23,28.86,11.9
2013-05-23,47.08,29.54,13.14
2013-05-24,48.06,29.82,14.31
2013-05-25,46.6,31.21,18.04
2013-05-26,45.07,31.07,18.21
2013-05-27,44.09,29.79,19.92
2013-05-28,44.25,28.87,14.21
2013-05-29,44.88,28.38,13.32
2013-05-30,43.75,27.77,12.04
2013-05-31,43.28,26.69,15.3
2013-06-01,40.79,27.15,25.44
2013-06-02,40.03,27.19,35.04
2013-06-03,42.81,29.34,31.15
2013-06-04,44.5,30.07,28.46
2013-06-05,46.15,31.5,20.35
2013-06-06,45.16,31.72,26.23
2013-06-07,42.45,30.13,35.91
2013-06-08,41.87,30.55,33.55
2013-06-09,43.19,29.81,32.84
2013-06-10,43.13,32.68,36.85
2013-06-11,41.27,31.15,46.98
2013-06-12,37.44,29.47,53.13
2013-06-13,40.1,29.69,48.34
2013-06-14,41.21,28.17,47.22
2013-06-15,37.33,28.99,57.31
2013-06-16,32.62,26.2,75.53
2013-06-17,34.79,25.78,74.54
2013-06-18,36.61,25.56,62.37
2013-06-19,36.49,24.64,50.39
2013-06-20,39.6,25.64,41.55
2013-06-21,41.59,27.28,41.15
2013-06-22,42.07,27.29,43.35
2013-06-23,41.94,28.47,43.43
2013-06-24,41.74,29.56,45.15
2013-06-25,35.67,27.58,72.09
2013-06-26,37.43,27.41,66.99
2013-06-27,37.89,28.35,58.29
2013-06-28,37.95,28.76,59.23
2013-06-29,38.73,28.82,56.28
2013-06-30,39.7,29.68,49.91
2013-07-01,40.52,28.96,45.69
2013-07-02,39.29,28.35,52.99
2013-07-03,36.87,28.11,59.91
2013-07-04,37.42,27.85,64.28
2013-07-05,37.83,27.86,61.32
2013-07-06,33.62,27.27,73.55
2013-07-07,32.45,27.16,81.13
2013-07-08,32.47,26.72,77.08
2013-07-09,34.25,27.01,75.3
2013-07-10,34.3,26.87,74.03
2013-07-11,35.53,26.2,68.69
2013-07-12,31.58,26.08,82.02
2013-07-13,34.58,26.39,76.37
2013-07-14,35.98,26.0,74.18
2013-07-15,34.87,26.89,72.28
2013-07-16,30.77,26.06,82.65
2013-07-17,32.18,25.3,81.57
2013-07-18,35.59,25.96,73.58
2013-07-19,35.51,26.47,76.86
2013-07-20,30.16,25.98,88.61
2013-07-21,32.02,25.54,81.56
2013-07-22,32.94,25.57,82.24
2013-07-23,32.02,25.69,84.21
2013-07-24,34.34,25.95,78.94
2013-07-25,33.92,26.52,80.31
2013-07-26,33.83,25.76,78.06
2013-07-27,31.76,25.33,82.5
2013-07-28,33.21,26.26,80.88
2013-07-29,33.26,25.75,81.69
2013-07-30,32.63,26.46,84.21
2013-07-31,31.74,26.37,85.14
2013-08-01,31.01,26.41,87.97
2013-08-02,31.62,25.52,84.22
2013-08-03,32.57,25.21,82.9
2013-08-04,32.41,25.24,81.38
2013-08-05,33.39,25.74,81.27
2013-08-06,30.99,26.13,84.48
2013-08-07,29.98,25.98,84.08
2013-08-08,29.84,25.31,88.35
2013-08-09,31.11,25.16,84.66
2013-08-10,31.59,25.41,85.82
2013-08-11,31.55,26.01,88.52
2013-08-12,32.1,25.8,87.16
2013-08-13,29.82,25.67,90.18
2013-08-14,31.07,25.42,87.36
2013-08-15,29.65,25.02,89.23
2013-08-16,30.57,24.53,88.37
2013-08-17,30.5,24.78,90.12
2013-08-18,30.75,24.85,84.42
2013-08-19,32.43,25.29,78.38
2013-08-20,32.05,25.49,81.06
2013-08-21,32.63,25.08,81.86
2013-08-22,32.34,24.2,80.7
2013-08-23,32.97,24.27,76.53
2013-08-24,32.88,25.81,78.27
2013-08-25,33.11,25.8,81.85
2013-08-26,33.44,24.97,81.24
2013-08-27,32.96,23.68,83.18
2013-08-28,31.67,23.55,82.25
2013-08-29,31.54,23.42,81.68
2013-08-30,31.37,24.1,84.89
2013-08-31,31.9,22.83,83.5
2013-09-01,32.03,23.08,83.06
2013-09-02,32.56,22.02,80.99
2013-09-03,32.06,22.4,81.59
2013-09-04,32.0,22.09,78.23
2013-09-05,31.93,21.49,74.97
2013-09-06,31.32,21.31,77.9
2013-09-07,32.27,20.11,74.46
2013-09-08,30.82,21.77,80.38
2013-09-09,31.05,22.16,80.05
2013-09-10,31.49,22.26,78.23
2013-09-11,32.48,21.94,76.67
2013-09-12,32.15,22.14,77.49
2013-09-13,32.56,22.72,75.27
2013-09-14,31.99,22.9,75.72
2013-09-15,32.88,21.77,72.72
2013-09-16,31.94,21.39,74.83
2013-09-17,32.01,19.97,70.44
2013-09-18,32.38,20.08,66.98
2013-09-19,32.16,19.86,68.05
2013-09-20,31.14,23.32,80.69
2013-09-21,30.04,23.59,87.95
2013-09-22,31.59,23.71,82.99
2013-09-23,32.06,24.26,80.36
2013-09-24,31.75,24.14,79.73
2013-09-25,30.61,25.01,81.94
2013-09-26,31.36,25.23,79.39
2013-09-27,31.05,23.56,81.81
2013-09-28,29.74,23.41,82.09
2013-09-29,31.15,23.03,77.38
2013-09-30,29.51,23.1,84.4
2013-10-01,30.07,22.55,85.09
2013-10-02,30.66,22.81,84.31
2013-10-03,29.35,22.86,87.05
2013-10-04,28.47,21.2,86.63
2013-10-05,30.59,21.65,81.61
2013-10-06,31.08,21.91,82.24
2013-10-07,30.58,21.94,82.87
2013-10-08,30.86,22.64,80.33
2013-10-09,30.27,22.75,81.53
2013-10-10,30.64,22.29,80.34
2013-10-11,27.77,21.97,86.29
2013-10-12,27.89,20.8,83.22
2013-10-13,29.2,20.61,80.0
2013-10-14,29.79,20.89,79.46
2013-10-15,29.72,19.31,73.15
2013-10-16,30.54,17.82,70.91
2013-10-17,30.53,18.35,72.3
2013-10-18,30.67,19.58,70.12
2013-10-19,30.87,18.01,60.62
2013-10-20,29.82,16.79,54.94
2013-10-21,29.9,16.19,54.4
2013-10-22,28.96,16.0,61.64
2013-10-23,26.97,15.91,64.24
2013-10-24,27.95,16.91,65.1
2013-10-25,27.95,16.75,65.87
2013-10-26,28.2,16.29,66.41
2013-10-27,27.31,15.76,64.8
2013-10-28,27.86,14.06,64.04
2013-10-29,29.25,12.63,52.6
2013-10-30,30.01,14.78,54.58
2013-10-31,28.67,15.58,64.48
2013-11-01,26.92,17.91,70.76
2013-11-02,27.2,15.4,64.1
2013-11-03,26.8,11.66,52.4
2013-11-04,25.48,11.26,50.17
2013-11-05,25.79,12.88,52.83
2013-11-06,25.65,12.62,62.36
2013-11-07,19.38,12.62,75.43
2013-11-08,23.49,12.5,79.77
2013-11-09,24.6,12.75,72.19
2013-11-10,24.61,11.31,68.1
2013-11-11,24.33,9.92,61.1
2013-11-12,24.32,9.17,54.37
2013-11-13,25.04,9.24,57.86
2013-11-14,24.1,7.76,53.34
2013-11-15,25.09,7.92,50.69
2013-11-16,25.17,10.64,47.72
2013-11-17,25.33,8.73,52.63
2013-11-18,25.85,8.0,53.88
2013-11-19,25.41,8.4,53.82
2013-11-20,26.39,9.41,49.48
2013-11-21,25.24,10.45,55.43
2013-11-22,25.01,12.46,49.19
2013-11-23,25.7,8.94,56.56
2013-11-24,25.27,10.08,55.52
2013-11-25,27.29,10.65,55.93
2013-11-26,27.63,11.76,55.49
2013-11-27,27.24,11.89,52.18
2013-11-28,27.22,12.5,46.13
2013-11-29,27.02,10.45,53.65
2013-11-30,26.98,9.62,51.66
2013-12-01,26.23,9.67,47.85
2013-12-02,26.24,9.7,51.01
2013-12-03,25.49,11.25,47.64
2013-12-04,25.05,9.62,51.77
2013-12-05,24.68,8.36,51.62
2013-12-06,24.41,7.6,45.01
2013-12-07,24.78,8.79,43.58
2013-12-08,24.08,10.45,44.22
2013-12-09,24.52,8.96,47.74
2013-12-10,24.34,8.54,49.02
2013-12-11,24.54,7.91,51.43
2013-12-12,24.97,11.33,50.51
2013-12-13,24.36,9.53,53.74
2013-12-14,23.37,7.09,57.77
2013-12-15,21.7,6.56,65.72
2013-12-16,22.53,8.49,59.31
2013-12-17,23.18,7.87,54.02
2013-12-18,23.14,8.84,50.94
2013-12-19,21.12,8.62,65.17
2013-12-20,20.96,9.84,53.62
2013-12-21,20.38,9.15,61.84
2013-12-22,21.49,8.76,75.46
2013-12-23,20.6,7.59,68.83
2013-12-24,20.25,5.47,45.53
2013-12-25,21.07,4.49,41.99
2013-12-26,21.66,3.98,37.54
2013-12-27,20.59,6.92,44.52
2013-12-28,20.28,4.41,44.1
2013-12-29,19.27,1.74,37.83
2013-12-30,19.67,5.04,44.56
2013-12-31,17.05,8.64,85.09
2014-01-01,19.12,5.93,71.83
2014-01-02,19.1,3.15,43.72
2014-01-03,20.2,2.09,35.83
2014-01-04,20.5,8.12,40.55
2014-01-05,22.04,7.0,64.56
2014-01-06,20.4,4.39,36.99
2014-01-07,20.4,3.91,34.58
2014-01-08,20.62,6.12,30.1
2014-01-09,20.32,9.26,35.72
2014-01-10,19.66,5.4,49.74
2014-01-11,19.86,4.27,55.1
2014-01-12,21.44,4.5,46.35
2014-01-13,22.12,5.62,39.74
2014-01-14,21.93,6.34,48.57
2014-01-15,20.63,8.12,48.07
2014-01-16,21.49,6.9,51.98
2014-01-17,18.82,7.9,64.0
2014-01-18,17.19,8.71,87.83
2014-01-19,21.43,6.94,74.71
2014-01-20,21.95,6.4,64.84
2014-01-21,17.94,10.61,76.81
2014-01-22,17.07,11.95,91.82
2014-01-23,21.18,11.03,80.06
2014-01-24,21.88,7.3,68.26
2014-01-25,21.52,6.2,61.06
2014-01-26,23.49,7.49,50.77
2014-01-27,24.12,6.53,51.22
2014-01-28,24.07,7.19,52.48
2014-01-29,23.88,11.11,48.25
2014-01-30,23.04,9.72,43.32
2014-01-31,23.39,8.57,45.94
2014-02-01,22.24,8.07,51.11
2014-02-02,23.5,7.57,42.27
2014-02-03,25.37,9.73,38.14
2014-02-04,26.07,10.38,48.56
2014-02-05,24.9,11.01,51.22
2014-02-06,25.53,9.93,55.97
2014-02-07,25.88,11.23,66.39
2014-02-08,23.13,9.25,52.27
2014-02-09,21.0,6.48,39.34
2014-02-10,19.64,3.15,37.21
2014-02-11,21.61,7.1,33.68
2014-02-12,21.76,3.64,38.05
2014-02-13,22.93,4.59,48.56
2014-02-14,17.0,10.22,90.65
2014-02-15,20.76,9.01,70.14
2014-02-16,21.33,6.09,55.95
2014-02-17,22.07,6.27,46.63
2014-02-18,23.2,5.1,39.63
2014-02-19,22.91,8.18,34.96
2014-02-20,24.57,8.87,33.78
2014-02-21,24.96,9.0,50.05
2014-02-22,23.15,9.41,70.47
2014-02-23,23.25,10.17,60.19
2014-02-24,24.22,7.43,41.65
2014-02-25,24.81,9.65,38.6
2014-02-26,22.17,11.2,59.91
2014-02-27,24.13,13.25,76.1
2014-02-28,22.54,12.55,81.9
2014-03-01,22.27,11.66,68.84
2014-03-02,22.39,8.88,51.1
2014-03-03,25.34,8.51,45.21
2014-03-04,25.44,10.65,43.24
2014-03-05,26.0,12.54,45.77
2014-03-06,26.03,12.71,49.56
2014-03-07,26.4,8.92,44.57
2014-03-08,27.54,9.93,47.56
2014-03-09,28.61,11.43,46.24
2014-03-10,27.44,14.16,51.7
2014-03-11,28.76,13.71,55.03
2014-03-12,27.01,15.01,65.12
2014-03-13,25.78,11.88,44.65
2014-03-14,28.4,9.24,37.37
2014-03-15,29.75,10.73,35.09
2014-03-16,32.67,13.22,39.05
2014-03-17,32.59,15.88,37.71
2014-03-18,29.05,15.84,47.78
2014-03-19,29.86,12.94,41.3
2014-03-20,30.06,11.45,31.97
2014-03-21,32.84,15.29,29.92
2014-03-22,33.05,16.95,30.55
2014-03-23,32.23,17.52,38.67
2014-03-24,30.11,16.76,48.3
2014-03-25,33.29,16.85,43.88
2014-03-26,31.96,19.43,42.73
2014-03-27,32.09,18.79,44.5
2014-03-28,33.18,18.47,41.86
2014-03-29,33.56,17.97,42.75
2014-03-30,32.68,16.66,34.12
2014-03-31,34.18,15.12,29.72
2014-04-01,34.48,14.48,29.55
2014-04-02,36.05,18.81,32.23
2014-04-03,33.49,16.44,42.1
2014-04-04,35.01,15.96,35.77
2014-04-05,36.95,18.2,37.42
2014-04-06,38.56,20.05,34.5
2014-04-07,37.29,21.93,35.83
2014-04-08,33.76,18.24,35.04
2014-04-09,34.51,15.97,29.65
2014-04-10,35.14,15.53,26.64
2014-04-11,36.83,15.58,24.92
2014-04-12,35.29,18.08,25.63
2014-04-13,36.03,18.7,28.35
2014-04-14,35.75,18.27,35.51
2014-04-15,37.15,21.99,32.1
2014-04-16,36.22,20.74,30.52
2014-04-17,36.25,23.09,30.93
2014-04-18,28.61,21.35,49.39
2014-04-19,33.37,20.87,43.81
2014-04-20,34.87,19.2,37.04
2014-04-21,36.65,18.05,28.64
2014-04-22,37.82,20.78,30.51
2014-04-23,37.03,20.85,33.89
2014-04-24,38.89,21.76,29.76
2014-04-25,40.42,22.61,27.47
2014-04-26,40.37,23.43,27.4
2014-04-27,39.75,22.62,21.76
2014-04-28,41.38,21.98,17.76
2014-04-29,43.25,24.32,16.51
2014-04-30,44.36,24.67,13.78
2014-05-01,44.8,24.95,14.2
2014-05-02,44.4,26.47,16.04
2014-05-03,42.28,29.4,19.27
2014-05-04,42.06,26.68,19.93
2014-05-05,41.01,27.84,29.92
2014-05-06,38.13,25.49,36.47
2014-05-07,39.48,27.75,32.23
2014-05-08,42.22,27.27,24.96
2014-05-09,40.7,23.75,26.03
2014-05-10,42.08,24.04,23.38
2014-05-11,39.47,26.68,26.21
2014-05-12,37.27,25.79,34.54
2014-05-13,33.52,24.34,45.21
2014-05-14,35.95,22.25,44.94
2014-05-15,37.35,23.18,36.6
2014-05-16,38.66,24.75,37.2
2014-05-17,38.23,25.7,35.3
2014-05-18,40.09,23.86,31.02
2014-05-19,40.25,25.08,25.9
2014-05-20,40.62,24.6,26.67
2014-05-21,40.83,25.97,23.96
2014-05-22,42.84,25.8,19.78
2014-05-23,45.58,26.92,18.85
2014-05-24,43.6,30.81,19.23
2014-05-25,40.74,27.25,30.22
2014-05-26,39.24,26.23,36.85
2014-05-27,39.77,26.89,28.4
2014-05-28,42.29,26.33,26.29
2014-05-29,45.16,28.83,20.08
2014-05-30,45.64,28.45,20.62
2014-05-31,44.66,28.82,20.52
2014-06-01,43.07,28.91,26.2
2014-06-02,42.42,30.34,24.3
2014-06-03,44.34,27.62,18.28
2014-06-04,45.58,28.51,18.44
2014-06-05,46.92,29.88,16.67
2014-06-06,48.14,31.81,14.7
2014-06-07,48.04,32.19,14.39
2014-06-08,48.0,31.5,15.02
2014-06-09,48.22,31.68,11.5
2014-06-10,47.36,29.68,11.84
2014-06-11,47.04,31.19,13.93
2014-06-12,45.17,30.39,23.54
2014-06-13,40.62,30.99,31.37
2014-06-14,42.24,30.25,32.44
2014-06-15,43.32,30.5,32.99
2014-06-16,44.72,32.28,29.11
2014-06-17,45.42,32.96,27.45
2014-06-18,44.25,33.46,30.72
2014-06-19,44.14,32.98,30.12
2014-06-20,45.59,32.18,26.94
2014-06-21,45.81,33.99,25.29
2014-06-22,43.8,32.79,27.6
2014-06-23,41.13,31.31,35.29
2014-06-24,41.74,29.47,38.98
2014-06-25,39.77,29.48,44.43
2014-06-26,39.96,29.03,47.64
2014-06-27,42.14,29.48,39.24
2014-06-28,42.03,30.32,37.88
2014-06-29,42.13,30.76,41.55
2014-06-30,41.24,29.74,44.39
2014-07-01,41.16,28.91,41.13
2014-07-02,40.96,30.12,43.16
2014-07-03,37.91,28.26,53.4
2014-07-04,40.25,28.47,46.81
2014-07-05,41.07,29.09,41.27
2014-07-06,41.67,29.63,37.65
2014-07-07,41.77,30.23,36.19
2014-07-08,42.52,29.24,33.67
2014-07-09,43.18,28.61,31.0
2014-07-10,44.1,29.83,27.08
2014-07-11,44.85,30.91,24.72
2014-07-12,44.34,30.85,26.75
2014-07-13,43.18,31.13,39.32
2014-07-14,38.15,29.55,55.38
2014-07-15,41.66,29.45,44.31
2014-07-16,35.44,30.52,58.79
2014-07-17,36.07,28.85,64.8
2014-07-18,33.29,27.28,75.25
2014-07-19,36.09,26.95,65.88
2014-07-20,35.27,26.54,64.99
2014-07-21,37.99,26.42,53.89
2014-07-22,38.68,28.67,52.2
2014-07-23,36.65,28.06,61.65
2014-07-24,34.23,27.59,65.97
2014-07-25,37.04,26.79,60.05
2014-07-26,37.29,27.48,58.58
2014-07-27,35.41,28.47,63.48
2014-07-28,36.47,28.24,61.16
2014-07-29,37.99,28.1,56.44
2014-07-30,38.35,28.97,51.51
2014-07-31,37.88,28.83,54.84
2014-08-01,38.15,29.03,56.63
2014-08-02,36.8,29.33,63.18
2014-08-03,36.33,28.66,65.56
2014-08-04,34.85,27.6,69.0
2014-08-05,35.01,27.29,67.58
2014-08-06,35.42,27.74,68.71
2014-08-07,36.4,27.51,70.53
2014-08-08,36.28,27.09,66.45
2014-08-09,36.46,26.29,63.91
2014-08-10,33.69,27.96,71.61
2014-08-11,34.52,26.46,73.66
2014-08-12,36.18,26.42,70.45
2014-08-13,36.63,26.52,66.74
2014-08-14,36.14,26.24,68.83
2014-08-15,35.13,25.82,72.85
2014-08-16,34.38,24.83,71.77
2014-08-17,35.05,24.4,64.65
2014-08-18,36.68,24.52,55.67
2014-08-19,37.35,24.04,51.83
2014-08-20,39.25,24.95,49.81
2014-08-21,38.86,23.91,49.25
2014-08-22,39.23,23.37,50.32
2014-08-23,39.03,24.66,47.0
2014-08-24,39.44,24.99,43.74
2014-08-25,39.41,24.62,45.19
2014-08-26,39.74,26.45,45.88
2014-08-27,40.1,27.16,42.74
2014-08-28,38.1,27.02,47.55
2014-08-29,35.99,27.02,55.08
2014-08-30,35.74,26.97,60.65
2014-08-31,34.12,27.57,66.03
2014-09-01,34.49,26.01,67.7
2014-09-02,33.25,24.93,69.0
2014-09-03,34.76,25.51,70.03
2014-09-04,33.31,25.41,73.91
2014-09-05,32.37,24.52,79.06
2014-09-06,33.9,25.03,65.93
2014-09-07,33.07,25.18,66.71
2014-09-08,34.17,25.84,68.11
2014-09-09,35.54,25.25,64.93
2014-09-10,35.42,26.42,62.47
2014-09-11,33.51,25.75,66.86
2014-09-12,33.89,23.38,63.71
2014-09-13,34.69,23.92,64.0
2014-09-14,35.3,24.35,63.3
2014-09-15,35.66,23.22,64.0
2014-09-16,35.71,23.51,59.58
2014-09-17,36.25,22.63,57.5
2014-09-18,36.66,23.07,51.44
2014-09-19,37.28,21.98,49.97
2014-09-20,38.11,22.41,47.29
2014-09-21,37.44,21.19,47.72
2014-09-22,37.22,21.32,48.03
2014-09-23,36.78,21.7,47.31
2014-09-24,36.61,21.37,47.79
2014-09-25,36.42,21.02,48.38
2014-09-26,36.19,21.74,51.11
2014-09-27,36.55,22.15,48.85
2014-09-28,36.62,22.09,48.78
2014-09-29,36.81,21.7,47.3
2014-09-30,37.1,21.39,46.87
2014-10-01,36.31,21.92,48.95
2014-10-02,36.71,23.7,45.08
2014-10-03,37.1,23.25,39.1
2014-10-04,36.46,23.49,36.79
2014-10-05,37.35,24.23,35.41
2014-10-06,37.0,23.88,33.21
2014-10-07,36.1,24.68,37.5
2014-10-08,35.22,22.97,46.7
2014-10-09,35.74,21.33,45.88
2014-10-10,35.96,20.06,43.49
2014-10-11,35.04,19.13,43.64
2014-10-12,35.1,19.3,37.39
2014-10-13,35.35,20.98,38.69
2014-10-14,27.17,19.71,72.13
2014-10-15,31.02,17.09,51.95
2014-10-16,31.44,16.48,46.48
2014-10-17,32.24,16.46,39.85
2014-10-18,32.07,15.76,41.91
2014-10-19,31.69,15.92,41.51
2014-10-20,33.04,15.82,39.57
2014-10-21,33.5,17.86,35.97
2014-10-22,34.13,19.08,34.0
2014-10-23,33.01,20.05,35.68
2014-10-24,33.33,20.73,34.66
2014-10-25,32.01,20.47,38.16
2014-10-26,31.36,19.09,42.04
2014-10-27,31.13,18.93,39.82
2014-10-28,32.11,19.59,37.63
2014-10-29,32.71,19.27,37.6
2014-10-30,32.44,18.38,40.0
2014-10-31,31.41,17.02,38.13
2014-11-01,32.28,18.47,32.04
2014-11-02,32.41,15.34,33.76
2014-11-03,31.49,16.0,38.28
2014-11-04,30.77,16.27,42.21
2014-11-05,30.48,16.82,44.02
2014-11-06,31.56,15.32,38.75
2014-11-07,32.64,16.87,34.99
2014-11-08,32.68,18.8,38.67
2014-11-09,31.51,17.08,43.39
2014-11-10,31.01,15.87,26.75
2014-11-11,30.32,14.22,22.76
2014-11-12,29.15,11.26,23.4
2014-11-13,28.93,10.73,24.62
2014-11-14,28.9,10.88,21.76
2014-11-15,29.38,10.75,19.69
2014-11-16,29.41,10.86,22.62
2014-11-17,29.79,10.74,21.17
2014-11-18,28.44,10.3,19.76
2014-11-19,28.48,11.26,19.67
2014-11-20,28.33,10.56,25.77
2014-11-21,28.96,11.45,25.14
2014-11-22,28.58,11.58,24.43
2014-11-23,28.31,12.53,23.93
2014-11-24,27.01,9.08,25.63
2014-11-25,27.92,9.56,22.03
2014-11-26,28.03,10.75,22.06
2014-11-27,28.46,11.73,20.75
2014-11-28,30.63,12.5,23.41
2014-11-29,30.49,17.1,30.45
2014-11-30,30.1,13.11,33.59
2014-12-01,29.68,11.76,27.32
2014-12-02,29.49,11.76,31.0
2014-12-03,29.04,11.93,33.0
2014-12-04,28.69,11.6,32.12
2014-12-05,27.96,11.09,29.73
2014-12-06,28.2,10.58,30.92
2014-12-07,28.27,12.73,24.53
2014-12-08,27.51,10.01,23.19
2014-12-09,27.18,12.04,21.64
2014-12-10,25.89,7.93,17.04
2014-12-11,25.43,6.13,17.49
2014-12-12,23.54,9.74,32.61
2014-12-13,19.29,11.04,60.65
2014-12-14,18.36,10.34,83.61
2014-12-15,19.91,9.99,74.0
2014-12-16,20.68,7.22,55.6
2014-12-17,20.82,4.95,42.62
2014-12-18,20.02,3.8,41.53
2014-12-19,17.68,6.22,41.85
2014-12-20,21.43,4.78,40.49
2014-12-21,21.25,3.3,34.28
2014-12-22,20.52,6.81,29.75
2014-12-23,20.05,5.65,33.74
2014-12-24,20.54,5.46,42.97
2014-12-25,20.2,4.95,45.88
2014-12-26,21.21,4.62,40.63
2014-12-27,21.62,4.78,36.83
2014-12-28,20.67,3.64,32.65
2014-12-29,20.24,3.59,28.82
2014-12-30,20.28,3.95,30.32
2014-12-31,19.36,6.5,34.86
2015-01-01,23.9,8.07,44.51
2015-01-02,21.34,11.84,59.67
2015-01-03,20.72,8.65,76.62
2015-01-04,21.5,8.12,62.98
2015-01-05,22.76,6.59,44.1
2015-01-06,22.39,6.79,53.13
2015-01-07,21.21,6.26,55.87
2015-01-08,21.56,5.4,46.51
2015-01-09,21.14,4.16,39.9
2015-01-10,21.41,3.7,39.1
2015-01-11,23.24,4.05,36.93
2015-01-12,23.75,4.22,36.56
2015-01-13,21.66,5.77,39.03
2015-01-14,18.59,6.95,54.93
2015-01-15,19.55,4.48,67.56
2015-01-16,21.28,5.15,63.7
2015-01-17,23.07,6.67,55.9
2015-01-18,22.65,5.81,49.93
2015-01-19,22.19,5.4,43.43
2015-01-20,20.73,6.31,41.27
2015-01-21,20.75,6.57,42.38
2015-01-22,17.75,8.77,77.98
2015-01-23,21.22,8.02,76.24
2015-01-24,21.91,7.21,65.8
2015-01-25,21.4,5.71,45.88
2015-01-26,18.94,8.32,62.71
2015-01-27,20.24,6.68,61.75
2015-01-28,19.39,3.91,49.46
2015-01-29,19.48,3.25,42.55
2015-01-30,20.93,3.67,39.83
2015-01-31,23.44,4.93,36.8
2015-02-01,22.99,8.46,36.56
2015-02-02,24.64,8.41,42.78
2015-02-03,24.27,10.38,54.67
2015-02-04,23.5,7.65,62.64
2015-02-05,23.98,5.91,48.36
2015-02-06,24.44,6.95,39.5
2015-02-07,25.35,9.1,41.55
2015-02-08,25.63,12.02,44.16
2015-02-09,25.79,8.59,48.01
2015-02-10,25.09,7.93,41.84
2015-02-11,24.56,8.34,39.12
2015-02-12,25.11,7.0,38.18
2015-02-13,26.8,7.21,31.5
2015-02-14,30.06,11.01,36.06
2015-02-15,28.85,12.35,36.57
2015-02-16,27.8,13.21,38.14
2015-02-17,28.07,11.5,44.14
2015-02-18,28.6,13.3,40.01
2015-02-19,29.97,14.03,38.16
2015-02-20,30.86,14.05,41.7
2015-02-21,30.78,14.16,38.26
2015-02-22,31.7,14.33,43.13
2015-02-23,27.64,14.98,41.13
2015-02-24,28.3,16.64,37.87
2015-02-25,30.09,14.51,36.4
2015-02-26,25.86,8.98,28.45
2015-02-27,27.23,7.74,26.4
2015-02-28,27.38,8.95,31.21
2015-03-01,19.81,13.44,83.57
2015-03-02,21.18,12.51,83.9
2015-03-03,23.5,10.93,64.28
2015-03-04,24.18,8.66,48.97
2015-03-05,26.78,10.2,40.01
2015-03-06,27.67,10.7,48.8
2015-03-07,28.18,12.13,49.87
2015-03-08,26.73,14.17,54.08
2015-03-09,25.17,9.29,47.22
2015-03-10,26.43,8.3,47.63
2015-03-11,28.65,9.57,36.23
2015-03-12,30.79,12.83,38.12
2015-03-13,28.81,15.22,49.15
2015-03-14,29.03,16.75,54.78
2015-03-15,24.5,15.03,72.64
2015-03-16,25.17,14.33,72.76
2015-03-17,27.8,12.82,58.38
2015-03-18,28.07,12.24,53.11
2015-03-19,29.55,11.32,43.09
2015-03-20,31.7,14.21,36.16
2015-03-21,32.78,15.89,38.75
2015-03-22,33.92,16.08,44.46
2015-03-23,34.34,17.84,42.03
2015-03-24,36.03,16.88,29.79
2015-03-25,36.34,21.63,30.21
2015-03-26,36.73,19.31,36.78
2015-03-27,36.88,20.55,35.96
2015-03-28,36.88,18.45,29.79
2015-03-29,30.64,18.32,40.5
2015-03-30,28.32,17.67,68.02
2015-03-31,31.89,16.72,57.66
2015-04-01,33.86,19.31,44.99
2015-04-02,35.98,20.84,40.13
2015-04-03,30.63,20.78,52.74
2015-04-04,25.46,17.35,72.93
2015-04-05,31.21,15.56,57.56
2015-04-06,32.35,16.36,41.36
2015-04-07,32.2,18.4,38.53
2015-04-08,32.78,19.15,42.84
2015-04-09,33.96,16.35,41.71
2015-04-10,35.48,16.67,39.39
2015-04-11,37.14,20.11,31.36
2015-04-12,33.75,19.78,44.0
2015-04-13,29.8,20.76,60.72
2015-04-14,31.78,18.86,54.6
2015-04-15,32.91,20.88,51.17
2015-04-16,34.74,21.06,48.23
2015-04-17,35.89,19.85,43.56
2015-04-18,39.47,20.91,37.8
2015-04-19,40.86,22.68,33.5
2015-04-20,39.54,23.56,32.27
2015-04-21,39.23,21.36,31.3
2015-04-22,39.65,20.05,27.18
2015-04-23,39.96,21.61,24.31
2015-04-24,40.47,27.26,17.76
2015-04-25,40.43,25.18,20.61
2015-04-26,36.31,21.6,43.9
2015-04-27,38.33,22.16,40.22
2015-04-28,38.9,23.38,41.71
2015-04-29,38.68,25.95,31.01
2015-04-30,40.36,23.92,30.15
2015-05-01,37.96,24.94,32.86
2015-05-02,38.43,25.02,30.17
2015-05-03,39.89,23.67,21.83
2015-05-04,40.75,25.21,18.21
2015-05-05,41.96,22.83,20.49
2015-05-06,43.54,22.55,15.9
2015-05-07,44.07,24.73,15.73
2015-05-08,43.2,26.72,15.84
2015-05-09,42.87,26.35,22.1
2015-05-10,43.43,26.91,22.23
2015-05-11,43.36,28.06,21.17
2015-05-12,41.05,29.91,24.32
2015-05-13,40.77,26.96,26.89
2015-05-14,39.37,26.3,27.4
2015-05-15,40.34,26.23,28.52
2015-05-16,40.08,28.62,26.33
2015-05-17,41.48,26.35,23.54
2015-05-18,43.84,27.88,20.02
2015-05-19,45.73,30.85,16.92
2015-05-20,43.55,28.62,17.14
2015-05-21,44.82,27.82,15.53
2015-05-22,45.41,28.68,15.6
2015-05-23,45.93,27.18,13.32
2015-05-24,46.44,27.0,12.83
2015-05-25,46.51,27.36,11.1
2015-05-26,46.34,27.23,10.41
2015-05-27,44.58,24.59,5.91
2015-05-28,43.77,25.5,9.12
2015-05-29,45.2,27.07,19.41
2015-05-30,44.1,28.7,19.94
2015-05-31,44.21,29.42,19.46
2015-06-01,42.92,29.9,17.44
2015-06-02,41.92,27.17,25.75
2015-06-03,41.81,27.57,22.55
2015-06-04,41.57,29.5,22.1
2015-06-05,42.29,26.78,23.04
2015-06-06,41.7,28.45,22.92
2015-06-07,43.9,27.94,20.99
2015-06-08,45.9,29.52,15.93
2015-06-09,46.13,31.6,17.4
2015-06-10,41.78,32.15,28.88
2015-06-11,43.82,31.31,26.36
2015-06-12,43.79,31.04,30.43
2015-06-13,39.07,29.87,38.4
2015-06-14,38.93,27.75,41.4
2015-06-15,40.24,27.77,41.44
2015-06-16,40.17,28.13,39.89
2015-06-17,41.86,28.92,34.04
2015-06-18,42.51,30.18,27.94
2015-06-19,43.84,30.48,24.54
2015-06-20,42.4,31.21,33.33
2015-06-21,40.14,31.22,39.34
2015-06-22,39.96,30.16,41.82
2015-06-23,42.37,31.58,36.13
2015-06-24,40.07,29.16,35.92
2015-06-25,30.14,25.5,70.72
2015-06-26,39.3,24.52,45.71
2015-06-27,39.86,26.65,50.18
2015-06-28,41.69,27.14,42.43
2015-06-29,39.55,27.88,44.21
2015-06-30,37.52,26.49,56.14
2015-07-01,38.36,26.8,53.1
2015-07-02,38.65,27.74,47.9
2015-07-03,40.92,28.25,45.94
2015-07-04,40.67,30.01,44.58
2015-07-05,41.18,29.15,52.07
2015-07-06,36.64,28.15,59.65
2015-07-07,34.76,29.15,59.36
2015-07-08,35.65,28.91,57.21
2015-07-09,36.08,29.15,57.66
2015-07-10,32.39,27.07,72.84
2015-07-11,31.08,25.52,83.68
2015-07-12,30.69,25.63,84.73
2015-07-13,32.62,25.7,81.41
2015-07-14,34.04,25.26,75.47
2015-07-15,35.42,26.3,71.28
2015-07-16,36.16,25.54,68.61
2015-07-17,34.34,26.0,73.01
2015-07-18,34.6,26.29,71.25
2015-07-19,32.87,26.11,73.89
2015-07-20,32.67,26.71,74.55
2015-07-21,34.4,26.52,74.48
2015-07-22,33.79,26.3,77.49
2015-07-23,34.13,26.61,77.08
2015-07-24,34.62,26.33,73.64
2015-07-25,34.42,26.02,72.54
2015-07-26,34.05,26.22,76.13
2015-07-27,34.1,25.1,75.26
2015-07-28,34.75,24.79,68.73
2015-07-29,34.49,23.76,71.34
2015-07-30,35.38,25.67,68.04
2015-07-31,33.84,25.55,70.69
2015-08-01,33.91,25.57,71.7
2015-08-02,33.8,25.25,70.87
2015-08-03,32.23,24.87,73.28
2015-08-04,36.38,25.67,59.94
2015-08-05,36.57,27.65,60.28
2015-08-06,36.18,27.89,64.01
2015-08-07,35.34,26.59,71.19
2015-08-08,33.64,26.35,76.37
2015-08-09,31.27,25.61,82.51
2015-08-10,34.63,25.38,69.25
2015-08-11,34.18,26.79,75.39
2015-08-12,33.3,25.59,76.23
2015-08-13,34.27,26.53,70.9
2015-08-14,34.18,27.26,73.42
2015-08-15,33.0,27.37,77.49
2015-08-16,32.64,26.02,81.09
2015-08-17,33.8,25.5,75.36
2015-08-18,34.64,26.0,74.1
2015-08-19,33.54,25.65,75.38
2015-08-20,33.4,25.33,74.58
2015-08-21,32.8,24.19,75.86
2015-08-22,32.42,23.62,73.38
2015-08-23,31.69,23.99,80.34
2015-08-24,32.52,24.13,78.91
2015-08-25,33.6,23.9,73.54
2015-08-26,34.03,23.25,71.78
2015-08-27,33.66,23.58,69.88
2015-08-28,34.89,24.07,68.29
2015-08-29,34.98,24.49,70.99
2015-08-30,34.93,24.83,68.83
2015-08-31,35.1,23.14,66.0
2015-09-01,34.94,23.14,60.38
2015-09-02,35.11,22.37,58.17
2015-09-03,35.1,21.27,58.59
2015-09-04,35.93,21.34,53.54
2015-09-05,36.0,21.18,51.1
2015-09-06,36.29,21.55,50.86
2015-09-07,36.45,22.0,52.16
2015-09-08,36.93,22.27,51.16
2015-09-09,37.86,21.73,48.71
2015-09-10,37.39,21.84,46.31
2015-09-11,37.46,20.89,46.92
2015-09-12,37.91,23.43,43.63
2015-09-13,36.65,25.79,43.47
2015-09-14,38.55,25.12,38.72
2015-09-15,38.98,25.21,37.36
2015-09-16,37.74,24.08,42.25
2015-09-17,37.9,26.21,43.6
2015-09-18,34.06,25.12,58.25
2015-09-19,35.96,23.56,65.12
2015-09-20,34.84,26.77,63.97
2015-09-21,34.91,26.63,62.78
2015-09-22,35.17,25.81,64.65
2015-09-23,33.63,23.56,65.38
2015-09-24,34.22,21.26,49.99
2015-09-25,34.51,19.12,44.84
2015-09-26,35.18,20.27,46.05
2015-09-27,35.45,22.57,48.3
2015-09-28,35.62,21.54,47.6
2015-09-29,35.82,19.46,44.3
2015-09-30,36.01,19.16,44.65
2015-10-01,36.02,18.74,40.67
2015-10-02,36.3,18.65,38.82
2015-10-03,36.07,19.45,35.79
2015-10-04,37.28,19.93,35.75
2015-10-05,37.94,23.0,35.18
2015-10-06,36.12,21.88,40.94
2015-10-07,36.47,20.05,45.07
2015-10-08,36.28,20.5,43.8
2015-10-09,37.5,20.59,38.83
2015-10-10,37.41,19.81,35.41
2015-10-11,37.36,20.5,38.05
2015-10-12,35.86,20.93,39.86
2015-10-13,34.62,22.49,46.2
2015-10-14,34.34,21.13,48.75
2015-10-15,34.07,21.96,47.99
2015-10-16,35.24,20.84,40.1
2015-10-17,34.55,20.78,41.38
2015-10-18,35.17,21.84,39.24
2015-10-19,36.06,22.24,35.46
2015-10-20,35.71,23.19,38.01
2015-10-21,33.61,19.32,43.82
2015-10-22,33.31,16.06,35.83
2015-10-23,33.29,14.91,31.16
2015-10-24,33.41,16.83,30.78
2015-10-25,34.2,17.34,32.81
2015-10-26,32.41,18.04,36.48
2015-10-27,31.52,16.75,42.53
2015-10-28,21.97,15.49,64.59
2015-10-29,28.49,14.38,57.25
2015-10-30,29.51,16.15,47.99
2015-10-31,30.9,15.61,40.64
2015-11-01,30.32,17.01,41.23
2015-11-02,30.76,16.32,43.18
2015-11-03,30.6,18.12,44.47
2015-11-04,30.77,19.54,41.71
2015-11-05,30.9,18.02,41.5
2015-11-06,30.7,19.33,41.03
2015-11-07,29.91,15.98,41.75
2015-11-08,28.6,17.62,44.41
2015-11-09,31.28,16.88,44.2
2015-11-10,30.57,18.77,46.27
2015-11-11,30.96,16.3,39.76
2015-11-12,30.91,14.73,42.43
2015-11-13,30.95,15.49,42.78
2015-11-14,30.45,16.97,50.59
2015-11-15,31.16,17.19,40.31
2015-11-16,29.64,16.04,41.01
2015-11-17,29.02,12.27,27.78
2015-11-18,28.98,10.45,29.84
2015-11-19,28.53,11.44,29.49
2015-11-20,28.84,12.64,29.45
2015-11-21,28.97,12.41,34.37
2015-11-22,29.11,12.5,31.29
2015-11-23,28.58,12.52,27.84
2015-11-24,28.73,12.29,32.04
2015-11-25,30.42,12.87,29.82
2015-11-26,27.18,15.32,33.03
2015-11-27,27.75,15.13,47.67
2015-11-28,27.22,15.9,52.14
2015-11-29,28.14,12.52,37.87
2015-11-30,29.64,13.61,38.77
2015-12-01,29.18,13.24,39.84
2015-12-02,25.56,12.84,43.29
2015-12-03,27.19,11.73,41.63
2015-12-04,27.29,10.6,35.83
2015-12-05,27.86,12.52,28.37
2015-12-06,26.97,12.09,24.43
2015-12-07,27.24,12.47,27.09
2015-12-08,28.64,13.68,28.01
2015-12-09,26.65,11.13,31.57
2015-12-10,28.37,11.55,32.99
2015-12-11,25.38,12.91,36.71
2015-12-12,22.9,8.72,31.61
2015-12-13,22.08,7.31,28.44
2015-12-14,22.3,7.01,26.99
2015-12-15,23.77,5.3,21.62
2015-12-16,24.45,6.49,18.58
2015-12-17,22.84,9.04,18.46
2015-12-18,22.46,5.75,22.98
2015-12-19,23.12,5.11,20.93
2015-12-20,22.19,7.77,20.22
2015-12-21,21.66,4.72,26.35
2015-12-22,20.81,7.48,30.39
2015-12-23,20.3,5.26,29.34
2015-12-24,20.46,6.88,28.11
2015-12-25,21.24,3.26,22.33
2015-12-26,25.11,5.95,16.66
2015-12-27,25.58,9.66,18.21
2015-12-28,26.72,11.03,30.0
2015-12-29,27.01,11.61,30.47
2015-12-30,25.98,9.3,24.76
2015-12-31,25.67,7.99,28.02
2016-01-01,25.45,8.53,22.58
2016-01-02,24.25,10.16,21.66
2016-01-03,25.5,7.81,19.74
2016-01-04,24.77,10.13,26.75
2016-01-05,27.65,13.68,26.43
2016-01-06,26.35,11.52,34.4
2016-01-07,26.6,13.22,35.54
2016-01-08,25.88,13.42,37.95
2016-01-09,23.82,8.44,36.47
2016-01-10,24.72,7.89,35.81
2016-01-11,25.09,11.17,31.98
2016-01-12,25.81,10.71,31.22
2016-01-13,25.24,10.61,35.43
2016-01-14,21.76,8.25,36.5
2016-01-15,22.14,6.43,42.49
2016-01-16,22.53,5.93,42.56
2016-01-17,21.74,6.76,33.41
2016-01-18,22.6,6.57,29.39
2016-01-19,20.71,7.42,29.92
2016-01-20,20.38,4.57,36.96
2016-01-21,21.75,3.87,28.96
2016-01-22,22.33,4.39,21.73
2016-01-23,23.52,8.23,19.54
2016-01-24,22.78,6.21,22.03
2016-01-25,21.75,4.28,19.86
2016-01-26,25.55,7.53,14.78
2016-01-27,24.81,9.96,18.43
2016-01-28,26.63,8.17,25.99
2016-01-29,27.13,12.92,27.76
2016-01-30,28.3,12.94,38.4
2016-01-31,26.7,12.5,37.16
2016-02-01,25.72,7.79,22.63
2016-02-02,23.06,6.43,22.38
2016-02-03,24.4,6.09,26.41
2016-02-04,25.69,6.21,23.3
2016-02-05,26.28,6.15,20.65
2016-02-06,27.45,8.46,19.19
2016-02-07,25.15,9.23,31.47
2016-02-08,24.87,8.74,55.07
2016-02-09,26.18,8.53,44.03
2016-02-10,26.68,8.67,32.78
2016-02-11,26.94,9.37,24.23
2016-02-12,27.03,7.21,13.03
2016-02-13,27.03,9.29,20.17
2016-02-14,26.17,9.0,26.2
2016-02-15,24.78,6.84,24.68
2016-02-16,26.71,8.23,21.17
2016-02-17,27.89,11.41,22.78
2016-02-18,29.97,17.1,28.64
2016-02-19,30.44,17.52,33.07
2016-02-20,29.02,17.62,42.52
2016-02-21,29.83,13.73,39.46
2016-02-22,31.38,10.87,21.39
2016-02-23,31.42,10.4,16.73
2016-02-24,32.5,12.72,14.54
2016-02-25,30.9,12.94,15.57
2016-02-26,31.19,13.14,15.95
2016-02-27,31.11,15.35,15.37
2016-02-28,30.72,16.52,15.59
2016-02-29,31.78,15.56,15.73
2016-03-01,33.16,16.96,15.54
2016-03-02,34.63,18.91,17.31
2016-03-03,35.54,16.3,21.12
2016-03-04,35.84,17.28,23.27
2016-03-05,34.1,17.42,27.8
2016-03-06,32.87,17.28,35.03
2016-03-07,31.77,15.31,39.69
2016-03-08,31.86,15.72,34.88
2016-03-09,31.62,14.89,33.22
2016-03-10,34.27,15.51,34.58
2016-03-11,35.03,20.67,37.75
2016-03-12,33.91,19.76,50.16
2016-03-13,30.1,16.08,51.42
2016-03-14,29.63,17.48,41.35
2016-03-15,28.95,13.93,37.93
2016-03-16,31.19,12.35,35.4
2016-03-17,32.64,15.26,37.12
2016-03-18,34.15,17.51,36.11
2016-03-19,35.25,19.63,33.7
2016-03-20,34.62,20.52,35.6
2016-03-21,32.87,16.73,28.03
2016-03-22,33.57,13.71,21.89
2016-03-23,36.59,12.92,21.64
2016-03-24,36.61,16.37,20.58
2016-03-25,36.59,19.97,21.49
2016-03-26,32.32,18.15,35.94
2016-03-27,34.22,19.05,26.29
2016-03-28,35.43,15.01,22.37
2016-03-29,35.59,17.81,21.09
2016-03-30,38.19,18.36,21.84
2016-03-31,39.18,22.73,16.96
2016-04-01,40.31,20.7,19.26
2016-04-02,41.15,22.28,23.76
2016-04-03,41.92,26.71,24.01
2016-04-04,39.58,24.21,21.83
2016-04-05,38.41,23.68,27.4
2016-04-06,38.03,23.23,24.82
2016-04-07,38.13,24.22,25.94
2016-04-08,38.05,19.75,17.59
2016-04-09,39.6,20.98,17.01
2016-04-10,37.95,24.08,22.14
2016-04-11,37.56,22.22,23.04
2016-04-12,36.8,21.44,24.28
2016-04-13,39.53,21.41,20.08
2016-04-14,41.53,21.61,17.7
2016-04-15,41.57,23.82,17.97
2016-04-16,44.11,25.38,18.88
2016-04-17,43.28,26.02,20.12
2016-04-18,41.7,27.11,26.96
2016-04-19,41.07,27.23,22.07
2016-04-20,40.95,26.8,19.29
2016-04-21,41.28,25.06,17.88
2016-04-22,42.0,25.54,18.01
2016-04-23,39.2,24.09,14.91
2016-04-24,40.03,22.23,8.65
2016-04-25,40.62,22.02,9.3
2016-04-26,41.81,25.35,7.77
2016-04-27,42.64,25.64,10.21
2016-04-28,42.49,23.82,12.35
2016-04-29,42.55,25.33,10.86
2016-04-30,42.04,24.13,7.64
2016-05-01,44.36,24.51,8.44
2016-05-02,45.76,25.19,10.5
2016-05-03,42.31,29.39,21.67
2016-05-04,41.63,25.18,28.25
2016-05-05,38.84,27.32,32.67
2016-05-06,37.93,24.51,36.17
2016-05-07,37.25,24.53,32.94
2016-05-08,40.78,25.31,28.63
2016-05-09,40.78,28.8,28.53
2016-05-10,41.68,28.3,28.23
2016-05-11,40.97,29.1,30.0
2016-05-12,41.27,28.68,27.62
2016-05-13,43.81,28.75,22.87
2016-05-14,44.64,30.0,17.55
2016-05-15,44.86,28.04,19.35
2016-05-16,45.31,28.45,16.33
2016-05-17,45.39,29.03,14.28
2016-05-18,45.87,28.31,12.95
2016-05-19,46.22,29.58,12.94
2016-05-20,45.79,29.55,15.59
2016-05-21,46.15,29.11,15.99
2016-05-22,47.12,30.91,20.08
2016-05-23,43.23,29.95,30.45
2016-05-24,39.89,31.13,39.7
2016-05-25,41.24,27.69,33.43
2016-05-26,42.13,27.81,30.93
2016-05-27,44.57,29.67,26.75
2016-05-28,43.19,30.49,26.95
2016-05-29,38.28,29.01,40.26
2016-05-30,38.22,27.47,45.31
2016-05-31,41.43,26.77,38.9
2016-06-01,42.03,29.34,36.51
2016-06-02,43.8,29.62,28.41
2016-06-03,44.28,28.58,26.93
2016-06-04,44.9,29.44,24.02
2016-06-05,45.15,30.89,22.35
2016-06-06,44.8,31.19,24.21
2016-06-07,43.33,29.17,25.55
2016-06-08,45.33,28.28,22.25
2016-06-09,45.36,30.3,20.45
2016-06-10,45.55,31.63,21.9
2016-06-11,44.33,32.54,27.07
2016-06-12,43.87,32.61,31.55
2016-06-13,43.71,32.41,36.83
2016-06-14,41.28,30.54,39.85
2016-06-15,38.45,31.02,44.32
2016-06-16,39.34,29.39,44.85
2016-06-17,41.67,30.01,36.03
2016-06-18,42.05,29.52,34.3
2016-06-19,40.97,31.04,41.89
2016-06-20,40.93,31.84,43.78
2016-06-21,39.74,30.4,47.99
2016-06-22,38.73,30.29,46.74
2016-06-23,41.17,29.82,45.0
2016-06-24,43.08,32.05,34.57
2016-06-25,42.61,30.5,35.44
2016-06-26,39.2,31.06,43.46
2016-06-27,40.22,30.74,49.68
2016-06-28,36.1,30.6,59.54
2016-06-29,39.94,29.58,51.56
2016-06-30,41.74,31.54,44.94
2016-07-01,39.61,31.12,55.79
2016-07-02,37.05,29.11,62.5
2016-07-03,36.29,28.58,60.86
2016-07-04,34.15,27.78,69.97
2016-07-05,40.21,27.83,55.72
2016-07-06,40.31,30.18,52.01
2016-07-07,40.01,28.74,50.97
2016-07-08,40.52,28.78,49.35
2016-07-09,39.62,28.83,54.42
2016-07-10,37.44,28.95,59.42
2016-07-11,37.58,28.36,61.79
2016-07-12,35.65,27.58,66.83
2016-07-13,35.55,29.19,63.68
2016-07-14,33.71,28.8,69.6
2016-07-15,35.12,27.34,70.55
2016-07-16,32.27,27.09,81.88
2016-07-17,30.7,26.16,87.15
2016-07-18,32.04,25.39,84.32
2016-07-19,34.3,25.72,77.61
2016-07-20,36.36,25.35,71.21
2016-07-21,36.13,26.11,71.14
2016-07-22,31.22,26.23,81.5
2016-07-23,33.99,26.31,78.56
2016-07-24,33.37,24.93,77.99
2016-07-25,34.46,25.78,75.06
2016-07-26,31.79,26.34,84.37
2016-07-27,30.19,25.82,86.92
2016-07-28,30.17,25.31,84.38
2016-07-29,31.8,25.24,83.55
2016-07-30,31.01,25.51,85.52
2016-07-31,31.13,25.48,83.1
2016-08-01,31.14,25.62,86.98
2016-08-02,31.04,25.4,84.89
2016-08-03,31.75,25.18,83.6
2016-08-04,32.86,25.37,83.27
2016-08-05,33.79,25.75,80.12
2016-08-06,32.53,26.53,80.7
2016-08-07,32.03,25.82,83.21
2016-08-08,32.74,25.47,82.91
2016-08-09,32.01,26.29,85.91
2016-08-10,31.86,25.69,87.19
2016-08-11,30.88,25.77,87.84
2016-08-12,32.57,24.67,83.33
2016-08-13,32.68,24.73,80.88
2016-08-14,32.44,25.46,80.0
2016-08-15,34.13,24.93,76.25
2016-08-16,34.4,24.21,76.76
2016-08-17,33.11,23.76,78.62
2016-08-18,31.93,25.24,81.57
2016-08-19,33.15,25.19,77.59
2016-08-20,32.94,25.56,81.44
2016-08-21,32.47,24.71,83.62
2016-08-22,33.4,24.33,81.1
2016-08-23,32.53,25.19,80.62
2016-08-24,31.17,25.13,85.8
2016-08-25,33.06,24.81,79.6
2016-08-26,33.68,25.56,77.01
2016-08-27,32.03,25.72,80.07
2016-08-28,31.16,25.68,79.99
2016-08-29,32.41,25.37,78.93
2016-08-30,32.14,25.33,78.95
2016-08-31,29.73,25.45,90.66
2016-09-01,31.94,24.75,83.31
2016-09-02,32.77,23.45,76.07
2016-09-03,33.08,22.12,74.78
2016-09-04,32.73,22.02,75.17
2016-09-05,33.0,22.15,74.78
2016-09-06,33.14,22.28,74.36
2016-09-07,33.0,22.24,72.28
2016-09-08,33.79,22.46,69.81
2016-09-09,34.53,22.67,64.39
2016-09-10,34.67,22.55,64.56
2016-09-11,34.82,22.23,62.6
2016-09-12,35.3,22.78,59.73
2016-09-13,34.48,23.29,61.66
2016-09-14,34.45,24.54,62.49
2016-09-15,35.53,23.52,59.02
2016-09-16,36.29,22.87,52.06
2016-09-17,36.45,22.43,48.23
2016-09-18,35.49,23.78,53.1
2016-09-19,35.73,23.48,54.64
2016-09-20,37.2,24.91,51.81
2016-09-21,36.66,26.38,57.36
2016-09-22,32.15,24.27,74.89
2016-09-23,34.79,23.42,60.37
2016-09-24,34.56,22.36,62.43
2016-09-25,35.07,22.81,57.43
2016-09-26,35.22,23.39,55.0
2016-09-27,35.59,21.98,59.37
2016-09-28,36.31,23.59,49.52
2016-09-29,35.13,22.37,54.9
2016-09-30,36.04,23.84,52.91
2016-10-01,36.15,25.29,50.05
2016-10-02,36.46,26.39,54.75
2016-10-03,36.76,25.36,55.86
2016-10-04,35.52,26.46,57.24
2016-10-05,35.58,24.44,54.31
2016-10-06,34.43,23.88,54.84
2016-10-07,36.17,22.3,49.43
2016-10-08,36.53,22.31,44.62
2016-10-09,36.25,21.23,40.84
2016-10-10,35.49,20.95,43.12
2016-10-11,35.74,20.11,39.31
2016-10-12,35.51,18.15,33.94
2016-10-13,36.15,18.23,32.52
2016-10-14,35.24,17.18,37.89
2016-10-15,34.85,17.03,33.44
2016-10-16,34.51,16.9,34.37
2016-10-17,34.59,18.59,36.25
2016-10-18,33.83,16.89,33.28
2016-10-19,34.16,16.97,32.65
2016-10-20,35.08,16.84,35.77
2016-10-21,34.63,17.69,37.98
2016-10-22,34.71,17.74,36.82
2016-10-23,33.28,17.38,33.75
2016-10-24,33.9,16.14,33.47
2016-10-25,33.46,17.11,40.79
2016-10-26,33.55,16.53,34.75
2016-10-27,33.61,15.69,31.67
2016-10-28,32.38,14.01,29.07
2016-10-29,32.4,17.52,24.61
2016-10-30,30.34,16.45,30.86
2016-10-31,31.07,14.9,35.06
2016-11-01,30.97,15.34,34.55
2016-11-02,31.02,15.72,32.21
2016-11-03,31.27,15.04,34.27
2016-11-04,31.48,14.26,33.15
2016-11-05,29.36,15.02,37.12
2016-11-06,29.81,14.01,37.23
2016-11-07,30.0,14.41,31.92
2016-11-08,30.62,12.02,30.02
2016-11-09,31.01,11.68,29.66
2016-11-10,30.22,10.89,23.26
2016-11-11,30.09,14.29,23.33
2016-11-12,30.07,13.11,25.71
2016-11-13,30.08,15.65,30.31
2016-11-14,28.99,14.61,34.2
2016-11-15,28.39,13.64,35.38
2016-11-16,28.41,11.93,33.05
2016-11-17,28.5,11.08,29.61
2016-11-18,27.76,10.52,30.37
2016-11-19,29.17,10.18,27.44
2016-11-20,29.67,13.51,22.62
2016-11-21,30.45,15.48,22.77
2016-11-22,31.0,11.73,27.34
2016-11-23,30.77,12.63,31.7
2016-11-24,29.81,12.91,24.88
2016-11-25,32.15,13.71,21.21
2016-11-26,31.68,14.3,26.35
2016-11-27,31.35,13.3,25.98
2016-11-28,31.0,13.24,23.32
2016-11-29,30.37,11.92,17.11
2016-11-30,27.59,11.62,22.65
2016-12-01,27.43,12.98,30.87
2016-12-02,27.4,10.88,29.46
2016-12-03,27.85,10.01,29.78
2016-12-04,27.33,9.76,24.43
2016-12-05,27.18,9.5,24.06
2016-12-06,28.01,12.04,22.85
2016-12-07,27.05,12.84,24.19
2016-12-08,27.59,11.33,26.13
2016-12-09,27.62,10.42,26.35
2016-12-10,28.81,12.2,27.53
2016-12-11,28.76,13.52,34.85
2016-12-12,27.36,11.26,35.18
2016-12-13,27.01,12.44,35.92
2016-12-14,26.28,11.67,29.57
2016-12-15,25.25,9.2,27.15
2016-12-16,25.02,8.35,26.33
2016-12-17,23.93,8.4,27.56
2016-12-18,24.82,8.06,28.04
2016-12-19,25.32,7.21,25.9
2016-12-20,26.59,8.83,27.57
2016-12-21,27.36,8.06,28.06
2016-12-22,26.84,6.82,24.5
2016-12-23,26.45,9.33,18.23
2016-12-24,26.09,11.04,20.96
2016-12-25,24.53,7.14,31.03
2016-12-26,24.57,7.21,26.62
2016-12-27,25.68,6.42,18.28
2016-12-28,25.52,8.25,17.81
2016-12-29,24.15,8.7,21.48
2016-12-30,23.2,6.81,30.47
2016-12-31,21.23,7.0,38.74
2017-01-01,22.83,8.3,54.12
2017-01-02,23.94,9.86,57.95
2017-01-03,25.48,8.39,47.56
2017-01-04,25.38,11.02,42.65
2017-01-05,26.5,12.12,33.62
2017-01-06,25.86,8.89,35.62
2017-01-07,21.33,11.12,57.35
2017-01-08,20.86,8.24,61.14
2017-01-09,19.59,6.59,45.86
2017-01-10,19.13,3.6,32.59
2017-01-11,18.71,1.51,29.23
2017-01-12,18.66,2.48,31.12
2017-01-13,20.04,3.55,30.34
2017-01-14,21.18,3.24,28.28
2017-01-15,23.47,6.46,27.27
2017-01-16,23.29,7.23,31.32
2017-01-17,19.13,4.14,48.37
2017-01-18,22.52,4.61,41.31
2017-01-19,22.32,5.86,38.21
2017-01-20,21.69,4.54,41.31
2017-01-21,21.81,7.22,29.41
2017-01-22,26.66,9.66,34.56
2017-01-23,26.34,9.37,35.81
2017-01-24,26.47,9.23,39.07
2017-01-25,27.45,12.45,39.07
2017-01-26,27.57,13.09,52.57
2017-01-27,19.49,10.16,75.14
2017-01-28,22.9,6.99,66.4
2017-01-29,25.33,8.71,51.96
2017-01-30,25.62,8.39,43.57
2017-01-31,25.3,9.13,46.66
2017-02-01,24.21,8.28,50.75
2017-02-02,24.4,8.77,41.73
2017-02-03,25.92,7.13,44.22
2017-02-04,25.92,10.76,41.04
2017-02-05,25.63,11.63,45.41
2017-02-06,23.68,9.65,47.81
2017-02-07,23.99,6.4,38.55
2017-02-08,25.36,8.4,36.61
2017-02-09,23.25,8.32,38.15
2017-02-10,24.14,6.52,43.06
2017-02-11,25.53,6.99,37.6
2017-02-12,25.25,7.23,38.12
2017-02-13,25.77,7.58,38.29
2017-02-14,27.73,7.42,38.09
2017-02-15,29.03,9.43,36.3
2017-02-16,30.71,13.38,38.53
2017-02-17,30.4,14.39,42.52
2017-02-18,31.56,12.76,43.36
2017-02-19,32.29,15.41,39.41
2017-02-20,32.41,15.37,35.97
2017-02-21,27.18,11.93,32.3
2017-02-22,28.51,11.85,20.49
2017-02-23,28.16,8.6,23.18
2017-02-24,28.28,9.39,21.47
2017-02-25,30.29,10.63,20.67
2017-02-26,30.52,10.56,21.57
2017-02-27,31.1,10.38,21.27
2017-02-28,32.79,15.17,18.66
2017-03-01,31.87,17.9,26.68
2017-03-02,29.53,16.63,32.2
2017-03-03,29.71,13.65,20.99
2017-03-04,28.78,11.0,23.5
2017-03-05,30.03,10.2,23.07
2017-03-06,30.79,11.65,23.7
2017-03-07,31.11,15.51,23.0
2017-03-08,30.21,15.21,30.99
2017-03-09,30.08,14.73,41.66
2017-03-10,26.92,14.17,56.13
2017-03-11,24.64,11.71,54.8
2017-03-12,25.12,10.09,30.92
2017-03-13,26.44,8.64,28.52
2017-03-14,28.24,10.13,26.9
2017-03-15,30.34,10.73,28.98
2017-03-16,30.8,13.12,30.84
2017-03-17,30.19,13.57,35.91
2017-03-18,31.7,13.1,29.24
2017-03-19,32.57,13.82,28.53
2017-03-20,33.14,14.58,24.56
2017-03-21,35.46,15.69,22.16
2017-03-22,38.61,17.59,21.7
2017-03-23,38.16,19.7,22.44
2017-03-24,38.07,20.04,24.2
2017-03-25,37.27,17.74,17.02
2017-03-26,38.48,19.88,19.1
2017-03-27,40.88,19.64,23.73
2017-03-28,40.55,21.56,22.01
2017-03-29,41.66,22.51,19.56
2017-03-30,41.73,22.98,21.48
2017-03-31,40.46,23.91,19.92
2017-04-01,41.11,22.05,15.61
2017-04-02,40.94,22.63,16.64
2017-04-03,40.94,21.55,15.56
2017-04-04,40.19,22.09,17.89
2017-04-05,39.24,24.73,25.9
2017-04-06,40.08,22.89,25.72
2017-04-07,35.67,18.99,17.23
2017-04-08,36.5,17.4,12.93
2017-04-09,35.34,16.74,15.29
2017-04-10,36.54,17.18,13.74
2017-04-11,39.0,17.83,15.43
2017-04-12,40.98,19.14,14.79
2017-04-13,41.9,20.85,13.16
2017-04-14,42.5,24.92,9.8
2017-04-15,43.41,25.6,12.57
2017-04-16,44.9,22.72,11.53
2017-04-17,44.01,26.87,10.82
2017-04-18,44.87,26.43,11.3
2017-04-19,44.81,26.14,11.89
2017-04-20,45.59,25.47,14.25
2017-04-21,44.95,27.01,17.82
2017-04-22,44.16,28.78,17.66
2017-04-23,41.44,26.84,20.07
2017-04-24,40.05,27.4,21.23
2017-04-25,40.21,24.05,21.29
2017-04-26,40.35,23.5,21.48
2017-04-27,40.99,23.53,19.24
2017-04-28,41.31,25.03,22.02
2017-04-29,41.67,26.12,22.01
2017-04-30,41.2,27.6,25.56
2017-05-01,40.12,24.95,20.08
2017-05-02,42.24,26.58,10.45
2017-05-03,42.79,27.52,15.56
2017-05-04,41.1,25.78,20.58
2017-05-05,42.79,25.6,17.15
2017-05-06,43.95,26.04,15.59
2017-05-07,45.7,28.18,13.68
2017-05-08,45.6,28.47,15.21
2017-05-09,45.64,29.33,15.91
2017-05-10,44.34,28.89,22.74
2017-05-11,43.6,28.98,20.72
2017-05-12,44.6,29.47,17.28
2017-05-13,45.06,28.76,18.36
2017-05-14,45.93,30.71,18.31
2017-05-15,45.76,29.59,17.06
2017-05-16,44.86,30.59,19.47
2017-05-17,41.49,29.7,24.05
2017-05-18,41.54,28.19,25.38
2017-05-19,43.65,30.3,22.17
2017-05-20,42.91,29.02,24.17
2017-05-21,43.45,29.83,23.47
2017-05-22,38.66,27.47,35.41
2017-05-23,41.59,26.8,29.95
2017-05-24,43.0,30.87,26.57
2017-05-25,44.16,31.11,22.33
2017-05-26,45.99,31.25,18.58
2017-05-27,46.16,31.19,17.13
2017-05-28,41.09,29.73,29.56
2017-05-29,39.36,26.04,39.07
2017-05-30,38.93,27.11,38.2
2017-05-31,40.34,28.19,31.63
2017-06-01,38.96,27.35,37.52
2017-06-02,42.02,25.54,29.2
2017-06-03,45.27,28.62,25.04
2017-06-04,47.71,29.72,20.07
2017-06-05,46.02,33.4,24.48
2017-06-06,44.94,33.06,28.51
2017-06-07,40.0,30.13,43.82
2017-06-08,37.93,28.67,46.2
2017-06-09,39.54,27.58,36.92
2017-06-10,41.4,30.08,30.6
2017-06-11,41.43,29.84,30.63
2017-06-12,42.11,27.06,30.63
2017-06-13,43.62,29.88,29.76
2017-06-14,44.93,30.38,27.04
2017-06-15,41.32,31.11,35.96
2017-06-16,40.28,30.45,35.09
2017-06-17,40.64,28.97,35.43
2017-06-18,41.4,31.17,40.1
2017-06-19,36.26,30.78,60.21
2017-06-20,38.33,28.94,55.27
2017-06-21,37.49,27.42,59.7
2017-06-22,37.25,26.31,48.81
2017-06-23,40.05,26.78,43.78
2017-06-24,40.89,28.52,41.73
2017-06-25,41.96,29.72,37.57
2017-06-26,41.59,30.38,41.79
2017-06-27,40.9,31.34,44.42
2017-06-28,36.77,28.8,59.1
2017-06-29,33.15,27.26,75.12
2017-06-30,34.84,27.94,68.09
2017-07-01,35.59,27.06,67.91
2017-07-02,35.79,27.83,66.68
2017-07-03,36.3,27.19,66.23
2017-07-04,37.97,27.63,63.86
2017-07-05,38.55,27.91,60.47
2017-07-06,36.61,27.38,61.49
2017-07-07,36.31,26.38,62.72
2017-07-08,38.62,26.78,57.8
2017-07-09,39.09,28.34,54.15
2017-07-10,40.24,28.36,51.5
2017-07-11,36.48,27.47,63.61
2017-07-12,34.07,26.54,73.08
2017-07-13,35.16,26.02,69.53
2017-07-14,34.98,26.6,69.63
2017-07-15,35.09,27.07,71.22
2017-07-16,34.95,27.35,70.19
2017-07-17,33.1,27.83,72.68
2017-07-18,36.36,26.72,67.62
2017-07-19,38.33,27.77,57.69
2017-07-20,31.07,26.65,76.08
2017-07-21,33.75,26.97,71.75
2017-07-22,32.41,26.85,76.63
2017-07-23,34.85,25.94,74.23
2017-07-24,32.68,26.56,82.37
2017-07-25,33.76,25.55,77.09
2017-07-26,34.86,26.05,71.65
2017-07-27,34.8,26.66,69.8
2017-07-28,35.13,26.0,69.38
2017-07-29,33.91,26.49,73.08
2017-07-30,33.95,26.08,75.22
2017-07-31,30.01,26.05,84.14
2017-08-01,32.33,25.38,82.33
2017-08-02,33.47,25.43,75.62
2017-08-03,34.43,26.08,67.55
2017-08-04,35.95,25.66,64.02
2017-08-05,36.12,25.53,62.42
2017-08-06,35.49,27.23,63.1
2017-08-07,34.26,26.5,72.64
2017-08-08,35.32,26.78,69.79
2017-08-09,33.3,28.3,72.18
2017-08-10,35.92,26.86,70.68
2017-08-11,37.54,25.77,63.46
2017-08-12,37.26,26.78,62.64
2017-08-13,36.41,26.4,64.31
2017-08-14,36.0,25.85,63.41
2017-08-15,37.29,26.77,59.0
2017-08-16,38.02,26.66,54.07
2017-08-17,38.04,26.15,53.6
2017-08-18,38.46,25.6,50.65
2017-08-19,32.51,26.26,72.4
2017-08-20,35.92,25.49,71.12
2017-08-21,35.84,26.02,68.13
2017-08-22,36.49,26.6,64.21
2017-08-23,32.9,26.63,74.85
2017-08-24,34.2,25.35,73.63
2017-08-25,34.82,26.33,66.83
2017-08-26,34.25,26.35,73.47
2017-08-27,35.38,26.0,69.4
2017-08-28,32.29,25.74,77.48
2017-08-29,33.16,25.43,74.19
2017-08-30,34.05,26.15,75.6
2017-08-31,30.91,26.38,86.71
2017-09-01,32.03,25.65,83.37
2017-09-02,32.25,23.68,77.44
2017-09-03,33.54,23.1,68.41
2017-09-04,34.63,24.74,64.81
2017-09-05,35.05,24.69,68.94
2017-09-06,34.87,24.46,66.8
2017-09-07,33.6,24.8,73.78
2017-09-08,34.36,24.31,69.38
2017-09-09,35.55,23.29,62.11
2017-09-10,36.44,24.2,57.55
2017-09-11,36.24,24.87,60.46
2017-09-12,35.85,23.9,55.01
2017-09-13,36.46,24.25,55.41
2017-09-14,36.0,24.34,61.07
2017-09-15,36.18,24.95,57.38
2017-09-16,35.42,24.44,56.83
2017-09-17,37.01,22.97,53.04
2017-09-18,37.63,22.6,47.12
2017-09-19,37.09,23.76,45.15
2017-09-20,38.2,22.4,42.69
2017-09-21,36.4,23.29,59.02
2017-09-22,30.14,24.34,86.52
2017-09-23,29.53,21.4,86.14
2017-09-24,30.12,18.18,76.85
2017-09-25,32.71,19.25,67.3
2017-09-26,32.91,20.1,60.3
2017-09-27,33.47,20.9,54.52
2017-09-28,33.75,22.23,53.05
2017-09-29,33.49,22.99,51.37
2017-09-30,34.11,21.52,50.63
2017-10-01,34.01,19.22,47.34
2017-10-02,34.87,20.43,49.96
2017-10-03,34.07,20.91,47.9
2017-10-04,34.05,20.97,49.57
2017-10-05,34.34,19.7,54.46
2017-10-06,35.28,18.96,51.26
2017-10-07,34.1,18.2,49.74
2017-10-08,34.27,21.9,45.79
2017-10-09,35.23,21.79,42.2
2017-10-10,34.92,21.2,41.88
2017-10-11,34.59,22.07,45.54
2017-10-12,33.99,21.59,44.99
2017-10-13,34.55,20.16,43.96
2017-10-14,36.11,20.82,38.83
2017-10-15,35.79,18.96,36.41
2017-10-16,35.76,18.97,34.44
2017-10-17,34.45,17.52,39.03
2017-10-18,34.2,17.36,39.85
2017-10-19,36.07,18.26,40.69
2017-10-20,35.97,20.86,40.34
2017-10-21,34.5,19.17,40.51
2017-10-22,34.7,20.0,31.48
2017-10-23,35.04,19.32,34.2
2017-10-24,33.74,16.74,37.52
2017-10-25,32.35,14.72,33.04
2017-10-26,32.4,16.43,31.8
2017-10-27,32.22,16.61,32.96
2017-10-28,32.84,17.65,36.16
2017-10-29,31.11,16.5,40.83
2017-10-30,30.61,17.3,39.43
2017-10-31,30.16,18.26,42.19
2017-11-01,31.13,15.63,47.98
2017-11-02,31.57,16.59,49.27
2017-11-03,29.98,17.57,47.05
2017-11-04,30.12,18.06,50.72
2017-11-05,30.17,18.29,49.29
2017-11-06,29.9,15.64,49.41
2017-11-07,29.22,14.59,48.33
2017-11-08,29.32,13.76,44.83
2017-11-09,30.93,14.75,43.15
2017-11-10,30.1,13.74,40.98
2017-11-11,29.63,15.18,38.35
2017-11-12,28.42,13.62,40.3
2017-11-13,28.9,13.99,39.97
2017-11-14,27.82,12.89,47.73
2017-11-15,27.74,12.81,49.91
2017-11-16,27.88,14.11,49.27
2017-11-17,25.98,13.49,51.64
2017-11-18,26.49,13.68,52.74
2017-11-19,25.93,12.67,44.7
2017-11-20,25.33,9.65,37.82
2017-11-21,24.69,8.18,40.19
2017-11-22,25.97,8.95,37.13
2017-11-23,25.94,8.08,32.43
2017-11-24,26.12,7.78,31.79
2017-11-25,26.19,8.29,29.8
2017-11-26,26.88,11.78,30.0
2017-11-27,25.65,8.24,35.95
2017-11-28,27.41,8.78,33.3
2017-11-29,26.99,11.08,30.54
2017-11-30,26.91,11.0,34.88
2017-12-01,26.32,9.29,35.18
2017-12-02,26.21,11.12,32.18
2017-12-03,24.9,12.45,34.29
2017-12-04,23.47,11.39,35.76
2017-12-05,25.31,13.14,36.53
2017-12-06,26.18,10.37,39.05
2017-12-07,25.78,12.76,30.49
2017-12-08,26.05,9.22,27.57
2017-12-09,26.42,8.78,29.24
2017-12-10,26.11,11.21,33.87
2017-12-11,24.52,10.62,40.84
2017-12-12,22.65,12.35,67.13
2017-12-13,22.19,9.32,67.77
2017-12-14,21.37,6.53,55.24
2017-12-15,23.25,5.94,53.96
2017-12-16,21.93,5.21,42.99
2017-12-17,24.16,4.62,38.56
2017-12-18,25.54,5.68,39.41
2017-12-19,23.41,7.17,42.04
2017-12-20,23.84,8.56,45.97
2017-12-21,25.99,9.72,47.62
2017-12-22,25.31,9.73,47.53
2017-12-23,25.39,8.54,42.16
2017-12-24,25.04,8.37,41.09
2017-12-25,23.04,7.93,47.17
2017-12-26,23.92,6.2,40.33
2017-12-27,24.45,6.92,34.81
2017-12-28,25.49,10.23,36.95
2017-12-29,25.07,8.74,42.32
2017-12-30,22.7,7.53,37.8
2017-12-31,22.41,7.0,34.28
2018-01-01,21.21,6.25,34.58
2018-01-02,19.78,3.91,38.48
2018-01-03,21.66,4.32,39.62
2018-01-04,22.78,4.14,33.59
2018-01-05,22.5,6.66,30.96
2018-01-06,22.02,4.54,40.49
2018-01-07,21.89,4.35,41.2
2018-01-08,21.9,3.98,38.28
2018-01-09,22.85,4.04,38.1
2018-01-10,24.14,4.85,32.67
2018-01-11,25.05,5.02,29.87
2018-01-12,25.39,6.48,28.98
2018-01-13,24.42,8.21,32.37
2018-01-14,24.74,6.49,31.34
2018-01-15,24.11,5.57,31.28
2018-01-16,26.17,4.64,24.56
2018-01-17,25.33,4.58,27.04
2018-01-18,27.65,9.54,26.77
2018-01-19,26.04,7.78,33.84
2018-01-20,25.46,6.06,26.3
2018-01-21,24.47,4.71,24.45
2018-01-22,25.29,7.99,21.64
2018-01-23,20.29,8.27,41.81
2018-01-24,20.15,7.17,70.48
2018-01-25,21.93,5.85,60.18
2018-01-26,23.69,6.26,42.25
2018-01-27,22.88,4.34,37.45
2018-01-28,24.72,4.64,31.78
2018-01-29,25.84,5.8,30.36
2018-01-30,29.11,8.89,26.93
2018-01-31,26.74,10.78,29.82
2018-02-01,29.02,11.43,32.69
2018-02-02,28.6,10.39,37.02
2018-02-03,27.12,10.56,28.47
2018-02-04,26.56,6.87,23.35
2018-02-05,26.25,7.8,15.58
2018-02-06,26.13,11.16,14.95
2018-02-07,27.5,6.45,15.84
2018-02-08,25.71,7.87,14.3
2018-02-09,26.42,6.55,17.23
2018-02-10,27.52,8.57,17.2
2018-02-11,28.25,11.54,19.29
2018-02-12,24.03,12.51,61.11
2018-02-13,25.22,10.62,61.56
2018-02-14,25.48,8.36,41.62
2018-02-15,26.13,9.64,44.8
2018-02-16,27.68,11.2,43.27
2018-02-17,30.29,12.66,34.18
2018-02-18,29.63,10.77,23.4
2018-02-19,29.7,12.39,19.23
2018-02-20,31.01,11.77,27.18
2018-02-21,32.69,16.05,27.47
2018-02-22,33.09,15.13,30.98
2018-02-23,33.42,17.58,23.58
2018-02-24,32.23,17.37,23.92
2018-02-25,32.07,17.44,29.62
2018-02-26,30.2,12.69,34.58
2018-02-27,32.67,15.0,37.43
2018-02-28,32.68,15.96,32.45
2018-03-01,33.68,16.46,27.39
2018-03-02,34.56,15.73,30.03
2018-03-03,34.49,16.77,30.14
2018-03-04,32.88,17.32,39.67
2018-03-05,30.84,13.89,34.39
2018-03-06,30.51,13.63,28.9
2018-03-07,33.06,12.38,26.07
2018-03-08,33.72,15.35,22.7
2018-03-09,34.33,16.81,23.63
2018-03-10,34.84,15.33,25.3
2018-03-11,34.57,15.28,28.41
2018-03-12,35.78,16.34,26.39
2018-03-13,37.41,16.38,19.11
2018-03-14,37.46,17.74,16.57
2018-03-15,34.83,16.63,20.77
2018-03-16,34.02,17.61,23.87
2018-03-17,32.42,15.13,20.86
2018-03-18,35.41,13.85,15.55
2018-03-19,36.54,16.39,17.47
2018-03-20,37.64,16.85,20.98
2018-03-21,35.79,21.78,26.6
2018-03-22,33.88,17.31,35.58
2018-03-23,32.85,16.9,30.57
2018-03-24,34.71,16.27,25.77
2018-03-25,36.13,17.58,22.24
2018-03-26,36.55,17.28,15.95
2018-03-27,39.21,16.72,12.78
2018-03-28,40.51,22.67,9.59
2018-03-29,38.2,18.22,14.36
2018-03-30,39.11,17.55,12.72
2018-03-31,39.0,17.42,11.26
2018-04-01,36.91,18.29,21.41
2018-04-02,37.82,19.47,26.81
2018-04-03,39.17,21.76,26.52
2018-04-04,41.09,24.06,23.78
2018-04-05,40.16,24.21,23.3
2018-04-06,39.28,25.34,26.93
2018-04-07,37.68,21.89,33.95
2018-04-08,37.55,21.88,38.13
2018-04-09,35.18,22.26,44.64
2018-04-10,36.34,19.95,43.68
2018-04-11,37.22,23.18,38.74
2018-04-12,35.37,21.73,42.36
2018-04-13,36.45,19.01,27.31
2018-04-14,38.31,19.5,25.29
2018-04-15,39.85,21.32,26.41
2018-04-16,41.24,25.23,25.03
2018-04-17,40.63,25.19,24.26
2018-04-18,40.21,25.53,24.04
2018-04-19,40.94,24.21,21.16
2018-04-20,41.74,25.04,17.83
2018-04-21,36.88,19.07,15.34
2018-04-22,37.16,19.67,18.21
2018-04-23,38.8,19.64,16.13
2018-04-24,41.99,20.6,12.46
2018-04-25,43.42,22.39,11.03
2018-04-26,43.56,25.15,10.14
2018-04-27,41.4,23.66,16.51
2018-04-28,43.47,26.19,20.6
2018-04-29,43.87,25.5,20.63
2018-04-30,43.13,26.63,19.13
2018-05-01,43.01,25.34,23.39
2018-05-02,39.77,25.37,30.27
2018-05-03,39.26,25.57,38.08
2018-05-04,39.65,25.31,38.9
2018-05-05,41.03,27.13,28.73
2018-05-06,41.92,28.01,22.1
2018-05-07,42.14,26.02,21.37
2018-05-08,39.4,25.68,28.65
2018-05-09,39.7,24.16,30.04
2018-05-10,40.81,24.14,26.2
2018-05-11,43.76,25.95,19.93
2018-05-12,44.94,29.26,18.09
2018-05-13,43.98,29.5,21.22
2018-05-14,41.22,25.16,26.32
2018-05-15,41.97,26.87,21.54
2018-05-16,42.92,28.74,22.56
2018-05-17,44.06,27.2,18.47
2018-05-18,43.17,28.91,18.46
2018-05-19,43.48,28.18,21.52
2018-05-20,44.23,28.73,18.41
2018-05-21,44.67,28.13,13.52
2018-05-22,46.11,27.93,13.5
2018-05-23,46.02,29.12,14.37
2018-05-24,45.47,30.68,10.03
2018-05-25,45.94,27.39,8.74
2018-05-26,46.54,26.73,8.72
2018-05-27,46.47,30.7,7.26
2018-05-28,45.36,27.07,10.22
2018-05-29,45.7,30.34,11.06
2018-05-30,42.99,28.45,21.08
2018-05-31,44.21,29.9,24.3
2018-06-01,45.33,31.14,20.45
2018-06-02,41.12,28.18,42.16
2018-06-03,42.17,27.61,34.38
2018-06-04,43.08,29.73,32.14
2018-06-05,43.53,31.86,33.7
2018-06-06,41.09,31.78,43.12
2018-06-07,42.35,30.24,43.66
2018-06-08,43.95,30.95,33.4
2018-06-09,40.57,31.68,45.19
2018-06-10,39.9,30.14,51.0
2018-06-11,42.25,30.49,38.88
2018-06-12,45.56,30.19,29.76
2018-06-13,44.6,31.42,27.13
2018-06-14,43.05,32.84,29.15
2018-06-15,42.03,32.29,31.15
2018-06-16,42.6,32.95,31.85
2018-06-17,40.76,30.69,38.29
2018-06-18,42.26,29.58,36.37
2018-06-19,42.59,28.85,34.97
2018-06-20,43.78,30.85,32.43
2018-06-21,44.76,32.22,30.44
2018-06-22,45.74,33.17,24.76
2018-06-23,46.46,34.2,21.58
2018-06-24,45.28,33.5,21.85
2018-06-25,46.26,30.8,26.32
2018-06-26,35.36,30.9,49.33
2018-06-27,38.23,29.08,54.61
2018-06-28,34.83,27.88,69.14
2018-06-29,38.95,27.52,53.1
2018-06-30,37.24,29.01,55.85
2018-07-01,39.61,29.38,52.51
2018-07-02,37.27,28.93,60.93
2018-07-03,37.09,28.62,58.13
2018-07-04,37.67,29.07,57.09
2018-07-05,39.11,28.95,51.54
2018-07-06,40.87,27.76,45.3
2018-07-07,41.45,27.93,42.84
2018-07-08,42.59,29.12,40.44
2018-07-09,41.85,30.64,44.55
2018-07-10,40.85,30.47,50.38
2018-07-11,39.34,30.25,54.46
2018-07-12,37.74,28.68,63.21
2018-07-13,34.37,28.41,67.65
2018-07-14,31.82,27.58,79.91
2018-07-15,34.08,27.3,72.25
2018-07-16,35.58,27.58,71.79
2018-07-17,37.78,27.59,62.42
2018-07-18,38.78,28.06,56.77
2018-07-19,36.66,28.2,63.88
2018-07-20,33.85,28.25,72.44
2018-07-21,33.55,27.42,78.28
2018-07-22,31.58,26.9,85.72
2018-07-23,34.29,26.25,76.17
2018-07-24,34.74,27.08,74.34
2018-07-25,33.5,27.27,81.61
2018-07-26,29.31,25.93,91.77
2018-07-27,31.77,25.64,88.84
2018-07-28,31.73,25.47,86.04
2018-07-29,33.21,25.29,81.7
2018-07-30,32.71,24.98,83.22
2018-07-31,33.35,25.74,79.13
2018-08-01,33.96,24.25,79.63
2018-08-02,33.45,24.12,78.87
2018-08-03,33.6,23.7,77.04
2018-08-04,31.57,24.54,80.67
2018-08-05,30.73,24.43,86.37
2018-08-06,31.0,24.25,81.1
2018-08-07,31.08,24.06,82.05
2018-08-08,30.21,25.14,85.04
2018-08-09,33.05,25.33,79.12
2018-08-10,33.93,26.27,76.0
2018-08-11,34.3,26.26,82.82
2018-08-12,33.65,25.18,77.69
2018-08-13,31.77,24.85,79.7
2018-08-14,32.76,26.29,78.22
2018-08-15,33.89,26.6,79.11
2018-08-16,32.23,26.31,79.3
2018-08-17,32.59,25.89,84.46
2018-08-18,32.95,25.88,80.79
2018-08-19,32.45,26.86,81.11
2018-08-20,32.1,26.09,81.08
2018-08-21,32.08,26.31,86.0
2018-08-22,31.52,26.15,85.54
2018-08-23,32.0,25.44,84.02
2018-08-24,33.13,25.12,83.39
2018-08-25,33.41,24.43,81.22
2018-08-26,32.47,24.11,79.95
2018-08-27,31.12,25.96,84.28
2018-08-28,31.12,26.15,88.73
2018-08-29,32.27,25.71,86.57
2018-08-30,32.44,25.29,82.88
2018-08-31,32.25,24.92,82.69
2018-09-01,27.47,24.77,90.88
2018-09-02,28.99,24.55,87.91
2018-09-03,29.68,25.06,88.04
2018-09-04,30.75,24.57,84.44
2018-09-05,30.92,24.86,83.14
2018-09-06,32.39,24.06,76.57
2018-09-07,31.66,24.8,87.12
2018-09-08,30.31,24.58,88.32
2018-09-09,30.54,24.18,88.51
2018-09-10,31.41,23.85,87.68
2018-09-11,31.81,23.83,83.87
2018-09-12,32.43,23.15,83.25
2018-09-13,31.69,22.28,82.34
2018-09-14,31.64,20.92,78.48
2018-09-15,31.46,21.45,73.9
2018-09-16,31.23,20.78,74.46
2018-09-17,32.13,22.16,73.52
2018-09-18,31.55,21.46,71.24
2018-09-19,31.95,22.36,69.42
2018-09-20,32.28,21.57,73.02
2018-09-21,31.69,22.23,86.06
2018-09-22,27.32,22.85,92.38
2018-09-23,28.94,24.24,89.22
2018-09-24,27.46,23.96,93.07
2018-09-25,28.86,22.39,87.08
2018-09-26,30.78,20.72,82.49
2018-09-27,30.85,19.24,71.87
2018-09-28,32.24,21.14,64.59
2018-09-29,32.98,21.34,62.89
2018-09-30,31.49,19.35,72.25
2018-10-01,32.39,19.57,71.79
2018-10-02,32.01,19.53,66.32
2018-10-03,33.09,21.63,62.26
2018-10-04,32.51,20.17,72.14
2018-10-05,32.13,20.48,65.06
2018-10-06,31.24,20.47,65.98
2018-10-07,31.27,19.88,63.46
2018-10-08,33.11,18.89,63.8
2018-10-09,31.08,18.76,71.53
2018-10-10,30.02,20.67,82.15
2018-10-11,30.23,20.19,83.14
2018-10-12,30.57,19.32,76.15
2018-10-13,28.7,16.49,69.32
2018-10-14,29.13,16.08,62.57
2018-10-15,30.93,16.37,60.42
2018-10-16,30.89,17.25,66.55
2018-10-17,32.21,19.14,62.21
2018-10-18,31.56,18.68,72.01
2018-10-19,30.79,17.13,64.3
2018-10-20,30.6,17.91,61.79
2018-10-21,29.47,17.64,61.48
2018-10-22,29.65,14.2,54.81
2018-10-23,29.73,15.97,52.95
2018-10-24,30.85,16.3,54.06
2018-10-25,29.84,17.02,54.37
2018-10-26,30.25,16.3,55.71
2018-10-27,29.5,17.62,56.28
2018-10-28,29.45,16.21,56.61
2018-10-29,30.02,17.46,56.09
2018-10-30,30.15,18.04,58.43
2018-10-31,29.8,16.98,56.2
2018-11-01,29.88,17.45,51.24
2018-11-02,30.67,15.6,60.04
2018-11-03,29.0,17.23,69.97
2018-11-04,28.66,16.51,74.3
2018-11-05,25.43,12.47,54.47
2018-11-06,26.6,11.07,53.79
2018-11-07,26.88,8.77,40.93
2018-11-08,27.11,14.28,41.04
2018-11-09,27.39,15.36,48.79
2018-11-10,26.22,15.17,46.03
2018-11-11,28.41,15.02,47.79
2018-11-12,29.55,16.7,41.26
2018-11-13,29.02,16.34,48.26
2018-11-14,27.83,15.87,57.15
2018-11-15,27.2,15.15,61.17
2018-11-16,26.61,11.78,56.62
2018-11-17,27.05,11.03,47.22
2018-11-18,27.77,14.99,40.54
2018-11-19,27.4,13.99,59.43
2018-11-20,28.57,15.05,56.58
2018-11-21,27.57,12.23,48.62
2018-11-22,26.98,12.35,42.4
2018-11-23,27.5,11.18,48.79
2018-11-24,26.66,10.4,46.74
2018-11-25,27.38,10.15,45.3
2018-11-26,27.04,11.03,44.18
2018-11-27,26.5,14.14,47.28
2018-11-28,26.09,15.6,60.52
2018-11-29,25.91,12.35,58.66
2018-11-30,26.63,10.93,53.42
2018-12-01,26.19,9.66,44.77
2018-12-02,25.88,13.56,39.66
2018-12-03,25.05,11.92,44.82
2018-12-04,25.19,11.83,46.94
2018-12-05,24.64,10.48,47.68
2018-12-06,24.32,12.24,48.47
2018-12-07,24.12,8.54,54.81
2018-12-08,23.42,9.52,50.43
2018-12-09,23.84,9.85,47.19
2018-12-10,23.75,10.14,47.56
2018-12-11,24.29,11.96,46.23
2018-12-12,20.27,11.04,61.42
2018-12-13,20.18,9.97,73.37
2018-12-14,21.71,6.9,64.66
2018-12-15,22.81,6.35,60.84
2018-12-16,22.82,5.31,51.88
2018-12-17,23.38,5.17,47.56
2018-12-18,23.01,5.47,42.54
2018-12-19,22.54,4.39,41.17
2018-12-20,22.51,6.78,40.86
2018-12-21,21.04,3.61,42.64
2018-12-22,21.1,4.57,37.69
2018-12-23,21.25,6.07,40.78
2018-12-24,21.13,6.19,45.35
2018-12-25,20.36,3.84,44.3
2018-12-26,20.06,2.96,42.47
2018-12-27,20.38,6.01,39.72
2018-12-28,18.57,2.57,44.67
2018-12-29,19.97,1.69,41.05
2018-12-30,21.22,6.21,38.34
2018-12-31,21.92,3.88,44.03
2019-01-01,20.72,4.57,43.05
2019-01-02,22.08,8.5,41.76
2019-01-03,21.24,4.88,52.09
2019-01-04,18.41,5.26,55.33
2019-01-05,22.62,5.27,52.08
2019-01-06,18.95,8.4,63.8
2019-01-07,21.34,6.76,67.93
2019-01-08,21.62,6.02,60.67
2019-01-09,22.5,5.62,49.31
2019-01-10,21.69,4.76,44.41
2019-01-11,21.62,7.21,36.52
2019-01-12,21.15,9.8,36.57
2019-01-13,22.0,7.78,57.53
2019-01-14,20.89,5.03,42.14
2019-01-15,22.22,2.7,34.47
2019-01-16,21.33,6.74,31.15
2019-01-17,22.26,4.73,36.62
2019-01-18,22.13,4.25,45.86
2019-01-19,24.93,6.64,41.06
2019-01-20,26.51,11.86,35.15
2019-01-21,22.96,11.89,51.0
2019-01-22,19.7,9.67,77.31
2019-01-23,21.3,9.74,68.17
2019-01-24,21.41,9.33,63.81
2019-01-25,18.68,6.3,64.11
2019-01-26,19.33,2.88,56.6
2019-01-27,17.05,2.9,52.8
2019-01-28,19.71,1.86,47.06
2019-01-29,21.26,2.32,42.77
2019-01-30,20.03,3.66,42.05
2019-01-31,22.15,6.31,42.03
2019-02-01,22.6,7.54,51.54
2019-02-02,20.22,5.55,56.52
2019-02-03,22.19,5.23,56.4
2019-02-04,23.36,5.62,48.33
2019-02-05,25.94,9.15,49.18
2019-02-06,24.65,13.4,71.34
2019-02-07,22.93,10.67,75.74
2019-02-08,21.03,6.03,56.55
2019-02-09,21.01,4.96,49.2
2019-02-10,20.87,5.08,44.8
2019-02-11,21.63,8.2,46.28
2019-02-12,23.51,9.06,42.6
2019-02-13,23.17,11.52,41.56
2019-02-14,24.17,13.34,56.1
2019-02-15,23.8,10.91,77.94
2019-02-16,22.81,10.68,72.56
2019-02-17,23.6,7.94,55.01
2019-02-18,25.35,9.65,44.98
2019-02-19,26.08,10.58,51.55
2019-02-20,24.95,13.86,59.04
2019-02-21,28.19,13.81,50.58
2019-02-22,26.15,12.69,58.68
2019-02-23,23.34,8.68,48.33
2019-02-24,26.07,8.67,40.92
2019-02-25,25.94,8.8,42.04
2019-02-26,24.84,9.92,51.12
2019-02-27,20.57,8.35,62.49
2019-02-28,22.76,7.37,49.59
2019-03-01,24.95,6.25,39.93
2019-03-02,25.62,10.89,52.56
2019-03-03,25.46,9.89,65.43
2019-03-04,24.83,11.06,62.05
2019-03-05,25.7,10.1,51.86
2019-03-06,25.85,8.73,44.5
2019-03-07,27.32,10.32,38.22
2019-03-08,29.01,12.6,41.94
2019-03-09,28.52,12.89,44.42
2019-03-10,27.75,10.4,42.91
2019-03-11,30.39,12.0,41.6
2019-03-12,27.68,13.54,49.53
2019-03-13,24.16,13.96,42.05
2019-03-14,27.38,12.59,44.28
2019-03-15,28.36,11.36,46.77
2019-03-16,28.43,12.0,42.35
2019-03-17,30.13,12.87,36.75
2019-03-18,30.35,11.53,37.72
2019-03-19,31.58,13.14,39.14
2019-03-20,34.13,14.94,37.13
2019-03-21,32.76,15.83,42.59
2019-03-22,32.12,15.12,31.29
2019-03-23,33.07,13.37,34.86
2019-03-24,34.51,15.62,41.03
2019-03-25,31.73,18.0,42.13
2019-03-26,33.27,14.96,35.68
2019-03-27,34.54,14.37,32.52
2019-03-28,36.52,17.78,30.98
2019-03-29,38.29,21.44,34.06
2019-03-30,38.91,22.42,34.57
2019-03-31,37.41,19.61,26.72
2019-04-01,36.48,15.57,24.6
2019-04-02,37.37,20.1,21.75
2019-04-03,38.54,18.45,22.53
2019-04-04,39.82,20.5,25.93
2019-04-05,41.08,22.21,26.92
2019-04-06,41.32,24.52,28.1
2019-04-07,39.03,22.61,26.69
2019-04-08,37.59,22.27,27.78
2019-04-09,39.89,21.28,26.97
2019-04-10,41.07,24.05,23.45
2019-04-11,41.38,23.06,26.95
2019-04-12,40.7,24.11,24.25
2019-04-13,40.98,23.63,29.12
2019-04-14,41.36,23.53,27.56
2019-04-15,41.87,25.78,27.35
2019-04-16,33.26,24.23,43.59
2019-04-17,27.48,19.56,67.98
2019-04-18,31.8,18.07,57.4
2019-04-19,33.85,19.2,41.33
2019-04-20,35.62,19.28,37.53
2019-04-21,38.95,20.59,33.14
2019-04-22,39.79,24.06,30.88
2019-04-23,42.05,23.27,31.42
2019-04-24,41.77,23.46,29.27
2019-04-25,43.18,25.87,24.03
2019-04-26,42.58,25.09,24.76
2019-04-27,42.8,25.42,19.99
2019-04-28,43.19,25.74,17.23
2019-04-29,43.73,24.91,16.07
2019-04-30,43.83,24.79,15.18
2019-05-01,43.6,24.09,14.16
2019-05-02,42.95,24.97,17.22
2019-05-03,41.61,24.77,21.77
2019-05-04,41.19,23.58,17.48
2019-05-05,41.71,22.26,14.15
2019-05-06,43.24,22.58,12.43
2019-05-07,43.8,24.27,11.85
2019-05-08,44.43,25.4,14.89
2019-05-09,44.18,27.98,19.03
2019-05-10,43.54,28.09,20.52
2019-05-11,42.34,29.1,24.91
2019-05-12,41.87,26.73,25.47
2019-05-13,40.95,27.02,22.78
2019-05-14,39.64,27.5,31.73
2019-05-15,40.57,26.28,26.85
2019-05-16,40.5,27.1,29.3
2019-05-17,39.13,26.21,36.95
2019-05-18,35.03,23.95,48.9
2019-05-19,39.17,24.36,34.46
2019-05-20,42.05,25.13,26.76
2019-05-21,42.3,27.26,25.5
2019-05-22,43.04,27.55,24.45
2019-05-23,41.93,29.21,28.24
2019-05-24,39.4,29.03,35.38
2019-05-25,39.57,26.97,30.61
2019-05-26,41.84,25.44,24.94
2019-05-27,43.96,26.22,19.9
2019-05-28,44.96,25.4,15.52
2019-05-29,46.15,28.1,16.29
2019-05-30,47.45,28.82,13.91
2019-05-31,47.6,29.73,13.57
2019-06-01,47.87,31.03,16.3
2019-06-02,46.18,32.2,14.69
2019-06-03,46.0,30.09,15.99
2019-06-04,45.78,29.21,21.46
2019-06-05,46.06,31.5,17.07
2019-06-06,44.62,33.33,19.26
2019-06-07,44.0,27.84,20.59
2019-06-08,45.73,31.05,14.85
2019-06-09,47.3,29.67,14.93
2019-06-10,48.14,31.3,12.97
2019-06-11,47.64,30.92,14.56
2019-06-12,46.45,34.35,18.0
2019-06-13,44.4,30.88,27.02
2019-06-14,45.84,31.05,18.63
2019-06-15,45.93,29.61,23.14
2019-06-16,42.8,31.85,34.06
2019-06-17,42.07,29.93,41.94
2019-06-18,39.87,28.33,45.49
2019-06-19,41.2,27.95,38.25
2019-06-20,41.09,26.91,38.35
2019-06-21,43.1,28.96,25.91
2019-06-22,44.23,29.75,24.37
2019-06-23,43.5,30.35,36.75
2019-06-24,40.13,28.67,52.85
2019-06-25,41.6,30.81,44.27
2019-06-26,44.26,32.71,33.18
2019-06-27,44.29,31.19,29.21
2019-06-28,45.31,30.38,32.23
2019-06-29,46.0,31.7,28.29
2019-06-30,46.28,32.55,26.85
2019-07-01,45.23,32.45,26.11
2019-07-02,45.24,32.63,25.65
2019-07-03,42.52,32.84,38.51
2019-07-04,42.69,31.89,37.41
2019-07-05,40.05,30.69,47.34
2019-07-06,41.09,29.86,50.95
2019-07-07,38.78,29.39,53.41
2019-07-08,41.18,31.52,47.71
2019-07-09,37.76,29.61,58.86
2019-07-10,40.44,29.03,53.56
2019-07-11,41.08,29.55,50.41
2019-07-12,40.97,30.67,44.7
2019-07-13,41.1,31.22,42.1
2019-07-14,41.0,29.35,42.39
2019-07-15,36.84,29.65,61.06
2019-07-16,35.48,27.62,66.18
2019-07-17,35.41,27.77,66.13
2019-07-18,34.29,27.18,69.9
2019-07-19,37.68,28.53,56.68
2019-07-20,38.52,28.11,56.69
2019-07-21,36.98,28.55,62.51
2019-07-22,38.82,28.13,60.18
2019-07-23,38.36,29.74,59.55
2019-07-24,41.4,29.14,60.0
2019-07-25,32.43,27.96,78.5
2019-07-26,33.49,26.7,76.08
2019-07-27,32.91,25.92,80.19
2019-07-28,33.4,26.12,77.63
2019-07-29,35.99,27.03,72.45
2019-07-30,36.72,26.71,67.72
2019-07-31,34.99,26.63,68.89
2019-08-01,35.97,26.82,67.46
2019-08-02,34.38,27.49,78.99
2019-08-03,31.47,27.27,83.91
2019-08-04,30.85,26.66,84.78
2019-08-05,35.87,27.05,72.67
2019-08-06,34.08,28.13,75.18
2019-08-07,33.55,26.91,79.99
2019-08-08,34.35,26.6,77.19
2019-08-09,33.53,26.82,77.29
2019-08-10,32.94,25.71,79.33
2019-08-11,34.76,25.97,75.5
2019-08-12,34.02,26.3,74.37
2019-08-13,35.87,27.78,72.15
2019-08-14,34.33,27.56,76.14
2019-08-15,33.47,26.93,82.43
2019-08-16,31.64,25.66,82.44
2019-08-17,31.97,25.74,86.93
2019-08-18,31.61,25.52,86.8
2019-08-19,33.47,25.2,79.24
2019-08-20,33.39,24.96,78.17
2019-08-21,35.56,23.82,72.03
2019-08-22,34.54,24.44,69.42
2019-08-23,35.37,25.52,66.36
2019-08-24,37.39,26.78,63.56
2019-08-25,31.64,26.21,81.88
2019-08-26,34.16,25.9,75.02
2019-08-27,35.52,26.3,70.27
2019-08-28,36.2,26.63,70.53
2019-08-29,35.64,27.09,68.93
2019-08-30,34.22,26.87,72.79
2019-08-31,36.16,28.07,67.5
2019-09-01,34.0,27.2,80.35
2019-09-02,34.8,26.7,75.19
2019-09-03,36.42,27.58,65.95
2019-09-04,34.65,27.59,75.42
2019-09-05,35.41,26.46,72.63
2019-09-06,34.06,27.26,72.01
2019-09-07,32.25,27.63,79.41
2019-09-08,33.4,26.86,77.98
2019-09-09,36.63,27.28,67.66
2019-09-10,36.68,26.14,63.04
2019-09-11,37.67,24.96,56.41
2019-09-12,38.35,26.57,56.26
2019-09-13,36.51,26.33,69.42
2019-09-14,35.87,26.86,69.45
2019-09-15,36.06,25.83,68.85
2019-09-16,37.01,25.71,64.08
2019-09-17,36.31,25.72,62.71
2019-09-18,37.32,25.92,62.45
2019-09-19,33.85,24.65,69.72
2019-09-20,34.49,24.29,67.41
2019-09-21,34.68,25.04,67.61
2019-09-22,32.57,24.45,78.53
2019-09-23,33.22,22.49,71.21
2019-09-24,32.87,23.0,73.6
2019-09-25,31.39,23.65,77.18
2019-09-26,30.37,24.22,79.1
2019-09-27,30.88,23.68,79.57
2019-09-28,30.98,24.09,80.73
2019-09-29,31.56,23.12,75.99
2019-09-30,30.55,22.98,77.54
2019-10-01,32.65,22.16,71.75
2019-10-02,32.78,22.34,66.8
2019-10-03,31.33,23.51,66.03
2019-10-04,32.53,20.93,66.92
2019-10-05,32.86,20.29,62.72
2019-10-06,32.73,19.67,61.28
2019-10-07,33.72,20.58,58.36
2019-10-08,33.7,18.8,53.89
2019-10-09,33.81,19.56,52.59
2019-10-10,34.17,19.38,53.16
2019-10-11,33.73,19.44,52.93
2019-10-12,33.54,20.16,57.01
2019-10-13,33.78,21.07,53.58
2019-10-14,34.18,21.03,53.91
2019-10-15,34.48,20.95,52.14
2019-10-16,34.14,19.98,51.65
2019-10-17,34.47,20.75,52.82
2019-10-18,33.85,20.84,57.76
2019-10-19,31.99,22.18,55.11
2019-10-20,33.43,17.99,47.41
2019-10-21,32.73,17.04,48.9
2019-10-22,32.71,16.27,45.31
2019-10-23,33.59,16.81,41.77
2019-10-24,32.32,16.08,48.19
2019-10-25,31.19,16.18,56.65
2019-10-26,30.61,17.15,57.77
2019-10-27,31.64,17.13,48.49
2019-10-28,32.05,17.29,49.86
2019-10-29,30.35,19.93,49.24
2019-10-30,30.98,20.71,42.23
2019-10-31,33.06,20.12,40.97
2019-11-01,33.38,18.0,46.12
2019-11-02,32.19,18.93,47.88
2019-11-03,31.0,17.86,52.37
2019-11-04,30.91,18.1,54.12
2019-11-05,31.18,15.88,50.83
2019-11-06,31.1,17.62,43.22
2019-11-07,27.86,17.82,59.85
2019-11-08,31.16,17.7,59.19
2019-11-09,30.86,16.61,49.6
2019-11-10,29.77,15.19,44.3
2019-11-11,28.01,16.1,41.16
2019-11-12,29.17,13.1,41.5
2019-11-13,28.02,16.06,43.81
2019-11-14,29.52,17.57,48.01
2019-11-15,28.71,15.25,52.96
2019-11-16,30.14,13.79,55.83
2019-11-17,30.02,15.14,50.4
2019-11-18,26.9,13.28,52.27
2019-11-19,27.08,12.86,47.71
2019-11-20,27.93,15.06,41.92
2019-11-21,27.58,13.56,45.38
2019-11-22,27.73,14.17,47.93
2019-11-23,27.91,15.98,52.55
2019-11-24,27.68,15.72,58.38
2019-11-25,28.68,15.96,50.31
2019-11-26,28.78,16.51,54.3
2019-11-27,27.29,14.42,58.52
2019-11-28,24.33,17.41,79.52
2019-11-29,22.21,15.06,80.21
2019-11-30,24.37,11.44,64.27
2019-12-01,24.11,9.87,52.23
2019-12-02,23.92,8.27,46.21
2019-12-03,24.85,7.94,44.3
2019-12-04,24.61,8.09,38.96
2019-12-05,22.77,10.22,38.18
2019-12-06,23.5,12.21,40.5
2019-12-07,24.6,10.77,45.3
2019-12-08,24.75,12.16,49.85
2019-12-09,23.84,9.65,51.06
2019-12-10,23.73,10.26,44.54
2019-12-11,23.18,11.0,43.17
2019-12-12,19.7,13.38,62.93
2019-12-13,20.5,10.41,87.83
2019-12-14,20.03,8.08,70.02
2019-12-15,20.16,7.88,58.09
2019-12-16,18.04,6.11,69.08
2019-12-17,17.78,5.24,68.59
2019-12-18,17.85,3.85,61.57
2019-12-19,17.35,5.66,53.53
2019-12-20,19.45,7.29,53.73
2019-12-21,21.8,9.66,61.31
2019-12-22,20.51,6.14,61.69
2019-12-23,20.28,4.86,52.72
2019-12-24,18.9,5.57,50.31
2019-12-25,19.73,2.52,53.33
2019-12-26,18.28,2.92,52.22
2019-12-27,16.16,0.7,60.38
2019-12-28,15.41,0.47,56.31
2019-12-29,17.87,1.35,49.97
2019-12-30,18.36,3.11,54.65
2019-12-31,14.33,1.29,56.81
2020-01-01,19.62,4.57,48.65
2020-01-02,19.65,5.07,72.65
2020-01-03,21.05,8.32,74.02
2020-01-04,21.29,9.19,66.9
2020-01-05,21.42,7.37,54.56
2020-01-06,21.92,8.25,55.23
2020-01-07,22.06,8.71,75.14
2020-01-08,17.39,9.1,86.74
2020-01-09,17.48,4.36,67.72
2020-01-10,19.03,2.26,55.02
2020-01-11,19.54,2.03,43.57
2020-01-12,22.14,5.85,38.27
2020-01-13,25.07,6.02,57.85
2020-01-14,20.95,9.14,70.79
2020-01-15,21.9,6.34,67.25
2020-01-16,16.77,9.76,81.97
2020-01-17,19.36,8.01,76.27
2020-01-18,20.54,8.52,67.51
2020-01-19,19.8,4.85,66.46
2020-01-20,18.84,3.94,67.55
2020-01-21,20.48,6.72,50.6
2020-01-22,21.47,6.75,51.7
2020-01-23,20.5,4.83,58.68
2020-01-24,22.35,3.76,48.89
2020-01-25,21.34,4.09,47.91
2020-01-26,22.97,7.28,54.88
2020-01-27,23.74,9.82,58.08
2020-01-28,18.88,10.68,74.55
2020-01-29,21.26,8.96,68.64
2020-01-30,20.62,5.61,61.52
2020-01-31,20.38,4.54,57.77
2020-02-01,20.73,6.66,53.14
2020-02-02,20.96,4.35,59.41
2020-02-03,21.06,4.31,55.59
2020-02-04,21.29,4.83,49.46
2020-02-05,21.7,5.49,51.35
2020-02-06,20.32,4.82,53.86
2020-02-07,20.96,6.36,51.66
2020-02-08,21.72,4.34,56.28
2020-02-09,22.97,4.68,53.56
2020-02-10,22.59,5.57,48.55
2020-02-11,23.09,7.62,48.24
2020-02-12,26.37,7.02,49.44
2020-02-13,29.71,10.95,51.77
2020-02-14,26.74,11.16,47.16
2020-02-15,26.86,7.71,40.25
2020-02-16,27.62,6.95,38.31
2020-02-17,27.83,7.79,35.09
2020-02-18,27.47,6.87,35.2
2020-02-19,28.25,8.93,32.59
2020-02-20,28.66,11.69,41.89
2020-02-21,24.43,12.84,66.77
2020-02-22,23.79,10.14,69.15
2020-02-23,27.0,13.78,58.34
2020-02-24,27.38,12.41,57.48
2020-02-25,26.65,11.16,54.38
2020-02-26,27.95,10.98,58.02
2020-02-27,27.49,11.09,62.36
2020-02-28,28.64,11.92,61.01
2020-02-29,27.19,13.51,66.2
2020-03-01,28.22,14.87,65.14
2020-03-02,29.0,14.12,53.4
2020-03-03,29.61,14.18,48.75
2020-03-04,29.85,14.0,52.15
2020-03-05,26.79,14.28,71.64
2020-03-06,23.56,14.72,81.39
2020-03-07,24.27,12.04,66.53
2020-03-08,26.23,12.38,55.99
2020-03-09,26.49,10.15,55.0
2020-03-10,27.01,9.46,48.01
2020-03-11,26.78,13.15,63.72
2020-03-12,28.24,14.62,62.18
2020-03-13,28.05,12.69,43.93
2020-03-14,25.84,9.04,59.4
2020-03-15,24.93,11.02,54.72
2020-03-16,27.75,11.51,55.0
2020-03-17,29.54,12.61,51.54
2020-03-18,30.83,12.78,50.0
2020-03-19,31.45,15.54,53.47
2020-03-20,31.38,16.7,50.62
2020-03-21,32.75,17.43,44.77
2020-03-22,32.39,18.55,45.67
2020-03-23,32.45,15.76,48.31
2020-03-24,33.33,18.83,48.4
2020-03-25,33.69,17.66,48.98
2020-03-26,29.99,19.27,54.76
2020-03-27,27.95,17.92,63.23
2020-03-28,31.09,15.6,55.7
2020-03-29,31.74,15.31,45.17
2020-03-30,32.16,14.65,46.48
2020-03-31,33.85,14.64,47.46
2020-04-01,34.86,18.03,49.42
2020-04-02,32.91,16.45,46.16
2020-04-03,32.29,15.24,40.75
2020-04-04,33.84,14.41,39.21
2020-04-05,35.11,16.72,39.12
2020-04-06,35.84,18.34,34.49
2020-04-07,36.1,18.18,37.94
2020-04-08,34.58,18.8,40.49
2020-04-09,34.27,16.86,38.14
2020-04-10,35.45,19.65,35.3
2020-04-11,38.25,20.95,35.87
2020-04-12,38.27,20.66,36.52
2020-04-13,39.64,21.11,39.78
2020-04-14,40.26,26.14,36.41
2020-04-15,40.41,24.27,27.76
2020-04-16,39.84,21.85,31.38
2020-04-17,38.18,23.29,30.04
2020-04-18,38.79,21.89,32.88
2020-04-19,36.78,22.0,40.73
2020-04-20,29.72,21.61,48.49
2020-04-21,34.8,20.46,44.75
2020-04-22,36.85,20.01,35.47
2020-04-23,34.82,24.12,36.28
2020-04-24,38.27,22.06,32.51
2020-04-25,38.01,24.9,29.52
2020-04-26,38.48,23.5,41.13
2020-04-27,35.75,20.59,51.82
2020-04-28,35.03,21.73,48.66
2020-04-29,37.34,24.0,40.89
2020-04-30,39.38,24.89,40.54
2020-05-01,40.42,24.82,39.08
2020-05-02,40.58,24.66,38.61
2020-05-03,38.62,24.46,43.39
2020-05-04,37.8,23.8,48.83
2020-05-05,38.11,24.99,41.75
2020-05-06,38.53,25.53,35.47
2020-05-07,37.77,23.13,45.41
2020-05-08,40.48,23.68,33.04
2020-05-09,41.47,24.33,30.61
2020-05-10,41.54,24.8,44.02
2020-05-11,36.18,22.93,46.03
2020-05-12,38.39,23.85,37.9
2020-05-13,38.94,27.39,34.93
2020-05-14,40.49,26.87,35.71
2020-05-15,41.13,26.48,33.82
2020-05-16,41.09,24.99,28.31
2020-05-17,42.74,24.43,25.48
2020-05-18,42.68,25.73,22.57
2020-05-19,42.77,24.55,17.27
2020-05-20,41.85,24.4,18.47
2020-05-21,43.76,23.42,17.42
2020-05-22,45.63,25.43,15.93
2020-05-23,46.66,30.26,15.66
2020-05-24,46.47,29.51,15.52
2020-05-25,46.09,29.31,18.47
2020-05-26,47.42,29.81,15.49
2020-05-27,47.23,30.39,14.54
2020-05-28,43.54,29.91,26.53
2020-05-29,41.19,28.45,32.66
2020-05-30,36.89,26.72,43.82
2020-05-31,34.85,24.8,55.57
2020-06-01,36.84,25.32,50.07
2020-06-02,37.7,26.28,45.23
2020-06-03,39.58,26.41,40.7
2020-06-04,38.37,26.75,47.52
2020-06-05,37.15,25.58,48.71
2020-06-06,36.06,26.01,46.92
2020-06-07,36.78,28.03,47.06
2020-06-08,39.38,27.32,42.82
2020-06-09,41.95,28.36,38.61
2020-06-10,43.35,29.28,36.95
2020-06-11,41.98,30.05,37.36
2020-06-12,42.98,31.33,35.85
2020-06-13,42.49,30.98,35.26
2020-06-14,41.75,30.03,37.18
2020-06-15,43.11,29.68,33.6
2020-06-16,43.56,30.64,24.35
2020-06-17,42.73,28.89,28.93
2020-06-18,44.29,29.78,31.28
2020-06-19,44.02,30.27,31.93
2020-06-20,43.07,31.79,34.46
2020-06-21,41.68,28.96,42.69
2020-06-22,38.62,30.01,47.89
2020-06-23,40.12,30.01,49.71
2020-06-24,37.45,29.33,58.96
2020-06-25,40.15,30.08,54.81
2020-06-26,40.54,30.28,54.76
2020-06-27,43.27,31.72,39.75
2020-06-28,42.75,31.53,38.99
2020-06-29,43.16,32.03,36.9
2020-06-30,39.56,30.64,49.62
2020-07-01,41.42,30.46,44.8
2020-07-02,40.67,31.62,45.85
2020-07-03,42.16,31.83,45.15
2020-07-04,43.36,31.99,44.15
2020-07-05,33.25,29.09,69.04
2020-07-06,38.37,28.55,53.64
2020-07-07,32.84,26.43,69.84
2020-07-08,35.9,26.42,67.13
2020-07-09,38.25,28.41,59.02
2020-07-10,42.35,29.82,48.42
2020-07-11,39.64,29.41,52.15
2020-07-12,36.82,30.5,57.19
2020-07-13,39.57,28.41,54.58
2020-07-14,41.36,29.41,45.06
2020-07-15,40.02,29.89,49.81
2020-07-16,39.43,28.5,54.73
2020-07-17,36.07,29.41,64.36
2020-07-18,37.3,28.9,64.27
2020-07-19,35.56,29.2,70.35
2020-07-20,38.55,29.27,61.08
2020-07-21,34.83,28.03,72.15
2020-07-22,31.1,25.97,82.11
2020-07-23,35.05,24.86,69.45
2020-07-24,35.34,25.81,66.57
2020-07-25,35.27,25.89,69.98
2020-07-26,35.74,26.2,70.96
2020-07-27,38.14,28.1,59.49
2020-07-28,38.59,28.95,61.7
2020-07-29,38.35,27.16,67.28
2020-07-30,32.0,26.03,80.17
2020-07-31,34.66,26.74,74.8
2020-08-01,34.84,27.5,70.23
2020-08-02,36.13,27.27,66.49
2020-08-03,36.91,27.88,68.15
2020-08-04,37.66,28.23,67.88
2020-08-05,35.04,28.36,70.77
2020-08-06,36.86,27.13,70.14
2020-08-07,35.87,26.65,71.99
2020-08-08,36.58,28.01,68.19
2020-08-09,35.81,29.28,68.06
2020-08-10,34.59,27.41,78.02
2020-08-11,31.88,27.23,85.53
2020-08-12,34.88,27.48,79.06
2020-08-13,32.62,27.19,87.46
2020-08-14,31.47,26.55,87.63
2020-08-15,33.98,26.33,80.26
2020-08-16,35.28,26.53,78.65
2020-08-17,35.57,27.16,77.07
2020-08-18,34.6,27.1,80.73
2020-08-19,32.51,27.57,84.86
2020-08-20,30.35,26.01,90.13
2020-08-21,32.56,25.09,81.39
2020-08-22,32.8,24.54,81.03
2020-08-23,32.99,24.83,82.92
2020-08-24,33.14,25.48,80.1
2020-08-25,33.93,25.32,79.91
2020-08-26,34.52,26.33,76.93
2020-08-27,32.97,26.13,81.61
2020-08-28,33.27,26.46,79.08
2020-08-29,33.15,25.45,80.06
2020-08-30,31.46,25.54,81.54
2020-08-31,33.41,24.62,76.99
2020-09-01,34.86,24.66,75.65
2020-09-02,33.12,25.51,78.06
2020-09-03,33.58,25.87,78.3
2020-09-04,34.41,25.95,76.28
2020-09-05,34.11,25.94,74.73
2020-09-06,33.3,25.74,74.8
2020-09-07,34.72,25.55,72.21
2020-09-08,35.33,25.26,70.64
2020-09-09,35.75,25.03,66.45
2020-09-10,36.33,25.36,65.53
2020-09-11,37.76,25.2,62.95
2020-09-12,36.45,24.37,62.61
2020-09-13,37.28,25.56,58.41
2020-09-14,36.09,26.3,55.98
2020-09-15,36.68,25.18,54.07
2020-09-16,38.11,25.34,57.27
2020-09-17,38.06,25.59,57.11
2020-09-18,38.32,25.63,53.55
2020-09-19,38.26,27.26,51.78
2020-09-20,38.02,25.13,55.09
2020-09-21,38.42,24.69,51.79
2020-09-22,37.56,25.59,60.02
2020-09-23,35.75,26.01,64.69
2020-09-24,37.25,26.17,57.44
2020-09-25,37.91,23.74,45.9
2020-09-26,36.94,24.35,46.85
2020-09-27,37.27,23.0,46.65
2020-09-28,37.51,23.1,43.04
2020-09-29,37.34,21.02,45.66
2020-09-30,36.97,20.49,46.09
2020-10-01,37.49,20.37,41.74
2020-10-02,37.73,20.74,38.92
2020-10-03,37.26,20.14,36.83
2020-10-04,36.57,19.84,36.03
2020-10-05,37.61,19.01,36.51
2020-10-06,37.38,18.43,34.67
2020-10-07,37.48,19.62,34.79
2020-10-08,36.78,20.06,34.8
2020-10-09,36.64,20.35,36.76
2020-10-10,36.25,20.75,39.89
2020-10-11,36.79,19.45,39.49
2020-10-12,36.09,20.59,36.59
2020-10-13,35.67,21.88,38.25
2020-10-14,35.95,22.13,41.65
2020-10-15,36.35,21.72,36.95
2020-10-16,35.66,20.49,33.16
2020-10-17,35.65,20.57,31.91
2020-10-18,35.16,19.28,31.77
2020-10-19,35.12,18.19,31.35
2020-10-20,35.18,16.28,27.29
2020-10-21,35.53,18.78,23.42
2020-10-22,34.94,21.3,31.78
2020-10-23,35.05,18.62,32.75
2020-10-24,34.09,19.53,27.27
2020-10-25,34.23,17.94,24.73
2020-10-26,33.52,17.51,26.47
2020-10-27,32.33,16.19,30.0
2020-10-28,32.07,15.45,24.15
2020-10-29,31.8,15.7,25.93
2020-10-30,32.5,14.8,28.33
2020-10-31,31.4,14.79,29.39
2020-11-01,30.21,14.56,23.45
2020-11-02,31.13,13.24,25.39
2020-11-03,31.23,14.43,23.74
2020-11-04,30.57,14.69,25.87
2020-11-05,31.59,13.7,24.58
2020-11-06,31.95,14.08,24.8
2020-11-07,30.95,13.72,28.4
2020-11-08,30.36,15.19,29.6
2020-11-09,29.33,12.94,33.23
2020-11-10,30.65,15.14,28.72
2020-11-11,29.77,14.18,32.78
2020-11-12,29.95,15.12,38.93
2020-11-13,29.78,14.74,36.59
2020-11-14,29.75,15.5,31.49
2020-11-15,30.54,16.04,41.19
2020-11-16,26.83,15.61,65.18
2020-11-17,27.06,13.53,56.22
2020-11-18,26.05,12.39,45.1
2020-11-19,25.64,12.25,36.83
2020-11-20,26.41,9.87,35.19
2020-11-21,25.61,9.45,37.13
2020-11-22,25.38,8.74,28.39
2020-11-23,26.64,9.89,22.88
2020-11-24,26.42,11.8,23.67
2020-11-25,25.27,13.34,27.09
2020-11-26,25.62,11.64,50.54
2020-11-27,27.78,10.09,44.13
2020-11-28,26.56,9.21,41.63
2020-11-29,26.51,8.71,34.17
2020-11-30,26.95,10.56,33.06
2020-12-01,26.65,9.69,39.08
2020-12-02,27.78,10.22,43.13
2020-12-03,27.64,10.23,45.52
2020-12-04,28.53,14.18,34.27
2020-12-05,29.84,11.49,30.46
2020-12-06,29.09,13.73,35.32
2020-12-07,28.99,11.65,38.12
2020-12-08,28.09,13.06,38.14
2020-12-09,29.53,12.35,37.86
2020-12-10,29.43,13.06,44.8
2020-12-11,29.26,13.36,45.22
2020-12-12,24.98,14.7,59.32
2020-12-13,22.88,10.21,51.71
2020-12-14,21.99,6.55,46.52
2020-12-15,20.1,5.95,45.29
2020-12-16,21.61,6.98,39.86
2020-12-17,18.11,3.62,36.6
2020-12-18,21.24,3.94,33.4
2020-12-19,23.78,4.68,29.62
2020-12-20,23.42,5.91,28.49
2020-12-21,21.22,6.89,38.52
2020-12-22,24.61,8.61,34.77
2020-12-23,24.94,7.57,36.77
2020-12-24,23.91,7.11,40.37
2020-12-25,22.98,6.16,40.0
2020-12-26,23.8,6.18,38.05
2020-12-27,23.89,10.31,34.17
2020-12-28,20.18,5.16,34.04
2020-12-29,20.78,4.58,40.33
2020-12-30,19.11,4.56,48.21
2020-12-31,21.72,3.05,39.56
2021-01-01,21.55,4.65,31.89
2021-01-02,17.63,11.47,53.98
2021-01-03,21.12,12.21,87.44
2021-01-04,26.26,11.53,76.5
2021-01-05,24.13,13.84,73.36
2021-01-06,21.19,12.45,74.58
2021-01-07,21.84,9.95,76.34
2021-01-08,24.07,8.61,71.88
2021-01-09,23.2,10.63,64.41
2021-01-10,19.45,8.57,58.13
2021-01-11,19.8,4.5,53.02
2021-01-12,20.74,4.3,48.85
2021-01-13,19.4,3.68,46.81
2021-01-14,20.21,4.95,39.14
2021-01-15,19.92,6.68,37.15
2021-01-16,22.04,3.38,45.45
2021-01-17,18.29,5.08,48.03
2021-01-18,18.63,9.99,40.97
2021-01-19,24.35,7.9,49.95
2021-01-20,23.91,7.34,50.16
2021-01-21,23.76,6.04,51.09
2021-01-22,23.33,6.65,41.61
2021-01-23,22.53,6.61,40.74
2021-01-24,20.72,6.31,55.76
2021-01-25,20.31,3.15,50.87
2021-01-26,21.23,4.71,49.09
2021-01-27,21.82,4.88,44.89
2021-01-28,21.24,4.25,40.75
2021-01-29,21.71,3.56,41.0
2021-01-30,23.06,3.99,40.98
2021-01-31,23.85,5.31,34.11
2021-02-01,26.03,9.96,32.33
2021-02-02,26.72,7.81,34.59
2021-02-03,26.4,7.82,39.76
2021-02-04,24.54,10.51,55.01
2021-02-05,23.31,8.31,64.45
2021-02-06,23.75,6.91,50.01
2021-02-07,23.95,7.21,48.46
2021-02-08,25.32,7.07,47.19
2021-02-09,26.85,8.45,42.11
2021-02-10,28.31,12.99,37.49
2021-02-11,26.72,10.16,42.78
2021-02-12,25.28,11.71,44.74
2021-02-13,27.09,11.12,36.03
2021-02-14,27.93,13.32,32.4
2021-02-15,29.14,14.12,31.05
2021-02-16,29.47,12.3,37.21
2021-02-17,28.51,11.22,40.96
2021-02-18,28.85,11.78,33.83
2021-02-19,28.39,10.52,37.18
2021-02-20,28.07,9.88,37.4
2021-02-21,29.04,9.42,37.8
2021-02-22,30.42,12.0,33.36
2021-02-23,32.31,14.08,29.39
2021-02-24,33.36,15.99,26.88
2021-02-25,33.44,14.26,29.05
2021-02-26,34.33,14.34,31.53
2021-02-27,33.08,16.68,36.86
2021-02-28,32.55,15.11,30.13
2021-03-01,30.58,13.08,22.95
2021-03-02,30.66,12.37,23.79
2021-03-03,33.18,12.81,20.64
2021-03-04,34.66,17.75,19.09
2021-03-05,33.21,14.8,20.91
2021-03-06,34.99,15.4,18.83
2021-03-07,36.17,16.04,18.83
2021-03-08,34.42,16.76,24.21
2021-03-09,35.25,19.39,24.96
2021-03-10,34.52,19.39,30.75
2021-03-11,35.5,18.28,23.64
2021-03-12,29.78,18.57,42.65
2021-03-13,33.44,15.55,52.5
2021-03-14,33.8,18.01,29.45
2021-03-15,33.81,17.23,27.41
2021-03-16,34.69,17.64,28.67
2021-03-17,35.95,18.61,28.75
2021-03-18,36.85,19.72,26.82
2021-03-19,35.98,22.02,28.85
2021-03-20,35.76,18.68,25.74
2021-03-21,37.21,19.52,24.73
2021-03-22,34.99,20.65,25.02
2021-03-23,36.33,21.91,26.88
2021-03-24,34.58,19.2,26.77
2021-03-25,33.12,16.79,27.82
2021-03-26,34.27,16.03,29.2
2021-03-27,37.29,17.4,25.45
2021-03-28,39.0,20.09,21.9
2021-03-29,41.3,19.98,18.78
2021-03-30,40.03,23.29,16.8
2021-03-31,38.0,19.48,11.49
2021-04-01,36.95,16.34,7.3
2021-04-02,36.73,15.87,9.19
2021-04-03,36.71,15.44,6.84
2021-04-04,38.87,16.47,8.62
2021-04-05,38.82,19.31,12.56
2021-04-06,40.26,21.06,12.74
2021-04-07,38.73,21.99,23.43
2021-04-08,37.06,18.9,14.89
2021-04-09,38.2,17.94,13.37
2021-04-10,38.55,19.39,14.92
2021-04-11,40.06,19.23,15.57
2021-04-12,39.83,22.76,16.37
2021-04-13,40.97,23.25,18.03
2021-04-14,41.64,23.44,19.51
2021-04-15,41.26,25.94,17.12
2021-04-16,41.64,24.51,19.77
2021-04-17,37.41,22.25,31.78
2021-04-18,38.1,21.17,27.62
2021-04-19,39.74,22.41,20.84
2021-04-20,35.44,22.58,23.21
2021-04-21,34.92,21.02,32.17
2021-04-22,34.86,19.34,32.2
2021-04-23,38.2,21.48,24.16
2021-04-24,36.83,18.38,28.25
2021-04-25,39.35,19.12,17.59
2021-04-26,41.29,19.84,13.63
2021-04-27,43.07,24.77,13.85
2021-04-28,43.9,24.75,13.15
2021-04-29,43.61,26.36,17.88
2021-04-30,42.45,26.21,17.1
2021-05-01,41.73,26.23,19.57
2021-05-02,40.8,27.06,21.42
2021-05-03,40.6,28.28,23.81
2021-05-04,42.09,26.45,20.39
2021-05-05,41.01,25.35,20.14
2021-05-06,41.23,24.36,29.94
2021-05-07,38.01,25.65,35.56
2021-05-08,38.98,25.65,29.22
2021-05-09,40.48,24.29,26.83
2021-05-10,40.68,28.77,24.96
2021-05-11,41.26,25.67,25.38
2021-05-12,40.17,28.64,24.67
2021-05-13,35.64,25.91,36.53
2021-05-14,38.57,25.12,32.87
2021-05-15,40.29,26.81,26.98
2021-05-16,41.98,26.2,21.22
2021-05-17,38.38,27.44,22.31
2021-05-18,33.92,26.36,38.56
2021-05-19,31.49,22.04,67.6
2021-05-20,30.46,21.28,74.53
2021-05-21,34.97,21.07,57.33
2021-05-22,36.73,23.62,52.14
2021-05-23,36.37,21.56,45.34
2021-05-24,37.26,21.86,38.26
2021-05-25,40.37,22.42,36.13
2021-05-26,40.63,23.47,34.92
2021-05-27,41.35,24.22,29.87
2021-05-28,39.86,23.32,36.89
2021-05-29,39.0,24.75,52.33
2021-05-30,38.74,25.32,53.2
2021-05-31,41.08,27.91,39.83
2021-06-01,36.19,27.02,45.88
2021-06-02,38.42,24.91,40.34
2021-06-03,38.37,26.8,41.23
2021-06-04,40.19,27.09,41.36
2021-06-05,40.46,28.1,42.31
2021-06-06,39.54,27.59,44.34
2021-06-07,41.66,27.46,41.06
2021-06-08,42.79,29.03,37.89
2021-06-09,43.11,29.42,38.4
2021-06-10,38.95,29.06,51.79
2021-06-11,38.96,27.4,56.1
2021-06-12,38.28,27.8,58.37
2021-06-13,37.04,25.53,60.6
2021-06-14,39.16,27.81,43.91
2021-06-15,40.27,25.46,49.43
2021-06-16,36.28,28.06,52.88
2021-06-17,35.0,27.38,56.66
2021-06-18,36.7,26.45,57.42
2021-06-19,33.66,26.35,61.65
2021-06-20,35.58,25.24,62.29
2021-06-21,39.19,26.54,47.51
2021-06-22,40.58,26.57,42.91
2021-06-23,40.72,28.12,41.47
2021-06-24,39.71,27.12,45.37
2021-06-25,40.36,26.1,44.71
2021-06-26,39.18,25.06,43.08
2021-06-27,40.11,26.32,44.51
2021-06-28,40.43,27.36,44.13
2021-06-29,43.39,28.87,34.83
2021-06-30,44.31,29.03,33.63
2021-07-01,43.39,29.93,35.46
2021-07-02,42.7,30.63,38.87
2021-07-03,41.03,27.76,50.2
2021-07-04,40.3,28.6,43.51
2021-07-05,41.44,29.07,39.67
2021-07-06,42.15,29.93,40.39
2021-07-07,43.47,30.31,38.41
2021-07-08,43.35,31.02,36.94
2021-07-09,39.76,30.04,49.78
2021-07-10,39.94,29.81,46.81
2021-07-11,38.05,29.82,56.85
2021-07-12,35.24,27.94,62.1
2021-07-13,33.23,27.17,72.68
2021-07-14,33.34,26.96,75.3
2021-07-15,38.22,26.22,61.98
2021-07-16,39.06,28.96,55.93
2021-07-17,38.96,29.0,56.4
2021-07-18,36.47,27.75,72.71
2021-07-19,31.04,26.56,90.13
2021-07-20,30.38,25.8,87.79
2021-07-21,31.34,26.46,86.74
2021-07-22,34.37,25.68,81.28
2021-07-23,32.47,26.75,85.05
2021-07-24,34.14,26.81,78.82
2021-07-25,35.08,27.73,77.0
2021-07-26,31.43,26.81,82.74
2021-07-27,32.73,26.64,84.81
2021-07-28,29.93,26.24,88.46
2021-07-29,30.98,25.53,87.39
2021-07-30,31.72,26.09,87.25
2021-07-31,31.65,26.1,84.79
2021-08-01,33.24,26.5,76.21
2021-08-02,31.84,26.74,84.09
2021-08-03,32.3,26.14,84.96
2021-08-04,32.0,25.59,85.0
2021-08-05,32.07,25.28,84.04
2021-08-06,31.97,26.08,76.63
2021-08-07,28.33,25.06,87.48
2021-08-08,32.74,25.5,80.03
2021-08-09,30.84,26.26,83.08
2021-08-10,34.01,25.72,81.29
2021-08-11,33.71,24.57,76.98
2021-08-12,33.51,24.11,78.56
2021-08-13,33.88,25.68,79.19
2021-08-14,34.73,25.64,80.39
2021-08-15,34.44,24.93,76.03
2021-08-16,34.11,25.31,73.45
2021-08-17,34.92,25.73,70.01
2021-08-18,34.61,25.36,72.37
2021-08-19,34.27,25.37,78.25
2021-08-20,29.32,25.22,90.53
2021-08-21,31.12,25.29,90.34
2021-08-22,32.27,25.58,85.24
2021-08-23,32.28,25.59,82.74
2021-08-24,31.0,26.11,82.74
2021-08-25,32.64,25.08,80.95
2021-08-26,33.32,23.51,80.38
2021-08-27,34.37,24.91,74.34
2021-08-28,33.6,25.21,78.76
2021-08-29,33.25,24.87,82.71
2021-08-30,31.63,24.8,85.41
2021-08-31,31.51,23.75,87.03
2021-09-01,29.83,24.16,88.3
2021-09-02,29.29,23.92,89.38
2021-09-03,29.91,24.37,89.41
2021-09-04,30.3,25.52,87.15
2021-09-05,32.44,25.13,83.91
2021-09-06,33.01,24.76,84.59
2021-09-07,32.26,25.92,87.35
2021-09-08,31.04,25.45,86.82
2021-09-09,31.06,24.7,87.05
2021-09-10,29.91,24.58,88.74
2021-09-11,28.68,24.99,92.99
2021-09-12,28.83,24.8,88.72
2021-09-13,31.7,23.67,82.46
2021-09-14,32.58,23.36,79.73
2021-09-15,32.65,23.11,83.6
2021-09-16,30.4,23.8,86.03
2021-09-17,29.75,22.93,86.37
2021-09-18,31.09,23.17,87.1
2021-09-19,31.36,24.26,86.11
2021-09-20,32.66,23.84,85.83
2021-09-21,32.0,24.84,85.98
2021-09-22,29.19,24.66,91.73
2021-09-23,28.89,23.24,88.73
2021-09-24,31.14,21.76,83.82
2021-09-25,31.43,23.65,84.86
2021-09-26,30.9,23.64,86.6
2021-09-27,31.99,22.87,81.98
2021-09-28,31.73,23.55,84.15
2021-09-29,30.42,23.27,85.82
2021-09-30,31.35,23.81,84.59
2021-10-01,32.41,24.45,81.8
2021-10-02,32.74,24.67,80.0
2021-10-03,33.12,23.94,80.49
2021-10-04,33.26,24.75,73.35
2021-10-05,32.95,23.09,79.91
2021-10-06,32.2,23.02,81.48
2021-10-07,31.75,20.77,78.61
2021-10-08,32.61,20.3,70.4
2021-10-09,33.02,20.12,65.04
2021-10-10,33.77,20.99,61.95
2021-10-11,34.32,19.28,63.19
2021-10-12,33.61,20.39,66.23
2021-10-13,32.26,18.53,67.35
2021-10-14,31.6,16.07,64.66
2021-10-15,33.06,18.04,65.03
2021-10-16,32.56,19.85,60.81
2021-10-17,31.17,22.21,74.57
2021-10-18,25.33,20.46,93.11
2021-10-19,27.73,19.44,83.32
2021-10-20,29.35,16.77,74.72
2021-10-21,29.3,14.55,67.54
2021-10-22,29.97,15.46,69.17
2021-10-23,29.52,17.21,80.1
2021-10-24,27.96,17.87,78.96
2021-10-25,27.43,17.53,80.04
2021-10-26,26.54,15.04,72.63
2021-10-27,26.55,14.58,68.46
2021-10-28,26.71,13.49,69.23
2021-10-29,27.69,16.19,58.89
2021-10-30,27.22,13.13,71.35
2021-10-31,27.6,12.85,64.25
2021-11-01,28.29,12.48,67.24
2021-11-02,27.13,12.49,73.43
2021-11-03,27.19,13.52,74.27
2021-11-04,25.93,14.29,70.07
2021-11-05,25.95,14.4,63.49
2021-11-06,25.75,12.43,68.92
2021-11-07,26.22,12.88,68.12
2021-11-08,26.13,12.55,68.52
2021-11-09,26.32,12.32,66.82
2021-11-10,27.27,13.88,60.41
2021-11-11,27.18,14.48,55.51
2021-11-12,25.84,13.96,59.08
2021-11-13,25.9,10.67,63.55
2021-11-14,25.49,10.5,56.44
2021-11-15,24.73,11.45,55.82
2021-11-16,24.4,9.05,59.55
2021-11-17,23.9,11.1,54.17
2021-11-18,23.83,10.59,56.22
2021-11-19,24.49,10.48,56.13
2021-11-20,18.02,12.56,74.49
2021-11-21,25.33,9.78,67.6
2021-11-22,25.07,9.23,59.92
2021-11-23,24.59,8.31,52.59
2021-11-24,25.36,9.28,54.77
2021-11-25,25.26,8.1,61.67
2021-11-26,24.75,12.59,56.03
2021-11-27,23.18,9.78,69.96
2021-11-28,24.53,11.12,66.21
2021-11-29,25.14,11.32,61.4
2021-11-30,24.24,8.71,60.09
2021-12-01,18.6,12.06,66.52
2021-12-02,18.92,10.75,69.75
2021-12-03,21.32,9.97,59.67
2021-12-04,25.03,11.63,52.07
2021-12-05,25.38,11.29,61.05
2021-12-06,24.43,12.57,71.02
2021-12-07,23.53,8.73,66.55
2021-12-08,23.23,7.6,57.26
2021-12-09,22.81,10.39,52.27
2021-12-10,22.73,9.42,63.08
2021-12-11,22.65,6.73,54.96
2021-12-12,21.53,10.59,52.54
2021-12-13,17.07,8.09,68.96
2021-12-14,20.71,6.75,67.35
2021-12-15,21.64,7.22,63.63
2021-12-16,20.43,6.81,57.88
2021-12-17,18.69,4.26,57.21
2021-12-18,17.45,2.65,50.5
2021-12-19,17.77,1.34,50.02
2021-12-20,18.92,1.3,44.72
2021-12-21,20.96,6.44,39.03
2021-12-22,21.65,7.56,43.99
2021-12-23,21.52,7.33,50.91
2021-12-24,22.16,6.68,58.81
2021-12-25,21.44,8.64,57.25
2021-12-26,19.2,9.23,65.98
2021-12-27,21.9,10.75,69.4
2021-12-28,19.79,10.74,75.1
2021-12-29,20.92,7.76,68.88
2021-12-30,19.09,5.1,48.55
2021-12-31,19.2,4.31,52.23
2022-01-01,20.06,4.74,51.69
2022-01-02,21.01,6.8,53.86
2022-01-03,21.62,7.12,50.34
2022-01-04,23.64,9.08,48.2
2022-01-05,16.92,10.83,68.57
2022-01-06,17.47,10.53,86.68
2022-01-07,19.06,10.84,88.36
2022-01-08,18.3,12.87,91.91
2022-01-09,18.94,10.31,91.16
2022-01-10,17.6,6.34,81.0
2022-01-11,18.17,4.52,75.84
2022-01-12,18.01,4.8,77.28
2022-01-13,17.82,6.18,75.83
2022-01-14,17.8,6.69,78.08
2022-01-15,17.92,4.95,78.34
2022-01-16,17.98,4.26,69.72
2022-01-17,17.37,5.57,70.24
2022-01-18,18.53,3.97,76.04
2022-01-19,16.65,4.84,77.95
2022-01-20,18.12,7.67,78.1
2022-01-21,20.18,8.64,77.23
2022-01-22,13.83,8.17,89.11
2022-01-23,15.79,9.27,87.92
2022-01-24,15.81,4.78,80.61
2022-01-25,16.16,5.09,82.9
2022-01-26,16.38,5.17,82.38
2022-01-27,18.62,4.17,73.47
2022-01-28,19.47,3.37,63.86
2022-01-29,20.99,4.1,61.96
2022-01-30,22.13,5.78,67.69
2022-01-31,23.47,7.43,60.51
2022-02-01,23.27,8.61,62.99
2022-02-02,21.74,5.14,60.32
2022-02-03,18.02,7.87,72.66
2022-02-04,16.97,7.18,85.13
2022-02-05,19.58,5.05,71.1
2022-02-06,21.46,5.56,58.74
2022-02-07,23.83,6.11,60.52
2022-02-08,23.79,10.39,66.26
2022-02-09,17.78,10.73,88.45
2022-02-10,21.27,6.19,73.3
2022-02-11,20.87,6.01,63.74
2022-02-12,22.87,5.26,57.62
2022-02-13,23.82,7.78,49.79
2022-02-14,24.12,8.29,54.54
2022-02-15,24.89,8.43,57.54
2022-02-16,25.47,10.19,55.11
2022-02-17,25.77,9.48,55.68
2022-02-18,26.72,10.01,51.73
2022-02-19,25.34,9.0,55.98
2022-02-20,24.17,8.31,55.86
2022-02-21,25.85,6.95,47.17
2022-02-22,27.13,8.74,52.83
2022-02-23,23.8,10.25,61.15
2022-02-24,25.91,10.26,63.03
2022-02-25,27.85,12.2,55.2
2022-02-26,24.23,11.25,64.97
2022-02-27,25.71,11.17,63.0
2022-02-28,25.64,8.25,57.24
2022-03-01,27.06,9.13,47.73
2022-03-02,27.45,12.08,48.71
2022-03-03,28.87,12.03,48.23
2022-03-04,27.14,12.83,58.76
2022-03-05,28.2,10.11,57.04
2022-03-06,27.01,12.51,48.31
2022-03-07,29.63,14.27,46.45
2022-03-08,31.12,15.03,46.47
2022-03-09,32.17,13.2,46.1
2022-03-10,30.77,13.81,47.65
2022-03-11,31.56,13.89,49.44
2022-03-12,31.69,12.86,45.53
2022-03-13,33.64,15.81,43.0
2022-03-14,34.36,17.92,45.33
2022-03-15,36.16,19.05,46.54
2022-03-16,37.24,16.94,44.93
2022-03-17,36.46,17.14,45.29
2022-03-18,36.44,19.34,49.39
2022-03-19,37.51,19.73,41.2
2022-03-20,38.85,20.36,36.97
2022-03-21,37.42,21.9,36.23
2022-03-22,37.05,18.86,36.66
2022-03-23,37.22,17.76,31.33
2022-03-24,36.59,20.28,32.83
2022-03-25,37.21,18.42,32.66
2022-03-26,36.84,17.21,30.66
2022-03-27,38.83,15.73,25.49
2022-03-28,39.05,19.76,21.92
2022-03-29,40.91,20.07,24.92
2022-03-30,40.87,21.36,24.41
2022-03-31,41.26,19.8,27.67
2022-04-01,39.02,19.49,24.84
2022-04-02,39.79,20.52,20.27
2022-04-03,41.15,18.09,18.98
2022-04-04,40.35,20.44,17.78
2022-04-05,40.85,19.9,19.83
2022-04-06,41.27,21.23,18.38
2022-04-07,41.7,22.96,17.95
2022-04-08,42.9,23.92,17.08
2022-04-09,43.38,26.43,15.61
2022-04-10,43.82,23.17,17.08
2022-04-11,43.78,24.61,15.69
2022-04-12,42.93,27.51,14.35
2022-04-13,41.9,22.68,18.04
2022-04-14,41.73,22.84,17.32
2022-04-15,41.43,22.94,18.63
2022-04-16,41.9,23.74,14.92
2022-04-17,42.23,21.97,16.6
2022-04-18,43.82,23.24,14.1
2022-04-19,43.86,26.59,14.11
2022-04-20,43.29,25.97,17.46
2022-04-21,35.69,25.52,30.48
2022-04-22,40.53,23.22,27.41
2022-04-23,41.29,24.0,16.62
2022-04-24,41.88,23.63,16.62
2022-04-25,42.74,24.61,15.76
2022-04-26,43.09,27.84,14.87
2022-04-27,43.93,26.59,11.9
2022-04-28,45.85,26.26,10.67
2022-04-29,46.22,26.98,13.12
2022-04-30,45.85,26.75,10.88
2022-05-01,44.19,27.73,13.41
2022-05-02,43.62,27.17,19.12
2022-05-03,42.45,26.89,22.8
2022-05-04,42.49,28.41,24.61
2022-05-05,39.22,26.15,34.95
2022-05-06,41.29,26.5,28.74
2022-05-07,41.89,27.26,24.03
2022-05-08,42.61,26.47,20.21
2022-05-09,42.29,26.6,27.55
2022-05-10,41.89,28.37,33.02
2022-05-11,43.02,28.28,31.65
2022-05-12,44.44,29.97,28.59
2022-05-13,46.21,28.71,19.95
2022-05-14,47.11,29.78,12.47
2022-05-15,47.49,28.66,10.53
2022-05-16,44.58,29.48,13.64
2022-05-17,43.95,27.4,15.13
2022-05-18,43.69,28.52,16.75
2022-05-19,45.5,28.77,16.1
2022-05-20,46.78,29.97,14.61
2022-05-21,44.37,27.92,22.12
2022-05-22,42.62,25.71,21.34
2022-05-23,38.03,23.6,39.39
2022-05-24,34.34,23.01,54.26
2022-05-25,36.93,24.2,44.22
2022-05-26,39.03,25.02,39.34
2022-05-27,40.72,26.88,37.21
2022-05-28,43.53,29.5,33.59
2022-05-29,42.91,26.44,33.99
2022-05-30,41.86,26.29,39.21
2022-05-31,41.53,26.29,30.13
2022-06-01,44.39,29.28,23.79
2022-06-02,43.69,27.2,21.66
2022-06-03,44.32,28.53,19.68
2022-06-04,44.77,29.55,16.84
2022-06-05,45.01,27.47,19.28
2022-06-06,44.58,28.53,15.24
2022-06-07,45.91,30.49,15.74
2022-06-08,45.26,29.36,17.91
2022-06-09,45.13,29.52,18.98
2022-06-10,45.55,30.67,20.43
2022-06-11,45.96,29.65,20.46
2022-06-12,46.01,30.59,20.51
2022-06-13,45.91,32.15,20.56
2022-06-14,44.23,32.7,31.84
2022-06-15,44.86,32.44,32.0
2022-06-16,42.87,31.75,35.62
2022-06-17,37.71,29.81,55.03
2022-06-18,36.33,27.23,57.97
2022-06-19,35.65,25.54,58.84
2022-06-20,38.45,26.42,41.42
2022-06-21,37.61,26.68,41.32
2022-06-22,39.72,27.75,41.08
2022-06-23,40.58,27.62,38.36
2022-06-24,41.38,25.16,31.36
2022-06-25,42.03,26.95,28.69
2022-06-26,42.0,27.34,30.69
2022-06-27,41.52,31.07,42.39
2022-06-28,43.58,32.1,37.93
2022-06-29,44.75,32.35,39.37
2022-06-30,34.48,27.31,74.53
2022-07-01,35.91,26.35,70.42
2022-07-02,37.55,27.16,60.74
2022-07-03,38.59,28.37,56.24
2022-07-04,39.03,29.83,54.6
2022-07-05,36.82,29.98,53.58
2022-07-06,39.95,28.94,49.95
2022-07-07,40.63,30.04,48.39
2022-07-08,41.88,30.76,45.96
2022-07-09,35.71,28.84,55.44
2022-07-10,38.69,27.41,57.0
2022-07-11,39.9,28.72,52.85
2022-07-12,37.42,29.9,59.13
2022-07-13,39.57,28.78,54.07
2022-07-14,40.27,29.37,51.59
2022-07-15,40.64,30.26,46.73
2022-07-16,37.05,28.92,56.32
2022-07-17,40.16,28.97,53.58
2022-07-18,41.95,28.83,51.19
2022-07-19,41.85,30.04,51.94
2022-07-20,34.53,29.72,70.18
2022-07-21,30.73,27.75,81.61
2022-07-22,36.08,26.86,68.34
2022-07-23,36.93,26.81,70.18
2022-07-24,34.54,27.69,67.0
2022-07-25,35.47,26.96,63.86
2022-07-26,35.66,26.34,69.13
2022-07-27,35.06,26.54,67.08
2022-07-28,33.86,26.44,77.7
2022-07-29,32.79,26.84,78.73
2022-07-30,33.14,26.76,77.14
2022-07-31,34.31,26.31,74.0
2022-08-01,34.32,26.88,76.28
2022-08-02,37.0,25.88,69.04
2022-08-03,35.95,27.36,65.37
2022-08-04,35.01,27.04,72.74
2022-08-05,34.53,26.48,73.22
2022-08-06,36.46,26.74,69.44
2022-08-07,30.36,26.93,80.31
2022-08-08,36.09,25.97,70.55
2022-08-09,36.94,27.64,65.84
2022-08-10,39.08,27.6,58.98
2022-08-11,35.07,27.51,67.52
2022-08-12,37.64,26.01,61.73
2022-08-13,38.03,26.23,62.51
2022-08-14,35.79,27.37,67.19
2022-08-15,32.87,25.77,72.1
2022-08-16,34.32,26.89,67.42
2022-08-17,35.87,25.68,65.89
2022-08-18,37.18,26.59,63.11
2022-08-19,36.97,26.97,64.2
2022-08-20,32.91,27.75,68.16
2022-08-21,36.16,25.86,60.06
2022-08-22,38.35,26.72,61.29
2022-08-23,36.52,26.86,62.5
2022-08-24,36.25,25.87,65.17
2022-08-25,37.35,25.24,60.99
2022-08-26,36.65,26.39,60.74
2022-08-27,37.31,27.04,59.53
2022-08-28,37.83,25.93,56.93
2022-08-29,36.51,27.23,57.25
2022-08-30,36.8,26.05,65.19
2022-08-31,39.32,27.12,57.54
2022-09-01,38.45,28.04,57.59
2022-09-02,36.28,28.85,57.34
2022-09-03,38.39,27.1,54.97
2022-09-04,39.97,27.11,50.68
2022-09-05,38.58,26.6,54.32
2022-09-06,38.9,27.03,51.71
2022-09-07,39.78,26.91,49.65
2022-09-08,39.1,25.77,50.67
2022-09-09,38.49,26.33,52.12
2022-09-10,36.55,26.95,65.32
2022-09-11,36.64,27.22,63.53
2022-09-12,35.83,26.77,60.07
2022-09-13,37.26,25.73,60.18
2022-09-14,34.6,26.2,64.6
2022-09-15,32.9,24.58,80.04
2022-09-16,31.52,24.0,82.39
2022-09-17,35.57,23.47,69.68
2022-09-18,36.07,23.85,65.33
2022-09-19,35.0,25.28,66.75
2022-09-20,34.86,25.17,74.24
2022-09-21,33.02,25.54,78.67
2022-09-22,31.02,25.19,87.84
2022-09-23,29.39,25.35,89.98
2022-09-24,28.99,24.68,90.98
2022-09-25,30.62,24.3,82.97
2022-09-26,31.31,22.98,83.96
2022-09-27,31.88,21.98,80.53
2022-09-28,32.3,23.48,77.51
2022-09-29,31.75,23.58,78.98
2022-09-30,31.36,22.39,82.0
2022-10-01,32.31,23.16,74.76
2022-10-02,32.52,22.3,73.05
2022-10-03,31.87,19.79,75.61
2022-10-04,32.28,20.02,72.23
2022-10-05,32.88,23.43,76.26
2022-10-06,29.56,22.26,86.38
2022-10-07,27.25,22.78,91.74
2022-10-08,26.63,23.33,93.26
2022-10-09,26.01,22.73,94.75
2022-10-10,28.8,21.31,90.14
2022-10-11,29.28,20.64,81.36
2022-10-12,29.57,20.09,79.6
2022-10-13,28.96,18.28,80.26
2022-10-14,28.6,16.97,78.83
2022-10-15,29.1,17.2,71.25
2022-10-16,30.13,18.41,63.27
2022-10-17,29.21,18.02,66.79
2022-10-18,29.86,17.88,60.22
2022-10-19,30.7,16.93,68.26
2022-10-20,30.13,15.92,71.88
2022-10-21,30.29,16.46,64.43
2022-10-22,28.27,18.69,65.23
2022-10-23,28.44,15.99,61.67
2022-10-24,28.97,15.29,68.06
2022-10-25,28.58,14.06,66.29
2022-10-26,29.31,17.01,60.89
2022-10-27,29.9,17.05,62.56
2022-10-28,29.57,17.19,66.16
2022-10-29,29.24,16.93,60.24
2022-10-30,28.08,16.95,56.42
2022-10-31,28.89,16.02,61.93
2022-11-01,29.35,16.11,71.77
2022-11-02,28.61,16.64,77.83
2022-11-03,29.22,14.92,74.07
2022-11-04,29.82,17.17,76.75
2022-11-05,25.84,16.69,88.03
2022-11-06,27.49,16.13,86.38
2022-11-07,26.51,18.48,84.69
2022-11-08,25.14,17.39,83.85
2022-11-09,26.71,17.14,76.08
2022-11-10,27.91,16.35,72.78
2022-11-11,26.41,13.14,73.22
2022-11-12,26.7,11.71,67.72
2022-11-13,25.83,11.82,64.46
2022-11-14,27.05,14.72,66.62
2022-11-15,27.4,12.81,73.5
2022-11-16,24.92,13.44,72.76
2022-11-17,24.04,11.24,69.83
2022-11-18,23.94,9.98,63.39
2022-11-19,24.08,12.07,60.4
2022-11-20,25.09,9.43,66.17
2022-11-21,25.58,9.99,68.49
2022-11-22,25.04,9.15,60.63
2022-11-23,24.87,8.39,58.18
2022-11-24,24.67,7.77,52.61
2022-11-25,25.16,12.51,52.16
2022-11-26,25.95,9.21,60.37
2022-11-27,25.23,10.03,56.38
2022-11-28,24.88,11.23,49.98
2022-11-29,23.9,11.22,49.01
2022-11-30,24.58,11.12,63.59
2022-12-01,24.25,8.85,59.76
2022-12-02,24.3,11.87,53.26
2022-12-03,23.53,12.64,54.64
2022-12-04,24.05,10.69,59.55
2022-12-05,23.7,9.66,55.02
2022-12-06,23.48,8.03,59.95
2022-12-07,23.21,7.07,58.49
2022-12-08,23.69,7.03,58.2
2022-12-09,25.29,8.58,56.67
2022-12-10,26.81,9.68,65.35
2022-12-11,27.48,9.33,62.05
2022-12-12,26.87,9.79,57.36
2022-12-13,26.01,9.32,54.98
2022-12-14,23.51,8.42,56.61
2022-12-15,22.55,6.25,52.39
2022-12-16,22.82,6.49,50.0
2022-12-17,23.21,6.71,46.65
2022-12-18,22.78,9.24,50.25
2022-12-19,22.87,7.62,53.82
2022-12-20,23.01,6.77,55.09
2022-12-21,23.54,7.69,56.14
2022-12-22,21.63,6.38,56.6
2022-12-23,22.92,6.63,55.67
2022-12-24,20.95,6.89,57.56
2022-12-25,18.64,4.18,59.78
2022-12-26,20.57,4.56,59.02
2022-12-27,21.85,4.47,52.94
2022-12-28,22.84,6.23,48.07
2022-12-29,21.59,6.96,53.38
2022-12-30,20.95,10.27,58.05
2022-12-31,21.08,7.47,68.97
2023-01-01,20.21,6.12,49.9
2023-01-02,19.49,5.85,51.83
2023-01-03,19.05,4.11,54.61
2023-01-04,17.48,1.83,58.24
2023-01-05,17.53,1.61,59.63
2023-01-06,17.27,1.23,54.41
2023-01-07,20.17,1.7,48.08
2023-01-08,22.67,4.09,44.61
2023-01-09,21.4,5.86,47.41
2023-01-10,21.64,6.18,53.16
2023-01-11,22.83,7.07,64.57
2023-01-12,20.77,8.71,73.58
2023-01-13,22.27,10.68,73.27
2023-01-14,20.32,4.26,56.25
2023-01-15,17.61,0.45,39.37
2023-01-16,18.92,1.36,42.56
2023-01-17,19.32,1.42,42.16
2023-01-18,18.15,1.57,37.57
2023-01-19,19.24,3.72,44.03
2023-01-20,22.04,4.91,55.44
2023-01-21,22.4,6.74,59.32
2023-01-22,23.47,8.09,52.26
2023-01-23,24.78,8.2,52.71
2023-01-24,22.22,12.59,80.09
2023-01-25,21.94,10.86,80.75
2023-01-26,22.92,8.66,61.48
2023-01-27,22.05,5.08,49.23
2023-01-28,23.99,3.69,40.56
2023-01-29,25.06,6.15,45.38
2023-01-30,17.7,9.99,71.39
2023-01-31,23.22,8.44,75.93
2023-02-01,22.89,5.9,60.64
2023-02-02,25.2,5.85,51.38
2023-02-03,25.39,7.55,49.12
2023-02-04,26.87,8.96,47.67
2023-02-05,26.13,9.35,54.52
2023-02-06,28.42,11.33,43.21
2023-02-07,26.49,10.91,48.27
2023-02-08,25.56,7.67,41.86
2023-02-09,28.09,8.79,37.91
2023-02-10,29.0,10.13,48.72
2023-02-11,27.88,12.1,48.9
2023-02-12,24.63,8.27,35.73
2023-02-13,24.48,6.61,30.08
2023-02-14,27.1,8.18,31.98
2023-02-15,29.47,11.14,39.76
2023-02-16,28.97,10.1,45.6
2023-02-17,29.72,13.79,44.72
2023-02-18,30.43,13.44,40.2
2023-02-19,30.47,15.47,30.93
2023-02-20,33.44,13.97,35.46
2023-02-21,31.8,13.02,38.61
2023-02-22,30.51,13.13,39.34
2023-02-23,30.64,11.78,34.42
2023-02-24,31.06,10.68,34.05
2023-02-25,31.16,12.53,35.53
2023-02-26,31.9,14.95,31.11
2023-02-27,32.36,17.19,36.6
2023-02-28,32.62,15.62,39.87
2023-03-01,32.21,14.78,39.55
2023-03-02,32.43,15.58,41.26
2023-03-03,33.48,16.53,43.25
2023-03-04,31.83,15.66,41.03
2023-03-05,32.52,14.61,40.7
2023-03-06,32.19,14.67,37.77
2023-03-07,32.06,14.84,33.66
2023-03-08,31.65,16.27,32.63
2023-03-09,30.74,17.19,41.47
2023-03-10,31.49,15.64,38.86
2023-03-11,32.6,15.86,30.56
2023-03-12,34.29,17.53,31.8
2023-03-13,30.86,20.23,36.35
2023-03-14,34.39,17.52,37.5
2023-03-15,34.51,19.13,31.49
2023-03-16,34.16,19.59,35.87
2023-03-17,30.19,20.08,46.96
2023-03-18,26.74,17.8,61.9
2023-03-19,29.93,17.46,53.65
2023-03-20,25.94,17.28,68.31
2023-03-21,25.44,15.54,72.56
2023-03-22,29.64,15.11,55.12
2023-03-23,31.62,15.43,48.37
2023-03-24,31.41,17.95,52.51
2023-03-25,31.05,17.07,57.77
2023-03-26,32.32,16.53,46.74
2023-03-27,31.09,15.42,43.64
2023-03-28,32.48,15.55,40.02
2023-03-29,33.95,18.41,36.38
2023-03-30,34.15,19.14,46.76
2023-03-31,24.55,18.02,76.48
2023-04-01,28.54,16.87,61.31
2023-04-02,31.93,17.23,51.41
2023-04-03,33.98,17.92,47.68
2023-04-04,32.49,18.54,50.88
2023-04-05,33.73,17.08,42.52
2023-04-06,34.44,16.77,34.95
2023-04-07,34.77,16.7,32.25
2023-04-08,35.66,15.06,28.27
2023-04-09,35.89,16.75,28.85
2023-04-10,36.27,16.53,29.81
2023-04-11,37.63,19.15,31.24
2023-04-12,38.7,22.14,33.94
2023-04-13,39.53,20.48,32.07
2023-04-14,38.89,20.58,28.77
2023-04-15,40.74,22.54,25.2
2023-04-16,41.24,24.49,28.85
2023-04-17,41.26,23.34,25.81
2023-04-18,40.78,23.79,30.89
2023-04-19,37.83,24.19,37.44
2023-04-20,37.08,23.32,41.33
2023-04-21,36.56,22.43,38.65
2023-04-22,36.8,19.58,32.02
2023-04-23,30.65,20.34,35.22
2023-04-24,35.25,18.32,37.8
2023-04-25,34.89,19.23,32.79
2023-04-26,35.82,21.52,31.43
2023-04-27,35.39,22.72,35.13
2023-04-28,35.68,20.73,38.21
2023-04-29,34.55,22.48,43.24
2023-04-30,32.27,21.02,57.83
2023-05-01,25.73,20.35,74.94
2023-05-02,27.81,20.15,72.98
2023-05-03,31.81,19.0,61.79
2023-05-04,33.74,21.58,50.06
2023-05-05,34.63,22.47,42.94
2023-05-06,37.49,21.33,40.17
2023-05-07,39.25,22.88,34.03
2023-05-08,38.98,22.91,28.25
2023-05-09,38.59,19.4,26.05
2023-05-10,38.12,19.58,25.28
2023-05-11,39.54,19.93,22.89
2023-05-12,40.18,23.8,22.11
2023-05-13,41.78,21.47,23.93
2023-05-14,41.18,27.51,23.48
2023-05-15,42.55,25.51,26.34
2023-05-16,40.46,27.22,27.27
2023-05-17,41.92,25.76,30.84
2023-05-18,38.57,26.75,40.45
2023-05-19,39.56,24.2,33.65
2023-05-20,41.38,24.29,28.84
2023-05-21,43.74,26.99,23.75
2023-05-22,44.8,26.94,26.36
2023-05-23,45.05,28.67,27.02
2023-05-24,39.87,29.09,35.4
2023-05-25,38.12,28.55,40.34
2023-05-26,34.8,25.71,56.46
2023-05-27,36.88,25.37,49.56
2023-05-28,35.12,24.84,46.21
2023-05-29,36.92,26.08,47.53
2023-05-30,37.11,25.73,46.19
2023-05-31,34.13,23.27,52.24
2023-06-01,37.38,21.76,45.75
2023-06-02,37.42,24.26,43.61
2023-06-03,38.28,24.27,38.11
2023-06-04,35.9,24.1,44.91
2023-06-05,40.24,24.23,38.38
2023-06-06,40.91,25.74,35.91
2023-06-07,40.66,27.08,33.3
2023-06-08,41.98,25.76,33.32
2023-06-09,43.0,28.09,32.22
2023-06-10,44.06,30.4,34.46
2023-06-11,42.09,30.93,35.48
2023-06-12,43.26,30.03,34.05
2023-06-13,44.61,31.73,32.25
2023-06-14,43.68,30.72,32.56
2023-06-15,40.08,31.75,37.49
2023-06-16,41.2,29.82,40.38
2023-06-17,41.0,31.28,38.57
2023-06-18,40.18,29.66,43.29
2023-06-19,38.16,30.47,49.0
2023-06-20,38.6,29.76,53.21
2023-06-21,38.08,29.3,52.31
2023-06-22,39.51,29.8,53.23
2023-06-23,39.42,32.34,51.88
2023-06-24,37.83,28.22,61.75
2023-06-25,32.71,27.95,75.39
2023-06-26,36.76,26.63,64.3
2023-06-27,36.89,27.49,58.87
2023-06-28,36.26,28.32,62.15
2023-06-29,35.68,27.76,65.67
2023-06-30,34.56,26.82,71.64
2023-07-01,36.05,25.94,67.02
2023-07-02,38.28,26.11,60.67
2023-07-03,40.06,27.86,51.79
2023-07-04,40.83,29.35,52.13
2023-07-05,37.25,29.27,61.69
2023-07-06,32.22,27.61,77.8
2023-07-07,33.99,26.86,74.44
2023-07-08,32.55,27.14,83.53
2023-07-09,33.48,26.37,83.7
2023-07-10,34.4,27.5,80.0
2023-07-11,34.08,26.55,77.05
2023-07-12,33.89,27.03,79.2
2023-07-13,33.94,26.81,79.74
2023-07-14,33.25,26.28,81.43
2023-07-15,32.86,26.42,81.91
2023-07-16,34.9,25.61,73.97
2023-07-17,34.6,28.18,72.45
2023-07-18,32.19,27.47,83.76
2023-07-19,33.34,26.36,80.5
2023-07-20,35.91,26.45,74.25
2023-07-21,35.01,27.9,77.04
2023-07-22,34.04,26.51,79.53
2023-07-23,33.26,26.76,79.24
2023-07-24,35.19,25.9,76.87
2023-07-25,33.38,26.92,81.69
2023-07-26,33.33,26.86,79.43
2023-07-27,32.23,26.31,86.57
2023-07-28,31.28,26.21,84.17
2023-07-29,33.29,25.81,85.31
2023-07-30,32.96,26.45,85.38
2023-07-31,33.72,26.45,80.36
2023-08-01,34.78,26.2,79.04
2023-08-02,33.51,27.43,81.74
2023-08-03,32.76,27.24,82.98
2023-08-04,32.13,26.83,86.9
2023-08-05,31.11,27.13,87.47
2023-08-06,34.08,25.9,82.55
2023-08-07,33.17,26.06,83.21
2023-08-08,33.39,25.3,83.34
2023-08-09,33.17,25.57,82.24
2023-08-10,32.88,25.78,80.94
2023-08-11,33.39,26.1,79.76
2023-08-12,33.7,25.48,77.8
2023-08-13,33.82,25.1,79.32
2023-08-14,29.36,25.46,84.72
2023-08-15,32.99,25.01,79.44
2023-08-16,34.04,25.5,78.71
2023-08-17,34.02,26.53,78.77
2023-08-18,34.42,26.27,79.09
2023-08-19,32.37,27.2,83.55
2023-08-20,34.64,26.33,76.48
2023-08-21,34.41,27.29,74.77
2023-08-22,33.7,26.76,83.99
2023-08-23,30.61,26.3,88.99
2023-08-24,32.34,24.36,82.74
2023-08-25,33.69,24.17,79.39
2023-08-26,33.58,24.77,76.79
2023-08-27,34.24,24.02,75.44
2023-08-28,33.59,25.07,75.67
2023-08-29,33.71,24.69,75.3
2023-08-30,34.27,24.67,76.36
2023-08-31,34.94,24.71,74.95
2023-09-01,35.66,24.55,70.49
2023-09-02,35.66,23.5,69.4
2023-09-03,35.38,22.84,67.26
2023-09-04,35.25,23.53,68.92
2023-09-05,35.64,24.31,73.61
2023-09-06,35.93,24.87,69.81
2023-09-07,36.48,25.57,66.06
2023-09-08,34.04,24.36,72.01
2023-09-09,32.12,24.88,83.45
2023-09-10,31.13,24.72,90.71
2023-09-11,31.81,24.22,85.42
2023-09-12,32.75,24.24,82.44
2023-09-13,33.13,25.69,82.63
2023-09-14,33.92,26.14,83.88
2023-09-15,33.02,25.83,84.72
2023-09-16,29.64,25.01,87.34
2023-09-17,29.66,24.98,89.83
2023-09-18,31.49,24.55,84.07
2023-09-19,32.73,23.87,81.18
2023-09-20,33.37,24.94,77.3
2023-09-21,33.99,24.99,76.85
2023-09-22,33.12,25.54,78.5
2023-09-23,32.75,24.99,80.88
2023-09-24,32.99,24.33,79.68
2023-09-25,32.82,24.15,74.11
2023-09-26,33.72,23.12,73.99
2023-09-27,33.13,22.21,73.12
2023-09-28,32.9,19.69,73.62
2023-09-29,32.73,20.08,63.19
2023-09-30,34.13,19.82,61.83
2023-10-01,33.31,18.96,62.69
2023-10-02,34.62,19.2,58.1
2023-10-03,32.97,17.58,54.42
2023-10-04,33.46,16.97,59.09
2023-10-05,34.3,19.41,62.27
2023-10-06,34.25,17.73,59.55
2023-10-07,34.66,20.73,59.96
2023-10-08,35.65,21.76,58.28
2023-10-09,36.04,22.77,61.7
2023-10-10,34.91,22.65,62.97
2023-10-11,34.77,19.74,57.89
2023-10-12,33.97,19.42,54.62
2023-10-13,35.34,20.61,50.78
2023-10-14,35.26,22.16,49.83
2023-10-15,33.75,21.13,54.6
2023-10-16,29.27,21.51,69.61
2023-10-17,29.49,18.98,62.92
2023-10-18,30.81,18.23,62.52
2023-10-19,30.54,16.03,59.88
2023-10-20,31.06,16.41,59.19
2023-10-21,30.55,16.2,54.65
2023-10-22,31.5,18.07,49.86
2023-10-23,30.91,16.76,58.36
2023-10-24,31.49,17.57,57.87
2023-10-25,32.29,16.93,56.08
2023-10-26,31.98,16.08,56.8
2023-10-27,32.26,15.85,46.05
2023-10-28,30.46,19.28,46.53
2023-10-29,32.17,19.11,46.55
2023-10-30,33.13,18.16,51.63
2023-10-31,31.89,18.98,52.61
2023-11-01,32.82,19.75,45.91
2023-11-02,31.33,18.19,48.95
2023-11-03,29.71,18.77,52.72
2023-11-04,30.42,18.72,54.4
2023-11-05,29.82,18.34,44.19
2023-11-06,30.78,15.83,40.14
2023-11-07,30.48,18.15,40.98
2023-11-08,30.83,17.52,54.16
2023-11-09,31.26,17.79,53.03
2023-11-10,27.68,17.75,60.4
2023-11-11,26.92,14.51,62.83
2023-11-12,27.96,13.47,62.63
2023-11-13,27.55,13.41,55.34
2023-11-14,25.58,14.74,49.58
2023-11-15,27.29,11.7,56.24
2023-11-16,28.0,13.84,54.99
2023-11-17,28.53,14.94,54.19
2023-11-18,26.97,15.0,50.87
2023-11-19,25.73,14.31,47.51
2023-11-20,27.42,14.2,51.79
2023-11-21,26.9,12.79,58.46
2023-11-22,25.97,11.26,57.83
2023-11-23,26.52,13.48,45.43
2023-11-24,26.1,14.16,45.35
2023-11-25,26.33,12.12,46.12
2023-11-26,25.75,14.94,49.09
2023-11-27,21.94,14.65,53.86
2023-11-28,24.83,13.83,54.48
2023-11-29,24.66,14.67,58.2
2023-11-30,25.76,13.93,62.39
2023-12-01,26.73,16.1,62.8
2023-12-02,25.87,14.25,63.91
2023-12-03,26.54,13.05,59.65
2023-12-04,26.2,14.52,62.34
2023-12-05,25.81,12.2,58.35
2023-12-06,26.58,11.29,52.21
2023-12-07,27.22,12.51,50.68
2023-12-08,26.08,10.95,51.16
2023-12-09,25.45,9.56,46.4
2023-12-10,24.46,9.11,45.78
2023-12-11,23.65,9.84,40.43
2023-12-12,23.46,9.28,41.94
2023-12-13,24.53,10.32,41.68
2023-12-14,24.49,6.96,48.47
2023-12-15,24.89,9.32,44.56
2023-12-16,24.03,9.64,45.53
2023-12-17,24.11,9.41,49.26
2023-12-18,23.11,7.48,54.58
2023-12-19,23.62,6.05,47.23
2023-12-20,21.82,5.63,44.1
2023-12-21,23.33,6.54,43.66
2023-12-22,23.66,6.38,41.04
2023-12-23,23.17,9.99,43.96
2023-12-24,24.92,10.3,51.16
2023-12-25,24.93,8.21,54.15
2023-12-26,23.84,9.32,55.02
2023-12-27,23.59,10.13,55.52
2023-12-28,22.08,7.06,58.29
2023-12-29,22.33,10.48,51.45
2023-12-30,21.77,9.4,51.85
2023-12-31,19.94,9.6,49.72
2024-01-01,21.11,5.86,59.47
2024-01-02,20.87,5.08,56.57
2024-01-03,21.48,6.85,45.68
2024-01-04,17.51,6.76,60.43
2024-01-05,19.06,6.24,68.29
2024-01-06,18.85,5.82,69.21
2024-01-07,17.97,6.12,72.18
2024-01-08,23.07,6.52,57.67
2024-01-09,21.38,8.27,58.17
2024-01-10,21.87,4.4,55.33
2024-01-11,19.94,3.73,53.14
2024-01-12,20.86,3.64,47.98
2024-01-13,22.48,7.14,42.54
2024-01-14,21.88,5.15,43.3
2024-01-15,20.68,3.47,45.32
2024-01-16,20.77,7.46,43.45
2024-01-17,19.91,5.66,42.26
2024-01-18,20.28,6.22,45.61
2024-01-19,21.74,6.8,49.3
2024-01-20,19.03,6.74,49.95
2024-01-21,21.84,4.2,53.01
2024-01-22,20.79,3.62,38.7
2024-01-23,22.4,5.97,39.27
2024-01-24,22.31,6.25,45.28
2024-01-25,21.76,4.54,45.75
2024-01-26,22.47,9.02,38.05
2024-01-27,25.57,6.46,38.48
2024-01-28,21.21,9.92,44.64
2024-01-29,24.55,6.32,44.84
2024-01-30,23.61,9.04,42.92
2024-01-31,24.48,10.97,50.07
2024-02-01,20.64,9.74,73.16
2024-02-02,23.76,8.36,57.25
2024-02-03,26.43,6.5,39.92
2024-02-04,19.06,12.12,83.36
2024-02-05,22.88,10.25,66.77
2024-02-06,21.18,6.16,41.28
2024-02-07,20.52,7.06,41.85
2024-02-08,22.6,5.23,42.24
2024-02-09,24.75,4.22,35.15
2024-02-10,24.57,8.91,33.51
2024-02-11,24.57,7.36,42.52
2024-02-12,25.13,7.87,40.35
2024-02-13,23.99,12.55,34.89
2024-02-14,25.92,11.45,41.28
2024-02-15,26.66,8.96,45.43
2024-02-16,27.13,8.7,37.97
2024-02-17,27.33,8.28,33.27
2024-02-18,29.33,11.91,30.47
2024-02-19,29.92,10.46,37.77
2024-02-20,27.64,14.9,55.19
2024-02-21,27.54,10.48,35.78
2024-02-22,26.78,10.41,35.52
2024-02-23,25.36,8.02,38.54
2024-02-24,25.54,9.2,33.89
2024-02-25,26.5,10.32,31.93
2024-02-26,27.76,9.89,33.2
2024-02-27,24.73,11.68,50.0
2024-02-28,27.65,10.24,46.72
2024-02-29,29.03,10.2,37.17
2024-03-01,31.83,13.65,36.53
2024-03-02,25.86,16.1,60.49
2024-03-03,25.21,12.05,69.75
2024-03-04,25.42,6.66,37.01
2024-03-05,23.39,6.27,31.26
2024-03-06,25.02,6.62,33.17
2024-03-07,27.63,9.12,36.77
2024-03-08,28.7,10.6,37.41
2024-03-09,28.44,10.14,37.46
2024-03-10,30.22,11.7,35.94
2024-03-11,31.95,14.01,31.04
2024-03-12,32.21,16.64,34.67
2024-03-13,32.26,14.83,34.57
2024-03-14,31.56,14.52,35.78
2024-03-15,31.52,14.27,34.23
2024-03-16,29.88,11.75,28.67
2024-03-17,32.99,11.94,26.27
2024-03-18,32.83,13.53,28.43
2024-03-19,32.79,14.23,28.31
2024-03-20,34.63,14.79,22.49
2024-03-21,30.79,15.1,28.5
2024-03-22,35.3,14.85,29.4
2024-03-23,37.22,17.91,26.44
2024-03-24,31.04,18.62,27.57
2024-03-25,35.71,16.66,27.19
2024-03-26,37.09,17.66,27.25
2024-03-27,38.9,21.44,25.42
2024-03-28,40.05,21.61,30.71
2024-03-29,39.32,22.83,32.97
2024-03-30,38.15,22.29,28.77
2024-03-31,37.26,20.25,23.42
2024-04-01,34.17,20.09,29.61
2024-04-02,35.91,17.82,19.34
2024-04-03,37.83,19.78,21.1
2024-04-04,38.48,22.56,18.97
2024-04-05,36.96,22.71,21.31
2024-04-06,37.55,18.75,19.14
2024-04-07,37.71,18.38,15.37
2024-04-08,39.16,21.7,15.81
2024-04-09,39.58,19.76,14.78
2024-04-10,40.2,20.67,15.94
2024-04-11,40.4,22.36,26.16
2024-04-12,39.72,25.67,22.34
2024-04-13,39.77,24.91,25.95
2024-04-14,36.17,22.85,32.53
2024-04-15,34.53,26.21,38.01
2024-04-16,36.99,23.33,34.11
2024-04-17,37.05,21.92,23.79
2024-04-18,38.95,22.66,23.83
2024-04-19,40.91,23.34,25.42
2024-04-20,38.82,22.24,22.4
2024-04-21,39.04,23.27,26.13
2024-04-22,38.62,26.57,24.93
2024-04-23,40.29,25.1,17.73
2024-04-24,39.38,24.16,21.97
2024-04-25,41.03,23.46,19.62
2024-04-26,41.87,24.92,19.33
2024-04-27,40.82,26.96,20.07
2024-04-28,40.07,24.16,23.06
2024-04-29,41.08,25.32,22.98
2024-04-30,38.7,22.92,21.9
2024-05-01,35.85,20.16,19.07
2024-05-02,37.94,19.11,18.53
2024-05-03,40.15,21.84,15.05
2024-05-04,42.71,26.08,15.78
2024-05-05,43.84,24.75,20.69
2024-05-06,43.03,26.86,20.65
2024-05-07,43.37,27.68,19.19
2024-05-08,43.13,27.43,19.31
2024-05-09,40.91,25.64,28.64
2024-05-10,41.9,26.61,27.33
2024-05-11,41.73,27.6,29.22
2024-05-12,41.92,27.78,24.38
2024-05-13,42.4,27.9,20.55
2024-05-14,43.09,25.36,15.96
2024-05-15,43.64,27.18,11.8
2024-05-16,44.87,26.63,12.45
2024-05-17,46.63,29.45,14.11
2024-05-18,46.88,30.52,15.12
2024-05-19,47.13,30.15,17.41
2024-05-20,47.01,31.36,16.48
2024-05-21,45.96,30.97,14.96
2024-05-22,45.02,29.17,18.14
2024-05-23,43.06,30.51,29.06
2024-05-24,43.11,30.12,30.24
2024-05-25,46.22,30.3,23.1
2024-05-26,47.84,30.06,16.72
2024-05-27,47.76,29.91,15.79
2024-05-28,48.5,31.94,9.69
2024-05-29,48.07,30.23,11.16
2024-05-30,47.77,32.37,13.15
2024-05-31,48.21,30.67,9.84
2024-06-01,45.9,30.83,15.77
2024-06-02,45.92,30.84,21.53
2024-06-03,46.35,31.18,18.55
2024-06-04,46.15,32.71,18.85
2024-06-05,46.09,31.35,21.15
2024-06-06,44.05,30.49,22.79
2024-06-07,44.7,30.26,26.29
2024-06-08,44.42,31.06,24.29
2024-06-09,45.02,30.37,21.07
2024-06-10,45.39,28.68,17.96
2024-06-11,45.86,29.87,16.09
2024-06-12,46.81,31.17,14.95
2024-06-13,47.02,31.67,19.67
2024-06-14,46.74,32.87,22.72
2024-06-15,47.26,32.93,20.93
2024-06-16,47.04,33.45,21.8
2024-06-17,47.67,34.4,23.82
2024-06-18,47.03,35.13,24.27
2024-06-19,47.1,34.78,24.55
2024-06-20,43.97,33.95,27.03
2024-06-21,42.89,31.23,31.13
2024-06-22,42.5,31.32,29.25
2024-06-23,43.4,32.55,31.69
2024-06-24,38.33,30.88,47.12
2024-06-25,41.9,30.11,47.46
2024-06-26,41.11,31.88,45.85
2024-06-27,34.0,29.78,69.38
2024-06-28,35.41,28.75,67.8
2024-06-29,37.27,28.94,63.35
2024-06-30,38.42,28.58,63.7
2024-07-01,36.54,28.73,63.93
2024-07-02,37.96,29.74,66.18
2024-07-03,33.51,28.21,78.16
2024-07-04,30.08,27.43,85.11
2024-07-05,36.95,27.12,73.22
2024-07-06,34.19,26.42,79.03
2024-07-07,34.61,26.77,76.58
2024-07-08,35.27,27.08,75.18
2024-07-09,32.94,27.2,75.75
2024-07-10,37.6,27.61,67.97
2024-07-11,38.24,27.95,69.07
2024-07-12,38.53,29.68,66.0
2024-07-13,35.82,27.85,68.35
2024-07-14,38.1,26.36,62.33
2024-07-15,37.17,28.06,66.1
2024-07-16,38.14,28.15,68.17
2024-07-17,37.26,27.71,67.72
2024-07-18,36.83,28.4,70.47
2024-07-19,36.6,28.15,70.77
2024-07-20,36.9,27.27,68.07
2024-07-21,39.09,27.98,64.19
2024-07-22,37.26,27.44,68.85
2024-07-23,36.98,28.31,72.55
2024-07-24,34.98,27.19,83.12
2024-07-25,34.85,27.72,76.87
2024-07-26,34.08,27.91,76.35
2024-07-27,34.63,27.38,81.12
2024-07-28,37.11,27.76,72.77
2024-07-29,37.36,27.18,72.43
2024-07-30,37.73,27.83,71.56
2024-07-31,35.72,28.67,78.87
2024-08-01,31.42,27.07,89.15
2024-08-02,32.37,26.07,84.65
2024-08-03,32.8,26.35,82.36
2024-08-04,33.44,25.38,80.32
2024-08-05,33.22,26.16,82.51
2024-08-06,33.54,24.7,83.27
2024-08-07,29.02,25.56,89.45
2024-08-08,31.86,25.22,88.12
2024-08-09,30.57,26.82,91.23
2024-08-10,32.56,26.29,86.05
2024-08-11,30.85,26.12,87.73
2024-08-12,31.77,25.37,86.09
2024-08-13,31.19,26.16,89.16
2024-08-14,30.83,26.65,90.84
2024-08-15,32.07,26.29,87.24
2024-08-16,32.37,25.49,86.75
2024-08-17,31.65,26.87,86.82
2024-08-18,33.46,26.08,84.28
2024-08-19,32.51,26.48,84.54
2024-08-20,32.49,25.94,84.75
2024-08-21,33.76,25.53,82.12
2024-08-22,33.85,26.1,81.01
2024-08-23,30.68,26.07,83.46
2024-08-24,33.03,25.2,81.68
2024-08-25,32.81,25.65,84.05
2024-08-26,31.99,25.26,84.37
2024-08-27,31.83,25.14,84.66
2024-08-28,31.54,25.68,86.49
2024-08-29,31.6,24.04,85.08
2024-08-30,32.74,25.17,77.73
2024-08-31,33.93,24.66,77.81
2024-09-01,34.6,25.66,76.99
2024-09-02,28.83,26.07,88.06
2024-09-03,33.3,25.03,79.5
2024-09-04,31.62,25.58,83.96
2024-09-05,33.24,24.46,81.96
2024-09-06,30.48,25.38,88.27
2024-09-07,30.88,24.97,84.63
2024-09-08,32.68,25.09,81.18
2024-09-09,31.45,25.68,82.94
2024-09-10,33.74,26.17,76.36
2024-09-11,32.79,25.71,85.21
2024-09-12,30.23,25.75,90.04
2024-09-13,30.81,24.52,87.18
2024-09-14,30.67,23.8,85.49
2024-09-15,31.29,23.19,84.11
2024-09-16,31.18,22.56,81.5
2024-09-17,31.03,22.9,80.19
2024-09-18,30.45,23.74,88.8
2024-09-19,30.84,23.76,86.45
2024-09-20,31.93,24.02,83.68
2024-09-21,32.28,23.99,82.88
2024-09-22,33.44,25.38,81.54
2024-09-23,33.41,25.19,82.91
2024-09-24,34.37,26.37,75.8
2024-09-25,32.23,25.32,86.49
2024-09-26,30.16,25.1,88.79
2024-09-27,30.14,24.33,87.68
2024-09-28,29.57,23.21,90.19
2024-09-29,31.94,23.72,81.01
2024-09-30,31.57,23.3,80.79
2024-10-01,32.15,22.78,77.42
2024-10-02,33.22,22.54,74.81
2024-10-03,32.67,21.46,69.29
2024-10-04,32.42,20.35,74.69
2024-10-05,32.23,22.42,78.14
2024-10-06,32.87,21.8,73.77
2024-10-07,31.81,20.36,71.46
2024-10-08,32.15,21.34,65.25
2024-10-09,31.47,21.92,64.92
2024-10-10,31.96,20.08,69.56
2024-10-11,31.2,17.93,64.88
2024-10-12,31.74,17.6,59.33
2024-10-13,31.65,17.89,60.75
2024-10-14,31.29,20.6,66.48
2024-10-15,31.31,18.78,56.2
2024-10-16,32.09,17.19,58.63
2024-10-17,32.8,19.15,64.25
2024-10-18,33.05,19.65,62.99
2024-10-19,32.0,20.33,67.11
2024-10-20,32.73,20.24,66.14
2024-10-21,31.42,19.7,72.21
2024-10-22,31.51,19.77,74.97
2024-10-23,31.98,18.79,66.57
2024-10-24,32.33,17.59,66.73
2024-10-25,32.22,18.08,63.01
2024-10-26,32.23,18.61,61.69
2024-10-27,30.68,18.78,69.85
2024-10-28,30.78,19.13,79.63
2024-10-29,33.03,19.27,74.41
2024-10-30,34.74,19.98,65.07
2024-10-31,32.81,20.21,58.6
2024-11-01,32.15,16.66,49.4
2024-11-02,32.37,18.4,52.38
2024-11-03,31.56,17.25,57.63
2024-11-04,30.42,16.91,64.86
2024-11-05,30.31,16.52,69.13
2024-11-06,30.14,16.71,68.3
2024-11-07,29.92,17.53,71.49
2024-11-08,30.31,17.39,73.68
2024-11-09,30.82,17.72,75.92
2024-11-10,30.91,17.02,66.71
2024-11-11,30.88,17.59,64.43
2024-11-12,31.95,17.68,60.45
2024-11-13,29.91,16.17,53.42
2024-11-14,29.68,16.85,48.97
2024-11-15,29.84,16.97,50.03
2024-11-16,28.86,14.86,51.4
2024-11-17,28.58,16.45,53.46
2024-11-18,26.31,12.75,52.76
2024-11-19,26.37,12.33,48.16
2024-11-20,26.58,11.74,44.78
2024-11-21,26.68,11.7,41.55
2024-11-22,26.47,12.33,41.14
2024-11-23,27.63,12.55,48.05
2024-11-24,28.38,12.38,50.04
2024-11-25,26.71,11.79,52.52
2024-11-26,26.61,10.96,48.36
2024-11-27,25.94,11.96,48.55
2024-11-28,26.45,12.53,44.89
2024-11-29,25.88,11.81,44.33
2024-11-30,25.76,11.16,47.81
2024-12-01,26.0,11.02,48.45
2024-12-02,27.06,13.11,47.4
2024-12-03,27.83,14.24,51.27
2024-12-04,27.51,12.41,52.08
2024-12-05,25.18,9.68,46.62
2024-12-06,25.3,9.3,46.85
2024-12-07,23.43,9.65,37.67
2024-12-08,23.43,7.19,45.52
2024-12-09,21.53,8.76,60.69
2024-12-10,22.06,6.58,48.65
2024-12-11,22.43,4.37,33.17
2024-12-12,21.75,4.17,35.65
2024-12-13,22.66,5.12,38.43
2024-12-14,22.49,4.07,36.87
2024-12-15,21.83,4.96,35.5
2024-12-16,22.33,6.09,33.94
2024-12-17,23.24,8.47,31.46
2024-12-18,22.47,7.21,35.23
2024-12-19,21.23,7.57,42.94
2024-12-20,23.43,8.1,48.53
2024-12-21,23.69,7.23,52.19
2024-12-22,23.64,11.08,47.83
2024-12-23,19.98,7.32,57.92
2024-12-24,21.41,9.94,63.86
2024-12-25,23.42,9.09,66.08
2024-12-26,24.34,8.49,52.7
2024-12-27,23.76,13.56,64.59
2024-12-28,19.26,11.41,87.76
2024-12-29,22.34,9.35,72.73
2024-12-30,20.98,6.11,55.76
2024-12-31,20.6,5.47,49.13
2025-01-01,22.69,4.7,45.72
2025-01-02,20.97,8.47,47.31
2025-01-03,22.96,8.8,51.3
2025-01-04,25.63,9.05,51.49
2025-01-05,23.98,7.17,56.55
2025-01-06,21.98,8.98,61.57
2025-01-07,21.11,7.11,58.99
2025-01-08,22.06,4.23,41.82
2025-01-09,22.7,5.83,34.59
2025-01-10,21.44,6.93,32.88
2025-01-11,19.87,4.88,49.01
2025-01-12,19.3,7.35,74.62
2025-01-13,22.65,6.61,69.46
2025-01-14,22.52,5.12,48.98
2025-01-15,21.81,7.75,46.41
2025-01-16,17.66,10.24,78.08
2025-01-17,21.38,7.47,65.43
2025-01-18,21.11,6.0,44.93
2025-01-19,26.43,9.26,46.35
2025-01-20,25.36,9.92,46.96
2025-01-21,26.34,8.46,45.82
2025-01-22,26.05,8.56,50.48
2025-01-23,24.97,10.96,46.63
2025-01-24,24.55,7.06,44.5
2025-01-25,25.03,6.35,35.54
2025-01-26,24.53,3.75,32.29
2025-01-27,23.89,4.18,33.66
2025-01-28,25.02,4.08,30.52
2025-01-29,26.0,7.08,34.13
2025-01-30,26.03,8.14,38.91
2025-01-31,26.41,8.06,41.71
2025-02-01,26.33,10.52,39.68
2025-02-02,26.74,9.77,48.01
2025-02-03,26.83,9.07,42.49
2025-02-04,26.11,12.56,44.6
2025-02-05,24.19,9.39,44.38
2025-02-06,24.33,7.15,35.93
2025-02-07,24.64,6.82,37.24
2025-02-08,27.0,7.49,33.55
2025-02-09,27.9,8.96,30.48
2025-02-10,29.03,11.58,30.7
2025-02-11,29.47,12.88,33.14
2025-02-12,27.28,11.77,38.97
2025-02-13,27.68,9.4,30.39
2025-02-14,28.89,8.46,30.19
2025-02-15,28.15,12.21,34.76
2025-02-16,28.52,9.9,42.91
2025-02-17,29.96,14.7,35.99
2025-02-18,29.97,14.06,36.46
2025-02-19,28.75,11.69,34.88
2025-02-20,27.81,14.14,52.68
2025-02-21,28.3,12.7,51.58
2025-02-22,25.39,11.45,48.25
2025-02-23,28.23,10.56,44.16
2025-02-24,28.33,11.45,42.58
2025-02-25,29.58,14.31,40.05
2025-02-26,30.56,14.68,37.94
2025-02-27,26.52,16.67,52.51
2025-02-28,24.49,16.39,68.65
2025-03-01,28.71,14.36,63.49
2025-03-02,29.91,13.55,45.89
2025-03-03,31.28,10.24,33.78
2025-03-04,28.24,13.91,39.08
2025-03-05,27.0,9.58,29.95
2025-03-06,30.07,8.49,27.46
2025-03-07,30.65,10.76,29.36
2025-03-08,31.74,10.7,30.1
2025-03-09,33.33,13.42,28.32
2025-03-10,34.22,14.44,28.97
2025-03-11,35.64,17.14,31.41
2025-03-12,35.5,16.69,37.05
2025-03-13,35.71,20.27,38.0
2025-03-14,35.66,20.56,35.16
2025-03-15,34.66,18.49,34.74
2025-03-16,33.63,18.04,36.11
2025-03-17,31.54,15.83,37.59
2025-03-18,32.83,14.12,32.91
2025-03-19,35.06,15.65,26.63
2025-03-20,36.06,15.87,25.87
2025-03-21,35.24,15.6,26.81
2025-03-22,33.88,18.14,22.56
2025-03-23,35.63,15.22,20.84
2025-03-24,37.05,15.6,17.23
2025-03-25,38.6,17.29,19.38
2025-03-26,40.1,21.71,19.44
2025-03-27,39.51,21.65,19.25
2025-03-28,36.4,17.96,11.72
2025-03-29,31.35,13.43,10.3
2025-03-30,35.76,15.61,11.33
2025-03-31,37.1,14.11,12.65
2025-04-01,36.57,15.4,16.39
2025-04-02,38.55,18.59,13.08
2025-04-03,39.25,20.28,11.41
2025-04-04,39.5,21.67,14.3
2025-04-05,38.44,18.51,19.24
2025-04-06,40.69,19.49,16.07
2025-04-07,41.75,21.77,16.86
2025-04-08,41.42,22.75,16.94
2025-04-09,41.57,22.97,22.7
2025-04-10,40.46,25.2,26.03
2025-04-11,39.73,23.55,33.81
2025-04-12,37.07,20.75,37.59
2025-04-13,38.51,22.49,28.17
2025-04-14,38.33,22.44,25.88
2025-04-15,38.45,23.42,29.1
2025-04-16,39.62,24.36,27.42
2025-04-17,41.78,24.68,25.1
2025-04-18,42.65,23.88,25.63
2025-04-19,41.9,25.11,29.96
2025-04-20,41.68,24.25,27.35
2025-04-21,42.4,26.13,15.3
2025-04-22,42.57,20.65,8.6
2025-04-23,41.95,22.5,11.75
2025-04-24,42.74,23.0,6.93
2025-04-25,43.78,23.65,8.1
2025-04-26,43.69,26.57,9.49
2025-04-27,42.24,24.54,12.17
2025-04-28,41.97,23.41,15.72
2025-04-29,39.09,22.96,23.65
2025-04-30,39.22,23.52,30.42
2025-05-01,38.84,24.78,33.83
2025-05-02,34.18,24.98,51.26
2025-05-03,35.27,23.34,52.19
2025-05-04,37.1,22.96,47.06
2025-05-05,36.69,22.11,51.07
2025-05-06,35.12,23.89,41.23
2025-05-07,36.7,25.27,42.05
2025-05-08,37.49,25.45,43.49
2025-05-09,37.27,25.22,42.01
2025-05-10,38.14,25.59,44.7
2025-05-11,40.14,26.18,41.14
2025-05-12,41.42,27.07,32.25
2025-05-13,41.87,27.39,37.81
2025-05-14,42.02,26.44,37.71
2025-05-15,43.2,26.46,27.46
2025-05-16,44.93,28.75,25.4
2025-05-17,43.88,27.83,26.85
2025-05-18,44.43,27.62,27.74
2025-05-19,43.36,26.97,23.43
2025-05-20,44.48,28.54,25.06
2025-05-21,44.38,29.8,24.03
2025-05-22,37.09,24.59,44.63
2025-05-23,39.92,25.82,38.75
2025-05-24,39.99,27.19,37.73
2025-05-25,35.24,26.72,54.34
2025-05-26,38.05,26.53,48.46
2025-05-27,39.39,26.06,41.29
2025-05-28,39.8,27.54,45.99
2025-05-29,40.77,28.16,42.33
2025-05-30,40.35,27.13,42.26
2025-05-31,41.16,27.38,33.24
2025-06-01,40.76,26.23,40.29
2025-06-02,38.25,24.41,46.42
2025-06-03,36.93,25.44,39.17
2025-06-04,36.63,24.6,39.34
2025-06-05,38.43,25.3,38.34
2025-06-06,39.83,25.94,34.1
2025-06-07,41.56,26.33,31.95
2025-06-08,44.7,28.81,29.6
2025-06-09,45.53,29.54,24.42
2025-06-10,45.86,28.26,21.43
2025-06-11,45.64,29.36,22.58
2025-06-12,44.92,30.4,27.84
2025-06-13,44.31,31.9,33.0
2025-06-14,43.07,31.04,34.83
2025-06-15,40.99,30.99,38.54
2025-06-16,37.48,29.38,53.61
2025-06-17,38.39,27.79,58.95
2025-06-18,32.63,27.89,74.29
2025-06-19,36.71,27.03,60.04
2025-06-20,38.45,28.0,58.38
2025-06-21,40.62,28.35,51.18
2025-06-22,40.04,29.52,49.49
2025-06-23,39.74,29.28,53.1
2025-06-24,39.27,28.78,51.05
2025-06-25,38.92,29.75,51.69
2025-06-26,38.88,29.3,53.01
2025-06-27,40.1,29.67,49.95
2025-06-28,37.72,29.54,54.03
2025-06-29,37.74,28.09,64.5
2025-06-30,30.12,26.29,87.23
2025-07-01,36.42,25.58,65.92
2025-07-02,37.05,26.7,64.87
2025-07-03,36.74,27.71,64.38
2025-07-04,36.21,27.46,68.34
2025-07-05,37.61,27.86,64.19
2025-07-06,35.33,27.82,70.86
2025-07-07,36.84,27.46,67.35
2025-07-08,35.63,28.07,69.82
2025-07-09,35.24,27.18,71.74
2025-07-10,30.08,26.41,84.64
2025-07-11,34.98,25.91,71.62
2025-07-12,36.31,26.33,68.06
2025-07-13,32.57,26.43,76.68
2025-07-14,31.67,26.39,81.26
2025-07-15,33.37,25.84,81.5
2025-07-16,32.31,25.11,78.12
2025-07-17,33.21,24.97,78.18
2025-07-18,33.07,25.56,76.98
2025-07-19,34.6,24.74,76.54
2025-07-20,37.04,25.81,70.69
2025-07-21,34.27,26.48,72.1
2025-07-22,31.66,26.85,79.71
2025-07-23,33.03,26.92,82.6
2025-07-24,35.36,26.61,74.16
2025-07-25,35.22,27.86,71.93
2025-07-26,37.83,27.57,69.54
2025-07-27,36.5,27.62,69.97
2025-07-28,32.45,27.17,77.1
2025-07-29,30.57,26.29,85.44
2025-07-30,33.32,26.9,84.33
2025-07-31,33.03,26.44,85.09
2025-08-01,34.21,26.74,81.49
2025-08-02,33.47,26.05,81.07
2025-08-03,32.66,26.13,82.74
2025-08-04,33.23,26.34,83.93
2025-08-05,31.39,26.34,88.16
2025-08-06,31.77,25.58,82.44
2025-08-07,33.99,24.74,78.66
2025-08-08,34.01,25.59,77.12
2025-08-09,31.45,25.76,83.7
2025-08-10,32.13,25.25,81.88
2025-08-11,33.39,26.23,82.53
2025-08-12,33.13,26.47,83.34
2025-08-13,32.89,26.07,83.08
2025-08-14,30.73,25.12,89.8
2025-08-15,31.95,24.42,83.6
2025-08-16,32.44,25.01,83.95
2025-08-17,32.75,25.46,84.89
2025-08-18,30.2,26.24,90.4
2025-08-19,32.86,25.3,83.85
2025-08-20,32.23,25.4,84.55
2025-08-21,32.5,25.61,84.6
2025-08-22,33.45,25.91,81.54
2025-08-23,31.82,25.93,86.76
2025-08-24,31.9,25.07,86.64
2025-08-25,29.13,25.54,92.24
2025-08-26,31.56,24.87,87.58
2025-08-27,32.32,25.27,85.08
2025-08-28,33.06,25.35,84.1
2025-08-29,30.06,25.3,90.71
2025-08-30,31.48,24.5,89.03
2025-08-31,29.5,25.67,92.43
2025-09-01,29.0,25.11,91.2
2025-09-02,29.37,24.95,90.94
2025-09-03,30.26,24.47,90.66
2025-09-04,31.57,24.09,85.18
2025-09-05,30.23,24.44,89.64
2025-09-06,31.21,24.48,88.02
2025-09-07,30.82,24.77,88.05
2025-09-08,31.53,23.92,85.93
2025-09-09,32.55,24.3,84.64
2025-09-10,31.44,24.11,85.49
2025-09-11,31.54,22.34,83.76
2025-09-12,31.46,23.83,81.75
2025-09-13,32.31,24.27,76.07
2025-09-14,33.05,23.74,78.05
2025-09-15,32.25,24.67,82.12
2025-09-16,33.26,23.6,77.49
2025-09-17,32.64,24.9,80.07
2025-09-18,31.55,23.94,83.26
2025-09-19,32.33,24.12,81.67
2025-09-20,32.55,23.61,79.8
2025-09-21,32.43,21.83,79.21
2025-09-22,32.26,20.64,77.63
2025-09-23,32.14,20.26,76.49
2025-09-24,32.42,19.93,73.43
2025-09-25,32.46,20.21,74.8
2025-09-26,32.99,19.84,77.33
2025-09-27,33.53,23.33,79.25
2025-09-28,33.09,24.7,82.42
2025-09-29,32.27,23.68,82.78
2025-09-30,29.44,23.69,88.32
2025-10-01,31.41,23.56,79.51
2025-10-02,30.63,23.14,81.31
2025-10-03,29.73,22.65,83.0
2025-10-04,31.92,23.19,76.61
2025-10-05,31.83,20.56,67.73
2025-10-06,29.78,21.05,81.68
2025-10-07,28.19,21.41,87.72
2025-10-08,27.61,17.68,81.68
2025-10-09,28.29,16.5,78.45
2025-10-10,27.72,16.12,67.44
2025-10-11,28.62,17.48,61.73
2025-10-12,29.62,17.44,69.84
2025-10-13,29.84,18.56,56.77
2025-10-14,30.17,17.0,55.44
2025-10-15,29.89,16.1,55.3
2025-10-16,30.58,15.27,55.43
2025-10-17,30.27,16.95,62.22
2025-10-18,29.56,18.44,66.53
2025-10-19,30.41,17.99,65.52
2025-10-20,29.87,18.81,65.73
2025-10-21,29.37,20.41,72.68
2025-10-22,30.41,20.11,66.67
2025-10-23,30.64,17.98,55.94
2025-10-24,30.16,16.8,53.52
2025-10-25,29.68,16.26,52.32
2025-10-26,29.9,17.2,49.0
2025-10-27,28.69,19.08,58.09
2025-10-28,26.28,17.56,75.55
2025-10-29,28.81,17.05,70.8
2025-10-30,26.12,20.35,78.93
2025-10-31,30.03,18.96,76.05
2025-11-01,29.96,18.26,64.18
2025-11-02,30.13,15.9,60.14
2025-11-03,29.45,14.25,53.53
2025-11-04,26.69,15.09,56.64
2025-11-05,29.64,16.52,53.4
2025-11-06,26.92,12.95,59.42
2025-11-07,27.09,10.25,52.47
2025-11-08,25.52,8.78,50.6
2025-11-09,25.57,9.55,52.45
2025-11-10,26.3,9.89,47.78
2025-11-11,26.24,11.52,47.28
2025-11-12,26.13,9.68,53.47
2025-11-13,25.86,9.6,51.62
2025-11-14,25.93,9.31,48.65
2025-11-15,25.7,9.25,46.68
2025-11-16,26.29,9.28,47.41
2025-11-17,26.09,8.67,45.66
2025-11-18,26.24,9.74,44.29
2025-11-19,25.42,13.83,50.34
2025-11-20,26.01,11.14,64.17
2025-11-21,25.22,11.38,63.95
2025-11-22,26.29,11.2,55.67
2025-11-23,25.91,13.14,46.61
2025-11-24,25.37,11.51,46.77
2025-11-25,24.23,9.12,48.08
2025-11-26,24.53,8.91,44.76
2025-11-27,24.92,11.74,38.62
2025-11-28,25.7,10.9,53.02
2025-11-29,26.51,10.21,54.48
2025-11-30,24.08,8.9,44.21
2025-12-01,24.84,10.13,41.43
2025-12-02,25.73,10.91,51.65
2025-12-03,23.59,8.96,47.51
2025-12-04,22.49,6.24,49.44
2025-12-05,22.19,7.92,45.56
2025-12-06,24.97,6.85,51.46
2025-12-07,24.73,7.18,44.86
2025-12-08,26.81,10.45,46.28
2025-12-09,25.47,7.96,47.23
2025-12-10,24.3,7.13,45.33
2025-12-11,24.83,8.06,41.44
2025-12-12,24.49,9.23,43.09
2025-12-13,24.74,11.65,51.18
2025-12-14,24.42,9.67,50.34
2025-12-15,25.78,9.92,50.13
2025-12-16,24.55,7.61,53.83
2025-12-17,24.68,7.06,52.28
2025-12-18,22.65,10.21,64.01
2025-12-19,24.36,7.76,59.12
2025-12-20,24.33,8.27,47.18
2025-12-21,22.48,7.46,55.99
2025-12-22,23.2,9.2,59.08
2025-12-23,25.61,9.7,60.92
2025-12-24,22.17,8.21,57.15
2025-12-25,22.04,5.94,48.2
2025-12-26,21.32,10.75,46.98
2025-12-27,21.31,6.44,47.65
2025-12-28,21.91,7.37,47.97
2025-12-29,22.97,5.36,45.59
2025-12-30,23.38,8.3,40.85
2025-12-31,22.04,7.38,51.12
