max_temp_c,min_temp_c,relative_humidity_pct,duration_days,temp_anomaly_c,risk
44.25307701967523,33.02244986076914,62.71560794882187,7.0,1.2555565837550162,Extreme
37.2164472347931,26.156450781398668,78.38166697363219,3.0,7.868546375952796,Moderate
46.030556318139034,31.91654014491239,75.24586188964078,3.0,0.16395980453151082,Extreme
42.644728610246645,29.82886812107719,86.40331958360697,2.0,5.758702443219826,High
29.977724305640642,24.685368890670432,79.4618158673841,1.0,7.207994306766382,Low
48.488069384371876,42.94401887576571,34.78136664635556,6.0,7.261892765311583,Extreme
43.983933741797415,32.36679076478124,59.47019239006089,10.0,1.0906697526894424,Extreme
44.50735041081603,34.159237578971,38.7929567274864,3.0,-0.3221360178462679,High
30.690386286186463,22.82835507741356,41.382830364120196,5.0,3.9368702214943934,Low
37.45810469580691,27.85288773534409,89.5555495383997,10.0,1.227338797690007,High
35.786758508884205,22.449745002822738,69.55167240536588,8.0,6.691978899153318,High
47.462064765820635,33.369338434583405,92.96723306008846,1.0,2.9236207962096312,Extreme
41.521167521693954,30.347713774903468,48.35300293749956,6.0,3.942893351364453,High
45.27799387868743,36.0389295892593,57.995005868318124,2.0,0.24833426411882997,High
37.311698175373955,29.334033798927777,53.96923359331374,3.0,5.243053152030109,High
32.772013157480316,22.030909979018528,23.582964601898155,3.0,1.0407660859509804,Low
39.64628052733253,31.184034723124338,33.93615956212827,7.0,6.468842270064307,High
29.34016237818768,18.13511587066823,57.21090884835857,2.0,-0.21714295197316935,Low
45.38025461184422,32.93707840423821,20.3899444106405,3.0,9.734840515094557,Extreme
41.26495238156336,35.538081061450015,89.51695434471114,3.0,6.529796764443929,Extreme
43.91984254179285,38.90810042654263,24.907494555469665,4.0,0.9990252459311879,Extreme
35.44504533072723,28.10999680347906,30.83845971335257,7.0,-0.8449588999195863,Moderate
48.384658512292965,33.54503203738638,76.22569791509092,4.0,2.679091814257406,Extreme
46.75554354776615,34.646345152252,22.754763343145097,4.0,0.6809459045742815,Extreme
44.346053438549,37.45448956724175,87.02224796923275,6.0,1.4025246643150058,Extreme
32.08741286489132,17.294509284831513,73.05607765780285,7.0,8.600252842816785,Moderate
37.80114107826772,27.63162573510698,20.489668568708712,1.0,5.635251260559344,Moderate
28.919879081531803,18.682869758066538,70.34776490285223,9.0,0.9410341833178943,Low
31.240079333418503,15.949117951149297,65.53028337370543,10.0,5.123253407561936,Moderate
42.34402801809155,36.68967440407481,75.58795461919348,7.0,1.8135871876749254,Extreme
43.64000527406416,36.27304425314826,81.25582819914686,6.0,9.738209507938981,Extreme
48.31770438111841,36.87421980441646,72.4680450538524,7.0,-0.6396704670993522,Extreme
34.84233252090119,27.691980915499144,61.89410362167776,5.0,7.055502643845966,High
35.77965382673224,23.30485672543371,40.797065486542216,4.0,7.5029672881057,Moderate
37.86067203679197,30.505656854088045,70.78189294639432,4.0,-0.26120959646529707,High
31.97889854077,25.888171864183043,91.55772677046235,2.0,0.8905630065448673,Moderate
30.728351612044904,23.45151485599567,62.00174244230994,9.0,3.227373250143533,Moderate
37.98980345074461,28.339729073751926,68.14758947474031,4.0,8.549703091819746,High
32.765096330068566,25.827575039164685,49.970243375984055,3.0,4.906999322603493,Moderate
42.066093888332716,35.5844816141759,75.48966477944595,10.0,6.208375350080195,Extreme
37.18019029631895,22.717089547910597,94.81339138709087,6.0,7.613141190025269,High
45.48624211721459,36.9618728776442,27.831145925418888,7.0,8.10935067171272,Extreme
42.70556714204723,33.73722159034644,31.192422360300984,3.0,4.239129973920492,High
34.55969946902286,28.951724964509356,58.15502069315116,3.0,4.596724526508295,Moderate
45.477455829299224,36.54638997077663,53.51003178093266,8.0,6.898064427965574,Extreme
44.90005150743284,36.987172556895466,60.725582760537506,5.0,1.8967659460918904,Extreme
36.13704595963366,24.421710218873987,18.925923817941843,2.0,8.399387100020768,Moderate
34.054890182535125,26.795596908138652,47.342116506435914,9.0,-0.7713449307657427,Moderate
42.33240558347448,27.56038559978324,61.63826096524487,5.0,1.1534876243069714,High
30.934802155795506,15.708469325680399,61.81530810439702,7.0,7.802199373401535,Low
32.19807225197727,26.09993062303258,67.58671694146989,4.0,2.7428403308193947,Moderate
28.154607664771117,21.97317514559677,72.6172823202131,6.0,0.6481611596153656,Low
44.52541192754491,38.25682110832404,66.32377626726853,8.0,1.0543023128254365,Extreme
41.96186798843267,30.14660616901924,78.2194524311548,9.0,4.838320421296765,Extreme
42.808472951153036,36.46681434484719,64.98085077476733,3.0,8.307996822794866,Extreme
44.395309651461325,30.019104154228394,58.00061300297636,7.0,-0.22284212651778346,Extreme
37.63723128630514,24.34024462198832,63.49571431102487,10.0,-0.6647099996288566,High
39.94356511501077,25.925667674392507,23.09546934026659,7.0,4.116849494205274,High
30.935736960680806,20.149071164934576,36.8525232580416,2.0,9.518061565589981,Low
30.405131544255443,14.441682217544756,57.19198245265049,2.0,2.06910783755539,Low
42.0364621975999,36.55053606521413,84.83897723213657,3.0,9.550875929737531,Extreme
37.893020329005786,28.47910572295854,69.32412450303944,2.0,8.764492942490016,High
39.869958236104964,31.306654877790965,22.232646277751805,8.0,2.1144858402626223,High
44.06497600573654,28.62987551989749,62.38199603555235,10.0,7.986428706817614,Extreme
41.3290847200124,29.983614176538882,32.739039010967915,6.0,6.544540328257007,High
39.62516741381791,25.757066793925937,73.72132478309783,6.0,4.630046277952329,High
39.743350375653684,32.86959724540998,81.19526820069977,8.0,3.652077573471622,Extreme
34.38295205931485,18.617976476410025,62.47650180719787,5.0,7.970530315180024,Moderate
28.647174525926726,18.16213951028726,62.30900878013678,5.0,7.723873759645233,Low
37.17106517387961,26.740672334902506,42.08731545686512,6.0,7.326299695368151,Moderate
32.506278129210116,16.826546115207,50.70000169290475,4.0,9.980815463368254,Moderate
36.57910151821736,27.391045544828764,84.12866830522763,1.0,4.263637070355223,Moderate
45.92146453863149,36.548689268526566,72.86562647737253,6.0,7.876152756019074,Extreme
32.912729203172155,21.48044947231785,56.580292775667445,9.0,8.487262036818263,High
29.224357575470385,22.81577885944473,44.45859089986968,1.0,1.3276283959905233,Low
33.90906173246193,25.377119841931524,19.030379063084347,3.0,-0.5372691374163292,Low
34.165468913100355,27.04017736620392,26.44059210611081,3.0,3.452232424074376,Moderate
41.90024680926479,35.764128539087245,30.44201516314965,9.0,8.424103528804535,Extreme
39.697675199166845,25.170084529525624,44.87068346069398,6.0,2.1801360931396125,High
44.46186239123468,32.979219563832444,90.53149176610196,6.0,6.700111694741665,Extreme
41.95058434687514,33.00518364006812,55.412271588699895,7.0,-0.9191704702931105,High
36.534124090241484,27.03876093920764,33.78721306073849,3.0,2.909008755522615,Moderate
45.09442807798673,35.347719037425826,23.460010996921127,8.0,5.770683642339663,Extreme
31.506431318061782,19.541790314469978,42.06444196823712,1.0,0.4273290907957057,Low
28.47695353581107,13.282490229432144,80.25845084408455,2.0,8.862676033621772,Low
29.891005076288476,14.630429260061668,45.66742347284063,9.0,0.7190137482878717,Low
43.16954636252546,33.863134587688165,76.80046448179309,7.0,9.00772899504394,Extreme
37.69942183527913,29.07753477970367,79.2163980901503,2.0,1.3802823955127215,Moderate
31.38670735970564,21.425195857667834,23.865661575896333,5.0,9.937065413074249,Moderate
38.521940277170636,27.274663742457218,63.6927802101427,1.0,5.6522358462515,Moderate
31.198554156976538,21.118557131029306,91.72768506968886,7.0,-0.07220616117857592,Moderate
42.62272787663245,30.376440368648744,47.17104599228431,8.0,-0.28195042073474164,Extreme
37.369281787054646,26.270892529877244,19.07552712024178,3.0,-0.17586134114584362,Moderate
36.00144574802613,27.473574734391292,88.86421522063029,4.0,5.488820220200471,High
34.33175387210541,25.52871500871645,85.69330252579863,3.0,7.905371225601238,Moderate
41.23593445549666,32.07141379233962,56.771315776720144,4.0,3.432590159475563,Extreme
35.5980648216212,29.557027370877925,59.18024962752077,3.0,3.89319335210048,Moderate
29.840648305638123,23.013959349084416,31.939288222089992,3.0,5.482164740310909,Low
30.47812394453082,17.523872120931575,80.55606044357098,5.0,4.863446652649913,Low
48.1998509555398,38.91978712879692,54.888003071370115,9.0,6.568679064113972,Extreme
47.08019450485975,39.720265806698166,17.710223611404523,8.0,4.1896429217932925,Extreme
42.69384981002574,31.50445329370231,69.64119651591983,3.0,6.852467535704743,Extreme
33.58326919064991,20.272334223442208,91.03970158421649,10.0,9.970418168012975,High
48.352703924302205,40.52105793850312,81.33203922766002,3.0,2.8532762647364143,Extreme
44.35376898328169,30.2590802821205,37.175851216843185,10.0,-0.8656299079311411,High
43.05469397233891,27.852140516463365,19.266006794667252,4.0,0.38187550106820245,High
37.43659154501956,25.86525172520731,90.22811300305445,6.0,5.088656034856492,High
33.71707279874834,21.358648549840964,89.96501799037611,3.0,2.7868356585911727,Moderate
30.024210205223486,24.445874311669876,57.59322557702955,8.0,9.339808530754917,Moderate
46.95465032742067,31.553931526179703,66.38539293372281,4.0,5.901906991181212,Extreme
37.57130208650583,28.25397000959145,52.00800485686466,9.0,4.723907045620147,High
32.249630660699836,17.086726254700107,48.58122936790069,1.0,7.778434513992206,Low
34.4250891071637,23.05633633491103,24.55587487429603,6.0,1.8444885815400465,Low
40.163610947779816,35.11280416050321,22.740231868887683,2.0,8.017123943105958,High
31.712228441723866,26.288266449166073,33.618571734095,9.0,-0.9663278464949776,Low
45.988899965939886,33.504293103570745,81.93125971252354,5.0,5.816450983492894,Extreme
43.928910126539414,32.73956197438815,26.666584058854397,7.0,9.282328661503568,Extreme
43.10872207496967,37.81686526570285,33.135892153176854,9.0,7.666459472372571,Extreme
37.07395383527718,23.89589426183094,58.8891247457766,6.0,8.389976113620953,Moderate
41.17348565475131,26.799886946990313,32.210497446261954,1.0,3.3665016468865057,Moderate
40.26605734716745,29.805465040335058,28.056534777422968,3.0,8.066628407101389,High
41.64677863265122,31.523446788721415,60.06529933583698,3.0,5.059148315332933,High
29.77333074393767,24.71312654675677,44.44746167972924,10.0,5.803942601535188,Moderate
36.731955445582805,23.078808608153214,65.09274286723753,10.0,-0.3519312673061614,High
28.873897651099742,20.236020916892585,87.9764272326941,5.0,1.2170686689183134,Low
38.3738072041349,23.707407386526963,27.079450514805412,9.0,5.060608570649078,High
34.92708545898849,25.82341899584991,88.07469278504512,3.0,-0.35318836394152586,Moderate
31.035007966186985,19.819150949249224,87.19919739383349,7.0,7.155914872464845,Moderate
30.171462322173586,22.197702651980983,81.32700666687222,4.0,8.240627093740917,Low
40.340536015731956,33.574064577297854,65.50287338448682,3.0,9.123985974242853,Extreme
31.582452339274607,18.05846540208,64.61173259724379,3.0,0.11945305097786518,Low
47.42752248591274,36.96502721860364,66.13701279492012,5.0,9.336922728250801,Extreme
40.202283933708294,29.30091677243354,70.23964409742506,4.0,-0.25617991607775514,Moderate
35.28426589523158,19.664690406932486,16.31857604769256,3.0,4.214618375205968,Low
40.40922532110975,24.809846286666062,91.64740633285197,4.0,8.24276122690593,High
28.478881291623647,14.066817952897209,61.848300917246384,2.0,-0.22657747579099097,Low
48.12974347807035,41.06604125765498,77.51726715219374,10.0,-0.79945819712118,Extreme
38.128372175800905,26.591372538483526,45.18254712490905,4.0,-0.7255750942268424,Moderate
44.43743977225601,29.7778181010451,15.991777113263677,2.0,4.623972633796369,High
29.73732999837121,20.618226697432895,55.77877279011552,6.0,7.9275641905632925,Moderate
38.21982494760137,32.10765712230993,55.57520954527432,9.0,0.40169338179859604,High
38.30484688144494,24.384254956805798,49.95914306491614,4.0,0.3707127948749469,Moderate
47.69435555447464,37.39495648949075,42.17736433296614,9.0,5.254015405547708,Extreme
40.006289099897586,28.79796961594662,34.98608702477776,7.0,1.5772516089311606,High
37.94327742219603,22.139690162699743,57.203589959774625,8.0,7.0323510865936125,High
33.606488924929764,21.92716318949497,45.022251175479525,3.0,9.44598926994425,Moderate
34.9629489441936,25.288175701866486,92.59455064398469,1.0,7.426367472604544,High
38.934120451902295,29.86429240558312,28.834184621354517,4.0,8.64892903016808,High
37.21714066640598,27.623328447211478,40.57324541016696,10.0,4.715446633288374,High
28.45385367748694,22.151463762521583,38.51683767396568,8.0,8.155512346392866,Low
45.352130408081514,31.609874265488223,58.46473409887656,8.0,1.011935023853506,Extreme
46.8193762086351,32.60449076857765,54.94242055793183,9.0,-0.24817320564809875,Extreme
30.945230868970825,22.816862388663328,66.49923723394184,4.0,6.215484211371545,Low
39.63475901432004,31.292996211810653,91.00014164593662,4.0,-0.4285224586613847,High
30.280090563844315,15.66241374416137,37.81768683950939,10.0,8.817295610536485,Moderate
42.11704195383604,36.85336804302853,70.42172554039972,6.0,6.607095618181605,Extreme
33.90590946061918,23.180877579179672,17.003216240414687,3.0,9.474207979498033,Low
41.84787532852994,31.747442467033427,35.99107781868996,3.0,2.452753219445592,High
43.26688690002454,30.67549243466148,52.097578239727426,9.0,4.34774140121783,Extreme
44.1415973302708,37.3442886286268,17.479583078490755,1.0,7.158594015496309,Extreme
30.26255986507383,17.910921716327138,64.41355684429111,1.0,1.6705688400690262,Low
47.23624874788977,38.09217466126613,69.26484867213665,8.0,4.9603370212283355,Extreme
32.834493808792494,21.02863124892643,74.73853718704373,1.0,6.254140025060259,Low
28.785663679699777,23.34461857109924,56.32596038744098,2.0,9.766895198917453,Low
39.65190185722115,29.572902688191544,63.31557319829013,10.0,7.191736236666233,Extreme
35.78936796111121,25.044608127305118,46.685220102278976,5.0,0.29943935306981395,Moderate
45.42558460578068,38.067994174375826,18.300242600525003,8.0,4.228667965216413,Extreme
44.97328091335034,38.43742071738001,22.99614846196104,5.0,5.476478612885293,Extreme
34.65991674927702,27.58669941614171,67.39967393611713,1.0,0.6128545715078801,Moderate
48.010887296464645,39.22533543776782,94.6444239668621,2.0,3.751626626791862,Extreme
34.10927460094249,28.044362958587804,16.264259133063696,8.0,2.124063979694053,Moderate
38.816199713866006,23.395681960840356,59.60667974611062,1.0,0.3071029648822856,Moderate
33.37526690191966,23.92033222546567,75.08070023060463,6.0,4.632461268098,Moderate
47.65691497102823,33.75824934345399,81.14198624111029,4.0,0.8219638911357996,Extreme
31.45676416922238,15.738175815025068,58.61639209781121,4.0,5.495911494442957,Low
28.94312300723891,23.05503492720878,64.5932784147284,10.0,0.8666662546605198,Low
37.1370382600638,24.968674112778864,70.73799562196427,7.0,6.959544159631032,High
48.83988684517258,34.25438689101922,83.71729997547445,7.0,1.1476578533263746,Extreme
46.725222591353194,34.748643817719184,24.78316297622549,4.0,8.859136108537644,Extreme
43.72076840859593,34.001481073664394,89.09457570198907,4.0,-0.7116970779631027,High
46.70664230844902,36.9648023744317,17.0813922841256,7.0,4.741971257503096,Extreme
46.76237943365513,41.36749168757418,81.89598007662202,1.0,2.521152424752016,Extreme
38.896025568115434,28.015417303933404,21.139234124775783,3.0,1.4758417835204989,Moderate
34.63451008844665,18.70553712379133,30.570256928393782,7.0,4.187630570816628,Moderate
44.21226107433075,28.666478288639475,15.311531710490609,7.0,8.262214899566867,Extreme
41.89488652652298,36.450495009259186,50.62053644288326,1.0,9.068049260793135,Extreme
35.846812306347914,23.083045266423547,41.748738137391385,8.0,2.3357347996263034,Moderate
29.98380002929182,21.664386495625582,28.279432918962186,6.0,0.6966798430457838,Low
43.68258183832955,28.749701150862045,51.087212864312505,3.0,6.92154492322938,High
33.511670834380155,28.01540863157809,47.189670653774705,8.0,5.401985980015871,Moderate
47.673076161209366,32.37846103908748,76.41288261589932,10.0,1.211177635453159,Extreme
33.06038207511938,18.848148893453832,86.4504244856026,5.0,7.363253668961803,Moderate
30.577916580641208,24.285368375862593,67.20538014136655,3.0,4.708234787663552,Moderate
45.45336611462303,39.79529840413274,24.952831098121912,3.0,6.187347194581483,Extreme
31.218970649114375,17.03718634151808,38.63126357678805,6.0,2.952729373597276,Low
31.764634471312522,25.05130009059215,88.06546374658238,1.0,3.830073174326136,Moderate
40.587038621937715,29.703158939203142,22.098759440631135,5.0,0.9837630821243641,High
46.36580285758675,31.292609420920947,47.54846715126612,1.0,7.321674544098751,Extreme
32.12512798000604,20.883198730963485,90.4003695386785,1.0,0.7271245656697105,Low
34.51679713090199,25.147230814700926,91.05318731755885,5.0,7.561328542261675,High
44.32550160306473,34.430324999670816,47.896254163911394,8.0,7.7780864037304465,Extreme
48.408354947280316,42.714066069537736,68.3917510479038,9.0,7.212610604606338,Extreme
38.51556491024919,22.8592893752716,51.53964786831992,1.0,-0.7863493313538553,Low
31.021847553576265,22.604651517684353,75.27684315490734,3.0,2.004465338673409,Low
28.292662041872234,21.209663633470843,17.52650645543988,5.0,4.151715170709951,Low
32.82277662997596,24.676256309731613,26.532571913708676,6.0,5.550988165884753,Low
30.768266573516943,15.160161429710675,64.13590428348795,10.0,9.111443093059552,Moderate
42.230832145870004,36.19368555750193,33.60418099544509,7.0,3.131665693415725,Extreme
30.558482597199152,16.01814915168616,68.28418394153188,6.0,8.625256506513495,Low
38.63292856403329,25.846645725617368,43.09783419690387,1.0,0.797722169505202,Moderate
42.579511148500615,28.449300177751304,85.9316446502257,1.0,3.0840853625948967,High
40.20344879363895,24.46857584959209,80.54075084479892,2.0,-0.424897880965447,Moderate
32.19528868486121,17.931587474175622,54.427024005502574,7.0,7.1673822016118445,Moderate
44.88661504982752,29.509409185771137,76.83160696758863,4.0,0.6571803317620425,High
43.023549721931836,36.62726189723172,36.69103089880723,3.0,1.8272201721330354,High
43.51866408222638,29.76498986538971,54.540782144949006,7.0,7.527565774125363,Extreme
30.752212782703577,19.749780147812054,30.79856414906225,9.0,4.88188389164981,Low
30.598829876657238,19.62037833077877,83.8708934816795,5.0,-0.8463000863969118,Low
47.47881357113666,32.59067623161101,80.84540932547318,9.0,-0.9754127477786315,Extreme
36.34914207032375,20.659300065209926,87.1719734727201,8.0,4.617266949138868,Moderate
34.31992252739973,21.566700973924743,85.19815849794075,8.0,2.354510651241143,Moderate
38.2602649523822,27.947942668192578,91.76770096475958,9.0,0.9834259059469483,High
41.92014846803523,31.89970603111493,33.26689853055407,2.0,5.74953331487722,High
48.068088397986365,38.818332368531365,89.54594326362523,8.0,1.512801188891698,Extreme
34.015370764523155,25.037781439223863,60.69705530815981,10.0,5.514278646534427,High
47.420977015552566,38.11440175702382,48.79960671345217,10.0,3.1719254564490016,Extreme
28.52204931911138,22.534763731348235,59.82991167742984,6.0,1.054208394367687,Low
39.65915888886332,33.8073619509985,42.40818853202222,8.0,0.5191521165562353,High
41.313477345302786,27.73490906270736,38.08424055687617,9.0,1.6054666344001687,High
30.22384547876582,20.317043656643335,34.3051470382023,9.0,-0.6718468118571641,Low
30.947131538342166,15.70960216435134,21.594239156570147,9.0,2.3893965823989527,Low
36.80140070564238,25.066969611108902,54.725191771774995,9.0,8.921501591999736,High
48.290870155006814,42.9039343509782,86.02093405711099,4.0,8.144983384713312,Extreme
40.51689361792183,33.78413686342956,65.41215754195078,8.0,3.092041323916248,High
47.593487653604434,40.32946993046135,56.67805062046188,5.0,5.334169804399842,Extreme
44.891579227872384,29.158482959586117,49.287433460073316,9.0,5.240966149154643,Extreme
37.81501363266112,30.409267144993137,52.152130105375356,9.0,8.116112931130836,Extreme
44.480032434295936,33.806719995127374,31.742187805756075,10.0,1.5991911166866217,Extreme
28.374572463516742,13.076626215474585,80.83487017544778,6.0,2.260262376723136,Low
30.292023932080433,14.542903903022502,30.870637062522242,5.0,2.3196397712017265,Low
45.418000912537465,37.81803612331848,72.32982053818505,2.0,-0.5504301125115824,Extreme
44.733158854828396,39.19286477357795,75.79880091969221,7.0,2.461566496181114,Extreme
32.885455581295105,26.195835423379762,60.98952336221874,6.0,8.657051542468077,Moderate
39.14616140258012,33.44954813685198,84.03410999638628,6.0,9.03186412328629,Extreme
40.72633223470023,33.57996558268453,38.284028196052006,7.0,0.20598880345405424,High
46.22251802929623,34.96825116755514,85.52937769942906,9.0,4.038643957802745,Extreme
40.665250304113236,25.62831354486118,73.35283676794434,2.0,3.1948379174640302,High
36.66400295474729,25.75459523410955,78.89998622094086,5.0,4.382951162857267,High
35.857864911550834,23.971979787860946,68.16637676218514,8.0,5.101914764645449,Moderate
36.943523813843704,29.722984046138752,82.70744135919755,9.0,-0.7771536398047932,High
41.69055153717946,27.884131709767107,94.44790901741088,8.0,8.264664727132768,Extreme
46.21730326679882,34.42162527323741,48.61302836197109,8.0,9.710304804906723,Extreme
37.53183452360229,23.026329402482318,80.11325469676562,9.0,6.187452932040065,High
33.20463082197852,17.767356644914894,74.56638076144269,10.0,6.264974623427062,Moderate
32.9699096229492,24.143001089626686,51.22961325696144,7.0,4.807778436137793,Moderate
43.66629988511237,37.66993024122254,89.15591997860096,3.0,2.677007528858199,Extreme
45.14794403190212,37.662725494817515,46.55407436580758,6.0,0.6387560659747321,Extreme
30.210839676936626,20.394582454502416,60.237273302099005,8.0,5.424696769656557,Moderate
29.397735996058742,13.995105825989535,23.475388559276922,2.0,-0.5056445613987224,Low
40.483106938885484,31.321698892777917,33.0620155253013,8.0,8.069528244610613,Extreme
31.069638128046662,17.591132777727594,82.25569364270085,6.0,3.63002869417677,Low
45.31794799958317,34.372704385704864,46.724217826307786,10.0,3.5622964657817233,Extreme
34.517028152405565,27.506131677664825,46.526727153220655,3.0,2.5988794432349636,Moderate
31.021310592393995,22.493235283906028,34.67848145524962,10.0,9.662892775684451,Moderate
47.34037992223646,35.15526918698545,54.32882674379635,5.0,0.9240864804779072,Extreme
31.47616617744084,19.07477883590701,79.4653569080498,6.0,0.6643860362273227,Low
33.97912172909665,24.19676451419714,86.61312942189917,7.0,0.8208465169953317,Moderate
31.225881299033233,23.71077966974997,20.60915456353471,6.0,6.2438023113584045,Moderate
30.425291336972453,17.484316762333012,60.98565849920924,10.0,9.910848506025582,Moderate
28.444108343065242,21.58650488532538,52.38186943138676,2.0,1.5902268744193018,Low
29.163303592449463,13.85993698193307,64.14254803772627,8.0,8.961791367742366,Low
31.667470889652908,24.600531520251664,50.78205495266153,10.0,2.0647821512898963,Moderate
29.121020585170683,22.940584594012957,46.89158566827321,3.0,6.126899121378302,Low
40.41402013833039,29.939895412311227,52.75045699435915,3.0,-0.5545115287329551,High
42.295005062789635,31.579959483583,61.55993030051313,5.0,4.452193720338078,Extreme
36.26623959347259,25.676117530911895,55.07865688254214,8.0,6.200269629068799,Moderate
34.67781303599304,24.874470653265806,52.771556081651696,10.0,4.899517549448914,High
38.59505097746683,22.652087156341143,80.42682479664646,8.0,1.6161892336997024,High
46.37510378692678,36.02601704755038,74.65183929902862,8.0,8.11346643094707,Extreme
45.87376416326632,35.61635177512818,42.31027953449542,5.0,9.671501623620642,Extreme
28.912976302268632,19.27354961240846,79.04616940122564,7.0,4.0511570526127185,Low
31.811466601527005,26.076383299810914,83.29205352036001,3.0,5.995111917081791,Moderate
32.97164229319232,21.44911935054654,27.27937642993524,5.0,7.694545951801298,Moderate
33.23713909247645,25.729493598021442,61.6145969384607,2.0,1.656379666839734,Moderate
39.99588568659823,27.98218690407868,37.8249594879371,1.0,8.508954201216639,High
36.74151093976704,31.18234285833379,74.1337857541378,9.0,2.082209958409973,High
29.034336518479474,13.239078404696455,34.10282634869466,9.0,7.5341388386676265,Low
35.845896907651,25.68684103851161,68.71228193384255,6.0,0.23309155669064263,High
38.998811923070384,24.134502835572704,35.40997248461071,1.0,2.172253737555867,Moderate
30.135109960978035,19.903937055415753,55.89150107439545,1.0,4.869819273338545,Low
45.502629629559756,39.83899062524332,90.89171743329537,2.0,4.774143052747466,Extreme
29.09119919576719,15.046850188735313,45.50460307651476,8.0,8.354743029350029,Low
47.4216792493793,35.29165822304083,85.05907887705662,3.0,9.95739983402468,Extreme
30.081375973177387,16.48204844986399,93.95556649631158,3.0,0.17931930446154687,Low
45.715073983552806,36.0052054849552,84.98806790441306,9.0,1.9852694610754074,Extreme
46.95571602247996,34.93841183576687,28.269282377867427,9.0,2.933580312453834,Extreme
48.57098429231845,34.152465250555764,80.57265756281305,8.0,4.268102485910056,Extreme
44.842543485745466,32.9008236141547,17.5719516080449,4.0,4.43300717469839,High
44.36902835619791,35.544618373002976,46.464150695944625,6.0,8.418145694632583,Extreme
41.4921487959065,29.204323257878304,84.6586698654291,3.0,7.476152330636097,Extreme
44.35892344614071,31.968527371385967,70.10017702079358,9.0,-0.7926326305825135,Extreme
30.82559637667609,15.259139789103214,57.619234187030244,1.0,4.005239366415067,Low
39.25742875490038,30.17739321794202,46.02912200660964,8.0,5.798812220684977,High
38.798680273998706,29.122780831343263,79.98375571762288,6.0,4.064351458023258,High
46.00901502657371,32.07566245351606,71.76467231585767,8.0,0.4370978162827255,Extreme
37.71878667746383,27.15540121529368,52.472425569253865,5.0,3.37221492059713,High
36.08687941810742,22.98457539383436,86.39874697677278,2.0,3.528212646427097,Moderate
41.430828695979315,31.374024586989805,33.39584142549059,8.0,1.0648751469473465,High
33.595729667517766,26.22528310757806,28.631320732689993,7.0,7.319378259180488,Moderate
30.935136630033096,17.737894359441977,66.42430114668653,5.0,2.535407481567245,Low
38.03542275449866,31.592715893466853,92.75954741614163,4.0,5.478860196254779,High
36.754676740492584,29.570256441648198,34.78052586454162,4.0,4.673031990546443,Moderate
32.883968751106345,20.98889394048005,34.97363031470612,5.0,8.651697871380277,Moderate
35.71774801241769,22.497780210304917,26.159907836975194,3.0,0.34216425049122,Low
35.69424144635119,20.852674690805227,83.84508442189058,3.0,0.25689309078806155,Moderate
34.877406852663455,26.878955381088645,33.11180323290672,3.0,2.3035163603531736,Low
35.968745674265506,29.75077882965941,55.25428213799103,1.0,3.7433646493841852,Moderate
42.40061025457485,26.88409699982593,94.26979824017637,10.0,2.2839647362735347,Extreme
34.23440596599699,27.535751997753422,15.971272073763485,3.0,7.395057906347682,Moderate
47.92601646102215,40.751679656221114,59.51888724086353,2.0,1.6979242742022964,Extreme
47.243308410301736,39.038684421158614,55.983123416395664,2.0,-0.067477829505308,Extreme
38.09911899430165,27.275814100012486,79.59579011281238,10.0,3.5517979087256233,High
34.895585305098464,20.184504078723606,43.422523164222156,5.0,7.507172169523324,Moderate
39.24413058643007,25.87812433640153,47.82730871192332,4.0,8.356181379454155,High
45.81977026424612,33.03003717197713,28.435038447909093,5.0,7.066793331996859,Extreme
41.70433415176214,34.7773479053461,74.26521853086294,1.0,5.136753463497184,High
44.892228386888625,35.957719440102906,77.77671273505186,4.0,6.966108719240943,Extreme
39.187167797380546,28.92471361042709,25.93306566230642,3.0,6.495284888342475,High
41.291270214620035,34.66958472627859,46.47656591906574,9.0,1.5780329574456693,Extreme
34.05126789783169,26.043541174438296,86.43239962901464,1.0,5.058347814235131,Moderate
43.432756408516106,35.04109116503482,15.216581894062973,5.0,7.476702659022752,Extreme
32.25049645564008,25.85045827402065,38.90072564981058,8.0,2.48832728062652,Low
42.590760705188465,31.53812409419763,59.403382804203815,9.0,6.193704613886245,Extreme
46.075100434843776,33.31979027307766,41.72750877279626,6.0,4.296284702706783,Extreme
30.774159583332423,25.00491163708695,36.76361513421355,3.0,4.53474736039522,Low
40.90197455138031,30.609620431985668,51.80299879225701,4.0,-0.009394584396242966,High
29.997010712828626,16.39268756488288,29.5218486487755,3.0,6.328388818359177,Low
43.24002819369996,30.01213677522305,57.370019276758704,7.0,8.52255738889972,Extreme
29.774357595293925,15.80855353688763,71.53567370505807,3.0,0.5557441682844908,Low
47.654736276713145,37.724089311836465,61.023596210280175,7.0,3.027162284380943,Extreme
30.885566530793845,16.859438621755377,22.448746468682472,7.0,-0.4646579967508149,Low
48.136485164090686,40.48820138073372,82.55268913324586,10.0,-0.6740492542596979,Extreme
44.81856769778703,35.849651522194364,28.998226998999055,4.0,9.886243463389182,Extreme
40.467322093793435,33.52741075319762,76.18496004889029,10.0,4.428186591370231,Extreme
44.435106197220485,34.2927762635062,43.845208862068034,5.0,2.91070920498771,Extreme
44.6974116186448,35.38475137207492,77.62090784448819,7.0,2.0236478428752083,Extreme
47.86656831916394,40.216370038606506,31.501832272427663,7.0,9.78013909439455,Extreme
33.32105043062293,20.051462629084334,29.93296829563438,9.0,1.7747586407385203,Low
40.39159380252449,31.939279309296378,54.76206769739858,5.0,6.982792353115176,Extreme
29.996033148852426,21.99518551724823,17.63488117586884,8.0,2.121339053865272,Low
40.939479700506546,34.4996860611511,33.02378710258667,4.0,-0.22461544107388975,High
31.597117385948565,21.770078666127127,72.92098017474787,5.0,6.5160427596973545,Moderate
39.86396284092128,31.531351923710957,81.99067826443404,5.0,-0.9820606760714864,High
40.02104079471084,30.959039539960187,21.462829115024835,8.0,6.433233627166264,Moderate
37.78568821260578,30.189718323779697,85.56621675504834,7.0,1.7541425888880542,High
38.97526728577558,25.580556897756676,78.80137632425432,1.0,7.207146552786513,High
44.042391190138346,28.812354369236456,84.57474365655723,9.0,7.467251840857143,Extreme
44.7841390467534,34.306888666075636,70.8742843663072,8.0,6.965179626992917,Extreme
38.33521752708401,26.262234870334854,68.93224538351718,2.0,-0.7306821438562857,Low
40.591462271974855,26.05256722930109,57.007458667589106,10.0,6.741102816081453,Extreme
47.55596094949214,31.568834938821894,67.2229779593052,7.0,9.891601754613395,Extreme
30.51440535852358,18.765724026495427,88.52877316532842,1.0,1.6688790537818519,Low
30.45917488390232,15.671600751963766,23.04176011333667,5.0,2.016624294478724,Low
29.841889250126137,14.847198538014075,40.2611582276873,9.0,7.948792045385934,Low
41.81512898585108,28.109162619967236,20.796397887669748,3.0,0.7643648556168862,High
36.79077431659797,26.720529014793755,90.58441375552307,10.0,6.266420430550067,High
44.26074973897871,38.36805573431582,50.62123727995104,5.0,7.3052901525063625,Extreme
42.09585967948045,36.92199856963897,69.02755765409508,3.0,-0.591232719987071,High
35.006392924893,24.75718595878083,82.28960516034572,4.0,5.091383036917488,Moderate
46.865697494592254,36.42823762571146,94.28001984611909,6.0,5.334649843894712,Extreme
44.0131750884837,34.532188821991,27.94259662338126,7.0,2.337871871309736,Extreme
33.68123375911369,22.431392894908676,78.96100845745829,10.0,8.639791363372689,Moderate
35.648032373213134,24.574242636864437,85.9938318509389,2.0,0.7902469122984201,Moderate
34.60323958428952,20.400496132929895,18.91003014807005,10.0,3.0061418045644657,Moderate
31.30984462112499,25.114616485240106,75.32724481484587,6.0,8.335355558620623,Moderate
31.103450823386023,23.626496496225023,43.37802569572403,2.0,1.0970703226659175,Low
47.658676730890626,33.93562196233469,66.88774331763456,10.0,8.035115499604425,Extreme
37.19598478117382,22.86977924171362,56.123855683109184,4.0,-0.13023904895248717,Low
36.049716278325604,20.106649928496058,35.779380166930956,7.0,4.381519739089891,Moderate
43.32339988222493,28.721367701967008,25.817708960318882,7.0,-0.17136271309726248,High
39.6128543703109,24.823965292515258,24.355778647136663,1.0,6.456939435676657,Moderate
47.65893972360771,39.201112354678756,23.265828616679336,3.0,7.696616379611602,Extreme
44.38633137209724,34.9680533979941,66.02320321076621,7.0,8.34844403071483,Extreme
38.066760846615345,30.117824693589284,43.112868111963046,4.0,9.793884758183877,High
35.90354894309735,24.234255562977477,32.330675056469794,1.0,6.392172945295455,Moderate
48.71926244341076,33.39240354713334,70.35080741647224,1.0,7.4596810522402235,Extreme
43.07296495607651,34.281915204448715,69.94796526131735,9.0,4.563341061534623,Extreme
47.97508786008066,36.84806825938471,58.13346338855982,2.0,9.040105912992388,Extreme
30.48805012155787,22.22875418656953,89.79662534926807,2.0,6.0813422041940886,Low
45.861207263006435,38.99340755150665,45.833138515313706,6.0,8.719065468764779,Extreme
41.37855156381536,34.23151073581015,81.86903770154343,2.0,1.5899721871526893,Extreme
30.560355245037364,24.922956455117934,21.011152634575705,7.0,4.464115587898707,Low
40.35341799935363,24.9111892462518,74.18648752308036,6.0,7.028008131701844,High
42.40802366721442,32.976347973630496,94.0757931065544,7.0,1.2299393001895158,Extreme
28.25835640366066,14.08302659163747,82.72785730302535,5.0,1.324737725881761,Low
37.540677198676676,25.046052999090072,61.37317754480475,8.0,9.758470144462011,High
45.33338973512274,38.222256959600806,65.14128514617285,7.0,3.7807139681092665,Extreme
34.202539532225884,27.272454819855916,43.26316395495574,5.0,0.9999699821614882,Moderate
37.62950971776957,23.69763950115358,69.35881746064831,1.0,2.646102701796566,Moderate
37.288596668425754,29.376767851610843,76.63163065450617,3.0,3.3711376309251815,High
34.340475220292326,19.294338199570593,94.85827848942832,2.0,5.8539378321724325,Moderate
47.287279805826635,40.74667035424224,54.39703336003464,1.0,9.153161249525278,Extreme
44.407174744061834,31.95237998506267,19.904325261875382,3.0,9.852490835143001,High
30.32235663091832,16.363143994578046,62.66863605847882,3.0,6.168686348022238,Low
48.93772781458903,41.349907542016936,24.521931998573486,1.0,6.699145968774972,Extreme
46.46320051046265,38.424919512440425,34.5812034844888,4.0,2.5401208666624795,Extreme
33.962077195144815,18.352369447613597,41.30239290445898,6.0,8.42874454993624,Moderate
45.574828172879705,37.66425451407196,73.48238985187285,2.0,1.3957816874234639,Extreme
30.234810169299042,20.505282620398518,29.704649910280043,3.0,0.17018714242064337,Low
48.98119933995901,39.223527814292986,28.2602357473882,1.0,9.70581589107416,Extreme
41.979379458237275,34.195997209010756,18.597139399906197,1.0,8.505525445025855,High
41.652625326734736,28.11892337592674,84.85919490831047,2.0,2.340096479919467,High
29.89925526666679,16.408912491146083,70.48043394848486,5.0,6.426877880191541,Low
46.83770137682913,37.67620322036749,18.19571724941012,7.0,4.137201931545195,Extreme
28.608989567293857,14.422605865405787,17.263384451049166,8.0,2.5544102676001796,Low
33.05738921886409,25.713564940475063,59.69394371800448,7.0,2.1545163183632434,Moderate
31.003459378499336,25.95609584615487,37.60275210293688,7.0,0.49630189742997133,Moderate
44.31212675453659,33.02928577192344,62.7381080345543,10.0,5.042498905034232,Extreme
32.162288771470855,16.227433274494693,49.76833405447722,3.0,3.912563591292586,Low
47.123402769748594,41.69831536165286,88.86500498482037,8.0,4.634050623299387,Extreme
41.781649825877295,34.49367101508423,38.02472119690943,10.0,1.3689288422734491,Extreme
28.75941692038862,18.051355853030692,69.33162947511148,6.0,9.324717378505724,Moderate
28.114026516702708,14.20467841580913,19.324344929487935,9.0,6.024503159635957,Low
29.08481625730238,23.105354201476793,91.46884273511402,2.0,8.895607231216704,Moderate
40.724428730602284,31.37684753925445,93.46059743266818,9.0,0.20198282636030984,High
44.83111802804772,31.613284221118967,74.12597032131299,6.0,5.851360624417923,Extreme
33.009609233175155,23.922633940705175,52.216997725085854,3.0,8.344080005085772,Moderate
45.83758570138453,38.7603850761525,32.59947514618091,1.0,2.6401285779591332,Extreme
29.201870743218468,22.051416641856008,80.00130721983717,8.0,1.1465748604958503,Low
44.8202409264752,35.309704270410265,73.90832777176178,5.0,1.9152343638618163,Extreme
47.48370403361789,37.210116210753085,32.75632316487592,4.0,2.0022709942477888,Extreme
44.21427638119199,29.73431778521584,51.09722353258125,4.0,3.919188614158887,Extreme
42.66053646355138,30.595759859303453,52.0239150253428,10.0,2.585599630572647,Extreme
45.597584591763045,33.00316309209253,81.11284399781673,5.0,1.9840147997879045,Extreme
28.843177290488395,13.030318403593418,69.70757474672612,1.0,6.133635282456517,Low
32.237424325100164,22.70714648178945,66.45340348320441,3.0,-0.41664391160927094,Low
30.623397265418504,21.186498829678094,66.98619380506227,2.0,2.7440015595370295,Low
38.595150794052714,23.43833414906878,36.63760635059831,7.0,6.587271625345223,Moderate
43.648950694905736,35.94431923785009,44.736900786362725,9.0,0.9343472420910653,Extreme
41.23024873610437,28.202281026772837,18.65298283493649,9.0,1.4302064843420363,High
45.87375309500064,32.57344857460116,77.9552908649699,7.0,1.2073328795420921,Extreme
31.25947284126291,25.183804869363037,49.63985721358511,8.0,-0.9898128259545459,Low
43.42704293063839,33.27649746800897,50.05906856700588,5.0,4.2114452701472995,Extreme
32.05387130824698,24.84768412370989,34.62850119469014,7.0,-0.571453316422645,Low
33.6859337776738,26.64680577684646,31.754182516754312,2.0,2.002337929523901,Moderate
42.90799864290738,32.80588942781574,62.02575436552234,6.0,9.942837670511688,Extreme
48.584300482872315,40.4005737002836,33.604241216294064,6.0,9.102358325293299,Extreme
40.842415725518464,27.085750801633885,20.136708125237153,1.0,1.3658338897196762,Moderate
29.144506614817207,14.1608528095219,76.40059327847186,6.0,2.41002675105326,Low
40.94248836847819,27.112561710306167,45.11755475250928,8.0,4.100750404954066,Extreme
28.889361583183508,20.96302198434519,45.418846711944354,4.0,8.288549013251679,Low
46.56705993870316,38.551581608128465,49.505462521263304,6.0,7.8291053553240015,Extreme
42.90114398711304,35.099132135820895,80.20358587264751,3.0,0.3886558022291039,High
31.63568477487257,25.150265718253973,40.66695167518537,3.0,0.3689373318318734,Low
29.92614112230816,14.544359073167335,75.64289690062688,2.0,3.5840547928344915,Low
31.8541978064867,22.431672026758935,90.16358726236346,4.0,8.571049285751492,Moderate
48.58057077063804,41.10898655063343,67.86945567398395,9.0,8.702934990050526,Extreme
37.629773491628285,23.316391936037604,49.53448649416197,10.0,0.18102434655183197,Moderate
44.465699915169566,35.07455158593387,74.82317785173318,7.0,5.317270167621067,Extreme
41.364575184263316,35.97829026205699,51.63178958011084,7.0,0.712427168376242,Extreme
40.02067614913138,33.23931887638544,48.15418168865126,7.0,6.54742241003061,Extreme
31.047735347966043,19.01598160404817,57.02265308581466,5.0,9.08076572721797,Low
47.86651352472,34.25455550883103,40.417786784743505,5.0,4.00246221723153,Extreme
34.32819528280908,27.007917009433235,23.340017302400096,7.0,-0.08608947838743353,Moderate
40.13836153195839,25.047010050030824,48.18816044209321,8.0,5.371796154840001,High
42.69529483637039,28.334326515796576,24.908550490344155,5.0,3.4936833714944013,High
41.63389626015149,27.301707965479597,47.83531788443574,6.0,7.919886275673563,Extreme
47.752482603605884,40.24820998881453,59.55469769707602,5.0,2.743789103190265,Extreme
31.117218788321217,25.56132291317058,89.45689449645174,3.0,8.623869205198481,Moderate
38.675407507385785,24.133748573077362,17.897786483624287,3.0,2.0107044839826336,Moderate
36.48472220555608,28.12091968943184,64.71667252015553,1.0,0.7326939947755454,Moderate
37.95754331913498,26.149463126226195,51.61881493200618,5.0,2.371284150504379,High
30.503568050152637,17.143932329444606,16.620890256331133,8.0,-0.6159262899497884,Low
30.815986807328073,24.40476096370575,34.96385407509763,7.0,2.0937056356166543,Low
33.839586461406405,20.250364561696877,24.478820188384127,10.0,6.261293972702338,Moderate
34.398796678977455,19.07517063040573,32.34353165851558,1.0,0.5651127641225157,Low
36.98596748730835,23.97384286409785,36.96561947687346,8.0,0.22501470065246765,Moderate
40.830738487769196,30.977288254483057,47.1045068305757,8.0,0.4562382037978543,High
41.32721146578352,26.68375193951479,57.323151479111225,5.0,-0.14693158312387,High
36.64802882829697,25.845994897498823,15.079199514110888,3.0,8.620989530272336,Moderate
36.58444529800264,23.391965092018346,27.949548850299266,4.0,9.385266270461809,Moderate
32.5701990606362,18.544633678191552,22.485310848704056,7.0,-0.48782733098335096,Low
40.35443121658918,27.111549737900113,58.973871941019496,9.0,7.360789596978943,High
34.657859137661994,26.4914555011323,41.32598963210158,7.0,7.108669213889176,Moderate
28.757256519824637,22.460973609860496,58.87181888277745,6.0,9.966003670710444,Moderate
36.78640092729407,29.16467710431141,32.745864173974226,7.0,2.82657727893175,Moderate
37.95678617689358,27.425161870109694,16.93834832700679,1.0,2.1405989085945785,Moderate
32.73745023228843,22.179404087064377,90.30935210161974,7.0,3.9839033289080996,Moderate
40.02161659556443,28.61252875310452,23.66464969511952,1.0,8.422326948641096,High
39.88120990907034,30.535089696043542,25.148699836937347,10.0,7.014530067916887,Extreme
42.7420458033178,29.086240607367497,26.723746120811242,9.0,4.18786195364253,High
41.60691812622541,26.56222687240612,93.50212191946181,6.0,1.690191276144605,High
41.70109418694166,33.98711859866748,64.41281921359969,4.0,6.997173153952082,Extreme
34.640497188304906,21.538741793584137,63.82319613630805,8.0,8.399795548464157,High
44.53607666170503,32.07838628370954,93.93585612148237,7.0,3.3994635417423993,Extreme
39.53203205559327,28.778036563520807,22.07510154197238,8.0,6.354439904030826,High
37.059782098777696,29.98594952616193,92.96007140338313,6.0,3.40233223294258,High
41.1462620997622,27.39870725535239,31.321051724323272,3.0,4.263427819556333,High
35.57380402345534,20.00691488153818,64.84572028496284,1.0,4.77401417950405,Moderate
38.767524136741926,25.82732448217218,48.606685224223334,3.0,7.532983954245057,High
43.47081945812663,28.374359495243553,45.71614507817426,6.0,9.752565825418241,Extreme
46.614460621197864,30.788422706769865,89.499466278357,5.0,3.888027789020556,Extreme
47.34220114319903,38.469643726567405,26.938218275220514,6.0,2.765465068723665,Extreme
38.57629142884508,26.555832346655375,94.76552088609948,3.0,3.1095010711963043,High
38.92577740955195,28.71251729553309,45.33000488732388,10.0,0.472779763126998,High
44.797278626040566,28.944362410545033,66.90199231108436,4.0,2.26632611599495,High
34.60346452662823,28.571578462543258,92.4325385186688,9.0,-0.04907845404313149,High
45.58502960924644,36.04890555197697,19.608084030317983,4.0,3.706836894971719,High
38.37697457686589,23.746045087066292,88.82914903401524,5.0,0.8409299624215377,Moderate
30.432991211040637,22.308426795248966,60.424910828347464,7.0,2.8104742057184957,Low
29.51324208853182,15.847520731504218,71.35175031819618,3.0,7.729355243307669,Low
45.681857431828725,36.47124264124591,26.93473471090787,3.0,1.7052041564804963,Extreme
29.166926255044437,13.387162316252697,57.67099446648258,4.0,5.730840834762758,Low
33.89284015880678,19.174011958145996,68.8810971780195,9.0,8.912995611734742,Moderate
35.01673085053246,26.702206916243693,51.499784591014546,2.0,5.236221057325015,Moderate
31.63288334902347,18.160759100107065,27.398814248484538,5.0,1.1317187404965394,Low
34.59176076584178,25.88633878367582,34.529526006846126,7.0,2.7924281336254975,Moderate
43.5965439012268,31.92655265885592,83.35142327947989,8.0,5.494061279024726,Extreme
28.308339714761487,16.065051262435276,17.757679426621024,5.0,4.572722537358389,Low
45.37064191493442,31.24509241499166,71.708966275265,1.0,0.6348181990459416,Extreme
45.98750849506572,40.718549245363555,94.95120292116215,1.0,3.9147597915962584,Extreme
35.81749303702251,28.39575623434721,15.59863968854133,5.0,4.973733644012732,Moderate
31.22587088027333,18.394774963798966,27.88365462559519,9.0,1.940659859033297,Moderate
40.6176485668467,29.418892960181786,68.93154407145076,1.0,5.736900668738371,High
30.51312367316278,20.061467812950205,19.799266766827863,9.0,-0.22823890566269167,Low
35.6633065826433,30.055997058855517,62.18319870846871,7.0,2.7026773692206847,High
48.12701279892042,39.2959780808444,69.72000828488449,1.0,7.847045160553319,Extreme
48.90475392425638,34.38865137323925,62.05170784912561,4.0,1.8521328099897096,Extreme
44.214202718446295,38.87438151104994,44.21477624168538,3.0,5.65694535003386,Extreme
34.53019170833609,25.169393119323157,70.78258367893112,10.0,3.5103268508134313,High
42.44096603248794,27.044334868109445,62.54355424110564,6.0,2.4810615665677145,High
42.813533675164265,37.2538455951691,31.610973767513578,4.0,9.077448567010295,Extreme
36.14467559843664,22.897912336945637,60.05084348680878,3.0,2.7758788988842187,Moderate
41.45866132630935,33.62492254830695,85.5525773711142,6.0,1.6034349163572017,Extreme
28.225280544489202,13.692583390798806,68.34666285523599,1.0,9.002314472042976,Low
32.39021083064707,19.183463062094056,52.74332059150777,3.0,7.205387915293963,Low
39.026854362312484,24.284097482870493,40.726728229556095,2.0,6.499796850680171,High
31.438777389424214,24.063604694680286,21.87089675500583,7.0,-0.4551156372643661,Low
31.484044225407207,20.639823922402552,34.570170620722294,7.0,0.4432545678735339,Low
45.562390101554996,31.990420722232187,15.894940246950151,5.0,6.021739601906291,Extreme
48.77179305635571,41.069095883410924,93.93007340199715,2.0,1.3037612017888622,Extreme
39.67535798859742,32.13714863065803,32.798580170299196,4.0,1.48201784193395,High
45.62046434851598,40.321460880042544,80.1900754148298,9.0,7.5705236687797175,Extreme
48.79675495085172,33.25308671712175,28.49159054439829,3.0,2.145174437206369,Extreme
30.973513659944267,18.16332797934341,37.68809196844592,2.0,-0.212539676328924,Low
37.41315787834137,25.42199398422934,48.46218553826934,2.0,-0.5992485795915279,Moderate
36.244027032680314,23.060085083035414,40.95245313132841,9.0,3.8749578596981658,Moderate
29.681034956569885,18.833292850920053,78.86806502078889,2.0,5.788414354531106,Low
43.861933628689634,33.62446159669512,91.61547264123385,6.0,8.557737567309832,Extreme
37.109359573774455,27.164504921415727,85.02355869206788,10.0,0.21884834535903208,High
37.855865617998425,25.811034284858373,27.286229355820524,7.0,1.1634010891712592,Moderate
31.164132450078043,23.94724772076183,77.13509410794322,5.0,4.827806719982182,Moderate
31.79945969684823,17.030814051684665,26.835753064376917,3.0,3.005191984661726,Low
47.04917606528051,33.1198999818686,88.07048852496811,1.0,4.307911963700441,Extreme
28.937630868459856,20.092431142487484,56.43028605348627,2.0,9.16537113882637,Low
32.88989798381783,21.525195718880063,41.91048704453654,10.0,4.993808192511559,Moderate
34.13324593660509,27.58194563715493,27.562039786735426,2.0,3.5663267167328354,Low
38.294148390433314,22.598339663163735,15.944727054320369,1.0,9.883838973697193,Moderate
40.31534863331071,25.383529069377595,34.83575933287078,9.0,-0.2826276311051006,High
38.359089492864,23.218216921372797,88.12160506250495,5.0,9.25324793208289,High
29.766422025694524,21.112628500956557,78.7809753817782,4.0,4.518280262720314,Low
33.11701653516999,26.256534753958576,92.58349662005756,8.0,4.54131971543852,Moderate
45.715356080013365,38.38586228188395,23.060921689709843,6.0,9.141607676235301,Extreme
41.38936271004764,35.399347408551655,62.37429948045356,10.0,4.580563775523765,Extreme
41.63213005281976,35.31091312170453,35.57203792246213,5.0,3.822477995831637,High
42.074268362378454,36.28991848634516,58.435336461792595,8.0,1.9973745132891891,Extreme
44.02096339983011,28.1329096385765,40.63639084507641,9.0,6.24698443499163,Extreme
29.220278116150393,23.40564359909058,37.6772440194686,5.0,5.266096000777377,Low
35.69877608358486,29.240813193119312,60.9076241619678,3.0,1.3577998064256138,Moderate
39.33007614049525,25.230275588997152,29.665452949563225,10.0,6.803542065674573,High
35.10758614924384,23.72494376507147,52.53067495776935,3.0,6.084955430703046,Moderate
45.734056339030914,32.21546708876826,67.06498120352278,1.0,3.370672726271949,Extreme
38.134022680333175,26.19399059483397,25.254565854624325,6.0,-0.9515898590609437,Moderate
44.14117937864696,29.43725360502853,89.44754167015232,10.0,3.912392651938065,Extreme
45.89232585450455,33.8691830490924,55.45797595632998,1.0,-0.933360711567231,High
38.60062114097346,27.8572451190388,80.56223775074739,9.0,-0.17501661771056165,High
47.10059712129835,34.26035048992405,67.31243444968507,9.0,3.736708927289175,Extreme
40.32960275127659,30.408282481563383,71.80007529780364,10.0,-0.09888127396139534,Extreme
45.85576027550815,37.049058223556074,72.29047527942704,5.0,2.0323197716588286,Extreme
35.15240670742201,25.008229730469672,85.0079917649178,3.0,6.210405054148652,Moderate
38.47515612916119,31.608300973077025,64.08843480375393,6.0,2.394768768703609,High
39.15963186109613,25.397342833266524,37.25737213771117,2.0,9.974134535336615,High
30.204574033817483,22.33683243912209,22.960771429236573,9.0,9.079322373064793,Moderate
36.36960264073235,29.68075563102483,63.50004955601132,7.0,5.438408950440761,High
47.264091123585196,39.5542164639697,20.308224301646483,5.0,9.636418524984235,Extreme
41.24747704765959,26.984705378164957,34.30347613516241,6.0,8.548190238757742,Extreme
31.727638231176318,23.09542397960127,19.85657476815294,8.0,2.5078837072453575,Moderate
35.115968347801704,22.569419783236803,58.91100712052537,6.0,7.245558705838404,High
32.023663202916694,17.60315726570356,27.82704999542944,9.0,0.5051496240434209,Low
28.521285767770024,22.666094431594562,63.83258555467786,10.0,6.530065668166151,Moderate
47.47666962858456,34.06140117162609,78.2692104690614,10.0,4.4019000914403845,Extreme
37.412353893394304,29.028033763224975,80.75045766174898,7.0,-0.8149146682189281,Moderate
34.45823652083651,27.07539051481204,39.7634806510102,8.0,2.016528046294078,Moderate
40.56802102271247,27.990105045729777,58.91636261555968,4.0,9.509204391446733,Extreme
28.153603582153327,13.145840732087755,60.04086080690872,1.0,2.4741463359732876,Low
33.83846423861709,25.593252942780744,52.830974572333325,5.0,0.9959990083158473,Moderate
42.76370277967674,31.50653092044923,67.40911131398119,9.0,1.0628459122942915,Extreme
41.309165234454525,33.12098998211012,31.806969905882685,2.0,4.271345911061439,Extreme
48.61792489839325,37.52078345540254,93.33945916694354,6.0,8.269141647375884,Extreme
41.02751190281892,29.187029565621177,22.846386167274595,2.0,7.338019416466811,High
38.02762334618239,26.313934069490408,81.33769129624953,5.0,3.8053720829155173,Moderate
43.99008382686416,32.13107376079395,62.52767895609502,2.0,1.2959957178065662,Extreme
46.969885311245115,40.48400759685235,34.58837977549727,8.0,-0.4932860988758978,Extreme
43.13461488108538,30.50566971563147,74.65400005282399,9.0,4.088933514310042,Extreme
48.22743569453697,35.805181774354516,21.758471654165756,8.0,7.962528833700109,Extreme
44.42210858550172,31.913639241116,76.95342675590265,8.0,7.026501929537451,Extreme
46.202830203500454,40.38805412337469,62.198817779441086,3.0,3.494608443899753,Extreme
30.396185494856383,20.480958228300704,23.860025471712127,6.0,5.541729391093603,Low
43.38068356286954,33.88129711036652,21.360445047389618,2.0,3.798711730408394,High
37.24186269007474,31.28803636999955,75.06690667491699,4.0,5.369177207691956,High
39.61517985063678,32.16913264377186,38.434872520306975,6.0,4.692557688329041,High
41.736150599129495,31.88556164935109,86.14414806137708,7.0,6.490632601376749,Extreme
48.36611745081696,35.19414804237805,75.96584168241408,1.0,4.584797278864364,Extreme
48.67613971006412,41.068456863232825,70.85521957741729,9.0,9.346720979843145,Extreme
34.05279315524601,19.92554414387198,37.288484210676074,5.0,3.7083099973985485,Moderate
43.40882344619624,32.40504230306214,71.71556152172943,9.0,-0.8249206665631799,Extreme
43.74965429664064,30.38501575960985,90.85181476118672,6.0,1.6001088894988298,Extreme
35.27635008757402,25.078234270868595,22.32478674964551,6.0,4.506675439173216,Moderate
30.60126527214864,20.110128792504185,41.09301136028528,7.0,4.946290370775282,Moderate
28.859886166000116,17.042972882824074,33.77378123692753,9.0,5.076232682432588,Low
44.32420567811275,29.11652898828868,46.460010752053336,2.0,6.860073080970904,High
38.28369457815502,27.87375618261301,74.38661238831571,6.0,2.021129568792807,High
48.69634355939345,37.881110640202245,52.93940651403092,1.0,6.313940469456249,Extreme
37.764442580066714,26.14247598126389,60.6584484896197,5.0,6.744355004311341,High
48.53625656055065,35.42359005027566,40.13239104626739,9.0,3.5240882788290895,Extreme
36.64309604607526,30.85274235572668,26.303141366968042,9.0,3.4238600906095424,High
44.66732516175942,33.99476333801773,36.35469191501828,3.0,0.9681726422209473,High
29.781204718548473,19.483697237281994,83.77442409935897,4.0,3.5538611388091113,Low
39.664695912893045,24.52616108627977,63.19335697227284,6.0,7.654979208777136,High
44.84325552670021,34.41468314190046,45.2390938557787,4.0,8.998703061048722,Extreme
47.41873501161766,37.267209129980024,78.19247853884701,2.0,5.52974510449762,Extreme
45.27424490296606,29.690045029084338,20.1565945963927,4.0,2.2930737768972866,High
28.776385271224658,18.82004417161496,35.311287033790855,5.0,6.5051869052570455,Low
35.82674916744142,28.837020433898427,33.40825232458714,6.0,7.1416082956560425,Moderate
29.022667918590876,21.636590567727204,93.82916497345776,10.0,2.654340566587286,Moderate
30.294928113405717,24.247865191699002,71.48788659142082,6.0,8.092026476385014,Moderate
42.18141820201717,37.17516878016878,64.42287491108434,4.0,-0.18934584647825914,Extreme
42.97842212254566,33.22701985154036,15.398797223557832,7.0,-0.8817091063997192,High
44.24813433778415,30.786465943503714,29.74480016718859,8.0,0.3526784989525784,Extreme
46.17458750916892,33.10645663837073,65.84330343784626,5.0,0.7160918261026069,Extreme
43.52806083800671,38.17442087217536,45.37754611853326,5.0,8.668219362424935,Extreme
44.818303434239276,33.54849149470491,88.94243069432487,3.0,3.674798724434089,Extreme
29.028237906288865,22.33112352674063,76.17793753134063,9.0,2.0242486116741985,Low
32.92523815926727,17.573399026855604,50.7907258243296,9.0,3.719826275855013,Moderate
41.05985324088016,34.218838244794185,74.96119820306164,2.0,3.343249819706955,High
46.020631397121285,34.127600002448986,93.03234590609773,4.0,2.316078347868187,Extreme
28.09450262373284,19.505880639928215,51.87846597611765,3.0,0.5168954065316185,Low
38.80721618444335,26.750041598835473,66.40207103108267,10.0,6.215070081712687,Extreme
42.22303538665234,32.688190825547515,88.49316920490361,1.0,0.5026484305762089,Extreme
28.621753071700876,15.265679496330534,34.89397296289386,3.0,7.529668979399418,Low
36.428466708621144,28.89099633001471,85.92463309330226,4.0,1.2185681460849898,Moderate
46.808332509057635,31.844622127000775,22.803576541838613,6.0,7.045084378466428,Extreme
42.10386898597303,31.601562843526157,66.87585364701172,3.0,7.861447162650137,Extreme
32.990825630572544,19.673801005731164,77.62705240446275,6.0,0.37858610751895816,Moderate
45.908403722270165,31.56137161685667,64.16849754019408,8.0,-0.045796548831955275,Extreme
35.3086598915998,19.32154517109695,54.64278433220344,9.0,9.445300477190258,High
45.92023809402525,38.45683577249171,64.38776799405488,1.0,4.093514874278387,Extreme
34.277816673497014,26.12200012429901,27.133096702355566,2.0,5.932590444702872,Moderate
40.39672526854613,32.641961314495354,32.245656826417466,1.0,-0.7441351586605547,Moderate
36.335741422704515,28.444156768946907,36.59194751650736,10.0,2.065811986119739,High
33.77132606585641,22.364433908923253,62.82234725040305,7.0,4.559374200153249,Moderate
46.617708805609254,30.68896105100498,50.35208589960564,6.0,8.748401447283443,Extreme
31.939467320729317,16.046408362709016,34.558067398867166,8.0,1.985833593208139,Low
29.781043415951025,18.98653787096564,85.6247465715664,6.0,7.527104518445915,Moderate
35.180465709458865,23.151166396547453,44.913747223457875,3.0,6.28434221084572,Moderate
43.07042210047292,28.61074611975525,50.682537538391294,6.0,0.26797844586319464,High
44.95606372550191,29.693795682513354,47.77608612391957,8.0,2.227126900711962,High
48.973610771402065,41.73114387077708,29.55543642214021,1.0,1.6165044008248173,Extreme
34.22360319723446,23.40964417886748,73.53016123441867,7.0,3.8678034633061404,Moderate
36.56678097375693,22.40557337248029,50.876660981508635,5.0,5.988676673523426,Moderate
30.87324683862215,22.538023995641645,16.300568791417476,1.0,3.767617310593573,Low
40.072310522083704,30.23441105479857,92.12109618878375,3.0,1.689902333269866,High
48.94918078252126,33.10734866588918,80.2610889276331,5.0,6.65466645051103,Extreme
42.71850121253383,26.882987548604248,72.88474832734425,4.0,5.4291820418263885,High
40.49946964868081,25.53229473026381,84.52734964148232,3.0,4.7124529815726115,High
36.23975095135767,22.456819158249036,87.54458028844402,7.0,5.0986155719057615,High
47.22127396599665,39.26083845804579,41.99917651075509,5.0,1.4409071092320591,Extreme
38.43524851873734,29.905897703998278,63.876694273335886,5.0,6.484741672017019,High
30.82170517957429,19.80159392632067,63.704624736447535,8.0,3.2625058909264513,Low
35.6729477271818,24.504396606999666,36.38397350484776,1.0,2.9981460170302157,Moderate
29.410500045803104,18.849969032875368,32.756180115765375,4.0,0.6470762909344758,Low
32.24155979146441,20.238186712385044,24.112580385521767,1.0,5.565210680054911,Low
28.371044400998155,18.87949115203528,67.74513567331623,10.0,5.629308516011572,Low
37.518878246503434,24.277962516032574,77.47351928246239,2.0,2.743307080331812,Moderate
41.32534556398774,32.65629637272583,75.87623836136031,9.0,8.458350625520875,Extreme
35.209141709957066,26.571694743547187,40.30203017479795,2.0,8.300036885869712,Moderate
36.82801720161082,30.42853162080071,31.420788037216177,4.0,0.19959737130674438,Moderate
48.143394729736094,41.06756041941798,51.28913427636975,7.0,6.645422265909101,Extreme
43.791225553073225,29.43549588493829,58.74507681924085,9.0,3.3321823180352452,Extreme
39.35798937584398,29.44888365145912,88.52697023748446,2.0,9.99686336169182,High
33.97535837734833,26.468812725267156,84.98585234192433,3.0,1.4752599265311763,Moderate
46.8369327742329,33.484180673986636,88.28466650414622,9.0,2.0857662595593833,Extreme
32.93703945449385,21.843247070508397,83.02099081087837,4.0,3.8631692401130024,Moderate
34.83219734085022,29.599481215193993,92.1664963549049,3.0,1.9558666354872947,Moderate
47.09036110288192,38.610385072178055,52.239999773524595,8.0,6.611927030251656,Extreme
39.12038316098652,32.17336763865177,18.79787979464755,1.0,4.289989233996286,High
43.588676937777514,31.374075466966268,21.68496257187826,9.0,1.4296671833449421,Extreme
40.40564067743909,32.38029923050631,46.222091341787454,9.0,4.570114764352189,Extreme
41.7222233891994,36.00780881789002,35.61496730183978,9.0,8.776665430015422,Extreme
34.287049121811336,28.682764240636974,28.595247308885384,3.0,7.716352115350581,Moderate
33.06881329415992,21.669813016614057,91.25630196069189,2.0,4.487118168695031,Moderate
34.77233929054197,29.533381277796984,30.633567072849797,5.0,2.1734186345614246,Moderate
31.264272845751872,16.9275596012549,91.75034178521848,4.0,0.9787511117278056,Low
46.360601671106956,39.65123335927692,75.86710722569657,10.0,8.66221164905585,Extreme
33.948185598252394,22.275955911102667,66.27565377001788,7.0,6.811836345485659,Moderate
39.791277282702076,29.899708974583874,69.08151680715027,10.0,5.2937963346220425,High
44.631462927968855,34.760096194417926,41.51794589272992,8.0,8.673781105490352,Extreme
44.46030629688998,38.670537730929475,66.71416304466257,8.0,0.3385931611149844,Extreme
37.20611143026805,23.37583667793368,29.935369462501225,2.0,6.507382146022751,Moderate
38.00140348032124,23.177826148035457,90.01643460287836,1.0,1.3838354365455516,Moderate
48.888736727635525,43.76755338640901,39.14346719684748,1.0,0.32635185117585697,Extreme
42.166547016559505,35.20190108389121,35.41492098348337,6.0,4.121693610076265,Extreme
45.10740730547553,30.164461228725266,71.8930238555326,3.0,3.2613222274078906,Extreme
46.95363335360387,35.90920361280323,67.51589744529456,10.0,9.35290970257704,Extreme
44.539386560816126,37.88895120008581,51.10391346746442,2.0,2.5637750142699804,Extreme
31.888766244024918,24.65807126532417,65.5956987752629,10.0,7.9639248495720265,Moderate
39.805585408489016,27.545736721880758,27.759445740868493,7.0,7.237097005151792,High
30.13977730360544,17.16679225888984,68.8662645921564,2.0,6.347162570643899,Low
41.711364657843966,30.117669763464676,36.64885561561551,1.0,9.124405202560656,High
48.062337991944034,32.57770581290625,36.82687813411658,4.0,3.4871705381947633,Extreme
38.767373350302336,28.33267371002279,27.974394795502768,4.0,3.2863830458115224,Moderate
37.09242235022311,28.789431316655318,41.59017080289317,4.0,0.7704216593966031,Moderate
28.75269777978143,18.503135770047667,41.50008482490625,6.0,2.0333828304457606,Low
48.15526496891363,39.19893573858091,51.33432093618154,2.0,8.677541016669577,Extreme
30.163056366733336,22.69448154731179,30.23356037330796,2.0,4.218203462025048,Low
28.862660959401786,23.357065216660246,30.440602892701307,7.0,2.754886544097815,Low
33.167398841603706,24.29306141238734,58.33908573305827,10.0,1.3772326059038824,Moderate
29.37613911228603,16.550636287478866,25.31019237363801,3.0,4.334562752679765,Low
37.55747469064701,32.35465885901988,70.1117606391068,10.0,6.883319075109817,Extreme
38.83784382639936,29.006880181134076,90.51577006900773,4.0,2.1536122800278292,High
34.563968929600264,22.47986551365171,49.143649733150255,4.0,7.334881728939196,Low
29.070170134072608,17.35572493315523,87.08842505205413,1.0,5.927665521974102,Low
30.34360773323376,16.800474938457885,22.865327290069153,5.0,7.663188187936747,Low
36.07459193778849,22.158875065530715,18.436610190051567,5.0,1.7600059176240355,Low
29.271097467357258,16.44233343724399,72.7095102011072,7.0,5.941309592063499,Low
42.661984237808184,36.53120958021594,75.88172583851973,2.0,0.691088074377261,Extreme
32.34743137202105,22.12218448797308,82.4446592772601,2.0,3.0017668038110044,Low
34.34350294445641,22.706037412092716,19.545414271998514,5.0,6.967961043270814,Moderate
36.27664132074005,28.57541489383608,77.15256439654644,1.0,5.948352241379295,High
36.748802294452105,31.28073230033756,45.12309862372654,2.0,1.0664679787127416,Moderate
28.03487486117081,20.575381331534295,39.26701061457589,7.0,8.44176939301782,Low
30.353477790972647,20.349639371913618,28.841913707463753,10.0,-0.4131391942029994,Low
46.11805583855844,36.56482232895783,94.68126040820216,6.0,5.547372573683145,Extreme
28.025894312750072,21.082557518151294,20.093087145509088,2.0,9.82202550254767,Low
38.67151447207038,24.60294350255196,81.16064116863996,10.0,4.846552050270235,High
38.27954213665137,23.096988780547402,66.1595548392422,6.0,7.807390019553628,High
34.99497738122339,27.780145871643526,73.80643554094937,8.0,5.546990705080123,High
37.05786742307544,21.832565351836003,71.93736959374371,2.0,7.613971464152918,Moderate
44.39220388805827,39.19573333713128,83.67475880585461,6.0,6.21153548890816,Extreme
45.665277830514086,30.490690630737685,29.703365588488666,1.0,6.602452159912816,Extreme
33.467319411720254,17.996102720830265,15.06596934677483,7.0,1.5059226619502246,Low
34.77229926032233,29.63972876714715,62.882279123461295,3.0,7.160030049302095,High
33.092139913594984,19.698927649050756,43.30869114586672,10.0,1.6170087533076385,Moderate
38.07713141157237,22.404914113304088,24.902986489371017,1.0,9.787043026568469,Moderate
42.34842551083507,27.38350110383951,29.891100328339107,7.0,1.5056591005732516,High
32.79331038473183,17.11549861157349,41.53994499673783,2.0,1.6035240395742192,Low
34.9454505831522,23.891892020478167,20.618669670936256,7.0,8.445404325322505,Moderate
47.53807696937216,41.678359430632895,19.55305617027607,5.0,1.6728444815910104,Extreme
29.01995508678612,14.672273910930722,88.28210038659553,10.0,2.9699307284041128,Moderate
37.67616171003089,25.92405089613176,39.9682199482957,7.0,6.861041772969297,High
42.942718873532336,31.18061468746116,93.57845579788679,4.0,0.7462343821423956,High
31.159534242706954,21.569744534261403,92.14936066643199,1.0,0.7497893031025247,Low
28.994854420115118,17.704592678382916,26.405702586169106,6.0,4.349942655932808,Low
30.902312804409146,24.212935234461888,72.19394423169527,5.0,1.6806642965599954,Moderate
47.29528706414434,34.157816771916686,63.06439113016553,1.0,1.5922375112593694,Extreme
28.194455418243592,22.36926503737663,70.25176584841229,6.0,-0.8983718643963605,Low
31.95476147103839,18.927173033556677,22.695280001157982,3.0,3.0749455031774273,Low
28.656953770934535,14.31819112206114,30.084806290764643,3.0,2.5007561008024357,Low
30.323218818806268,20.1260633655969,21.13109291607052,1.0,-0.6572860809066255,Low
41.02313501919422,30.41500099256668,63.33073641736569,4.0,5.833564960350299,High
33.0744170835208,24.64006008137794,93.92728606792728,3.0,5.8932070020368945,Moderate
39.953453059044215,24.289408638062753,68.75876301263531,1.0,-0.2211948104897522,Moderate
40.39410303808865,27.32973381793365,71.86092280175437,5.0,2.487457192003984,High
45.83814199488536,36.779267908581566,93.76680332346248,3.0,8.600860851949376,Extreme
28.09956925114935,21.176688002586296,69.24092433374369,2.0,5.4038377506903625,Low
45.920758646189704,38.505383131966695,18.214525810277628,5.0,3.5317219641318665,Extreme
41.001500814966455,30.898355667755904,84.3604480685278,1.0,4.116121213105055,High
31.41761320820411,16.049360804746392,44.1742632303037,10.0,1.2910799387938565,Low
44.23168515084097,31.156075347470868,15.34908972117723,5.0,7.930696507787208,High
45.9653223776023,38.59764114763165,55.57873420486565,10.0,9.054051759960643,Extreme
33.339533158837305,18.884360691229425,89.96120007010109,9.0,9.01730446475048,Moderate
47.2946672989563,38.1344615458498,35.586454975598656,10.0,1.4632783086152963,Extreme
37.54360603627181,23.174662025994106,54.321053844227194,6.0,2.418142945541026,Moderate
40.67191354099975,33.01321796320731,28.902151022591262,5.0,0.7668505229049047,High
48.67764020597052,36.87237347467102,19.615413733315208,8.0,2.3792124699554447,Extreme
35.59225765142319,20.398882282529087,21.443595737049055,1.0,2.6608590933486034,Low
45.07634626222237,37.239512161596636,73.16087247690844,9.0,5.9641631077109905,Extreme
34.68638147439765,22.064188977953243,84.12595765937192,4.0,1.086110197029371,Moderate
44.78348396707131,28.92304514754273,26.46390714019929,1.0,9.113366168045179,High
40.615412296115494,33.958831136442456,38.0654854248375,3.0,0.13409417093840947,High
32.54346959973343,26.571044402026008,30.602357411586183,3.0,-0.9243418786223364,Low
36.69454796957396,24.27840085268098,17.148462154114235,1.0,8.404396414935865,Moderate
34.6703483216348,25.933252896395466,59.27450959095869,7.0,6.741467885426546,High
29.64027625468764,23.85658700365514,70.9937736110118,1.0,2.9089585739159833,Low
28.62653017209365,18.398168375374002,66.83019847080564,9.0,5.550496765011299,Low
35.2760517635508,21.984574287467282,46.04428378417981,5.0,1.458985109231567,Low
28.39971710416722,20.263370699600145,59.40081967519242,8.0,0.8522861350991358,Low
31.475242909217275,22.789727256660793,22.527944530897976,4.0,4.182640486525951,Low
43.228849737868245,28.926156330751553,27.344297497814757,2.0,2.8850661269305693,High
42.869915949355345,32.149124914478975,89.54356956423867,2.0,5.7675305558882135,Extreme
43.51018811560503,29.24013645873384,75.92061982559174,7.0,1.3996410301713464,Extreme
34.66021659372955,24.749932180148747,88.81912766601339,8.0,6.292204706166805,Moderate
46.6904085994716,31.207681822310466,88.33442275994938,3.0,7.435476723330945,Extreme
40.470441508597396,28.31170102170229,66.95140936861925,4.0,0.8329975733132184,High
30.646553176679156,24.371665658167412,89.25909184897321,10.0,-0.5175588824029242,Moderate
31.018091890566218,16.28206902007141,48.336328246597056,9.0,3.835461128314726,Low
42.55500396552373,32.173086866384956,15.289299582795275,5.0,7.514264945916808,High
31.63182266528364,25.073794017581683,20.005689267692752,3.0,6.158578191315569,Low
38.65314673322291,31.973555260967284,23.75898605606522,4.0,6.720698924560504,High
48.82726399450293,36.264390708294336,22.628276254628823,6.0,3.4312327399270526,Extreme
28.08415969940013,22.56306212537574,43.13619126802108,6.0,1.5844009977837685,Low
28.348175839848697,20.19564442579675,71.10166456874862,2.0,4.849567276130704,Low
48.854776220540636,42.317112725372084,78.2519045280396,1.0,1.2480226312411657,Extreme
40.27741551681748,30.42556379102735,62.217061947569974,5.0,6.988515666835723,Extreme
30.665109485888777,21.107217993950805,26.714893964558364,8.0,1.1666310155542474,Low
46.843346194835966,36.10270541325855,74.83212817185402,2.0,2.2038959338577557,Extreme
46.487986302681534,38.4119866825537,43.38415353100792,5.0,4.571992561553059,Extreme
39.26020867533888,33.907729192178934,16.039467893743698,2.0,4.3538092755784445,Moderate
41.05763262707589,29.299385455188848,37.44708964261995,3.0,5.609343140477323,High
33.7369310215184,24.626032989812536,41.44804433127823,7.0,3.8118906054990864,Moderate
29.06091362381211,16.896228637671598,36.93964281744823,3.0,9.114206393611004,Low
40.48591978670815,34.290583107861195,79.94961225500685,3.0,8.23927503616907,Extreme
34.189859057258026,29.03830814902347,75.79411180752723,10.0,8.670247963603023,High
41.93604197986739,34.204805253129166,70.64416243301132,2.0,5.924682285437813,High
45.56114871369463,35.53912816076006,26.12040628098122,2.0,5.98508707446887,Extreme
28.381371422201646,19.046579706348506,79.62671277650256,10.0,5.701185520875435,Moderate
40.509989268400275,26.596661160392145,69.17407693306589,6.0,3.7837256986360184,High
32.856891333423896,23.70067724730283,30.58701491851135,1.0,2.543166011739889,Low
46.35165845597983,35.516805480345965,66.84751442252131,5.0,5.512031761937573,Extreme
33.3269546377984,21.798283120934286,53.68093128029449,6.0,-0.7191497914770466,Moderate
40.826172797943784,35.58602748983986,50.148004948498006,3.0,-0.9179792543381666,High
39.62435764188184,28.957890496573764,23.969853077791107,6.0,8.368060089264235,High
36.319496501244224,27.52635264785701,56.46434206761323,7.0,-0.48933550744615595,Moderate
42.230036035595674,32.59595463107988,22.99454471778909,3.0,4.772746653667599,Extreme
43.241162329024114,37.13800094557636,28.14027098034133,9.0,5.7648653924460955,Extreme
39.90569370170712,26.294667479572027,25.603705141981017,5.0,1.1798835258467917,Moderate
43.926866980879836,28.56042022198609,91.3286623256006,10.0,8.853039220916632,Extreme
48.65175859585169,43.40680156892609,37.78917523551121,1.0,1.091053489232125,Extreme
36.80472014591691,25.189619754992084,43.41634588768062,4.0,8.729664861033422,High
38.80624408959615,25.40395934942421,40.76644850368289,8.0,7.392892962663387,High
28.261867436765478,20.128983961616694,86.8600356142515,9.0,1.6481724887661335,Low
44.716599682517945,31.05348824902256,60.03727290679108,3.0,0.658185829037029,Extreme
38.92483140796587,26.968925849536554,88.53279191466494,10.0,2.4785598120485863,High
36.56719003757187,21.3464010825901,38.993992466231646,2.0,3.3774562289730214,Low
29.975511224877312,14.184458299985812,24.186773954555917,5.0,1.7036314414881577,Low
46.68278485518334,41.21697760119759,59.497476217933965,4.0,9.987807036298655,Extreme
36.29515204085168,26.400836669554614,42.6429593432014,5.0,1.5261756986353914,Moderate
42.33421356239363,31.31734789903323,79.15254667925987,10.0,8.136983096811427,Extreme
31.136857283731167,24.52268171844699,85.35387271293268,8.0,0.7502952179952005,Moderate
48.19254222036168,39.4933980856607,52.805880872565744,8.0,9.782690878035423,Extreme
31.74727699825845,15.88315507293737,92.70872192684067,3.0,1.4807580411139334,Low
32.190381850889295,27.01184683112211,59.24104050755247,10.0,3.638574102619515,Moderate
46.03864007171199,36.061052824943765,36.67363147090499,5.0,5.144204734446971,Extreme
47.16423762698056,32.895036788080404,54.118041227541966,7.0,0.3231428667170265,Extreme
32.45509555798933,23.892181668077157,17.98482339223421,7.0,7.985020742270114,Moderate
37.86581865167138,27.588035121364697,79.3200928210454,7.0,2.021540859489128,High
43.403392995819424,27.644889792151645,23.114804068353678,7.0,5.041968917618302,High
46.44568041002683,36.22203520879409,39.69987908024039,5.0,5.045971917625716,Extreme
35.96010659578341,29.519972162171918,60.22532376039547,7.0,5.629047175583635,High
38.85740922383801,33.28847281550771,18.43801005175191,10.0,-0.3896541482325384,High
43.57604462091443,28.176462324074997,21.34535193451586,4.0,0.8548063801472466,High
43.3538555097087,35.42995196368298,70.68930860904102,6.0,0.7731146721570062,Extreme
44.442162730547786,33.897459758337725,20.7421674448615,2.0,2.3225638535743705,High
39.96861019147205,33.9708907644824,53.16662929979012,4.0,0.5940557254417385,High
30.19691703290028,20.536710706843625,42.09565067366003,8.0,9.141134528517187,Moderate
46.98343910843884,31.752278396687473,33.246352636513315,7.0,4.642498955624308,Extreme
46.177023325741594,35.65048039580127,30.10231182909323,3.0,5.859326624729529,Extreme
44.76004615218499,29.077559482359383,76.07290349860635,6.0,2.932369929379329,Extreme
30.09711202037532,22.249920010763923,91.1233754520226,9.0,2.038707551373027,Moderate
32.29234470871001,21.742347071966705,26.21437937626654,2.0,4.5349488725543425,Low
43.61560766726069,29.160768957358112,91.77449753393016,1.0,2.23755272318317,Extreme
28.485941986220876,18.555166086129695,62.5810002780083,4.0,2.780105183027407,Low
48.56371730785287,40.48935619858078,66.33283242906057,7.0,3.9802596169794286,Extreme
35.920038287469296,21.5098092898726,71.79411025140655,4.0,4.563070559027911,Moderate
43.105563207507295,33.8167790499086,71.32951122836647,9.0,9.827454129600227,Extreme
46.63899285824891,35.801036656586334,80.58488865485506,9.0,1.4565484697813456,Extreme
36.287227651151724,20.54542992058512,53.677492107815794,6.0,4.367737813709119,Moderate
34.701782260592985,27.650466018278482,57.66868700117609,4.0,0.6446291343827283,Moderate
40.783563706863184,32.468156702941144,40.90616019707327,1.0,2.849991559787699,High
40.20077684870906,34.85901124794082,23.420607502649364,9.0,6.890417905770447,Extreme
36.59193953012074,27.28172472111016,68.17121527409752,9.0,0.9190835813663202,High
40.637269873221875,33.43525213678842,17.688797534900075,5.0,5.394864383050475,Extreme
47.64300876089639,35.162624471409586,37.05080408666946,6.0,3.583711259248079,Extreme
37.82044538915853,30.825909342734153,22.538389155688023,8.0,-0.43262501155079713,Moderate
32.13158579576326,19.708645519298692,30.258172585817444,7.0,9.26382765626289,Low
35.92132564054308,28.023095930460585,66.09847303179046,2.0,3.54963454322175,Moderate
36.27624663445549,27.368850459122292,65.27813041639345,7.0,7.623191893262828,High
30.753282553550616,21.915815381040243,48.68439303965697,10.0,3.579448376049803,Low
31.420301511645654,18.536032259845953,22.213758119159294,8.0,9.31096353736663,Moderate
42.375803541267224,32.24420164674545,49.66991331675267,5.0,2.195173678717872,High
35.129032838386955,26.15474495100744,43.21958974866347,6.0,3.5345371465646656,Moderate
48.05286622897196,33.67401631953801,72.63673222847598,3.0,7.347506642852149,Extreme
33.115531652530755,21.824074770477527,61.32212865592414,7.0,2.780340468089426,Moderate
30.07741460720127,22.725275573143293,54.325261386959916,3.0,3.0079277846869727,Low
43.82359582300542,28.92259176342491,53.95856658439961,4.0,9.943054907556458,Extreme
46.50175709027527,37.73260383390522,92.30375098083351,3.0,5.111759782593872,Extreme
33.84038049430124,28.41160734139072,75.50353773627604,4.0,6.583184990371629,High
32.24385013455504,21.803247670836058,54.75836483681022,4.0,6.078084575689708,Low
31.90108883229283,25.537770233443176,53.33780903111821,1.0,8.107165618722295,Moderate
38.96225832869676,31.339127447823593,17.118328104397076,8.0,8.480076093859173,High
37.83674946618219,24.61852986662067,90.40074106558453,5.0,5.195817457173406,High
33.44823663694522,27.009966689805715,40.533917741386375,10.0,2.240116824630393,Moderate
28.948635456777954,15.072248988883562,35.4751265504595,2.0,-0.749197276675336,Low
38.11131814685189,22.805337977411405,94.95271403101371,7.0,5.7584357617075215,High
48.145979300347776,36.474126195860386,72.49517372036196,2.0,8.080157165921815,Extreme
41.702903215805925,28.888952103554804,18.78910186394304,6.0,3.9559378606282545,High
38.40563768920099,25.556184980219395,19.950838162046118,5.0,0.8117675453995072,Moderate
30.32453355462194,14.403646024647045,17.04012511681583,5.0,2.1689028022920502,Low
33.30116210154133,24.544241217323478,62.969511961029525,7.0,4.609878224630511,Moderate
34.190252941065395,27.398830877395667,20.725160004956145,9.0,8.203493408754332,Moderate
44.06087460475192,33.350035020694385,89.67106854759444,4.0,0.8892846067526269,Extreme
46.410926742557,35.54517883440821,89.95252320181423,9.0,5.733648632804656,Extreme
46.93447892489521,39.97744155363762,58.68432533984638,2.0,7.287054753456,Extreme
48.675940773265836,36.9317371643303,64.33111451167606,3.0,9.296522723683054,Extreme
48.62970034519518,43.47432827695012,38.35155212201998,4.0,0.2837406084674535,Extreme
48.01298178812761,32.808629361131175,20.117803392661866,10.0,9.190307975810132,Extreme
29.508264950560573,21.597947894526694,73.99683561534525,2.0,5.616142886919274,Low
30.89366425448391,25.4585019621918,23.142879099921394,4.0,7.433717461755146,Moderate
34.39379705599669,28.203053199773265,21.84461128147145,5.0,-0.40847819474589,Low
39.61086333535369,31.968124904277634,39.897848736337906,9.0,4.567629712046546,High
30.036535662815066,22.02356780814857,15.997252787030565,5.0,5.848926414888731,Low
45.76173611384499,40.400826119369974,49.72284926050528,10.0,2.375172238601242,Extreme
40.95187976062349,32.87897682649247,71.61447280640614,8.0,3.7481522891137793,Extreme
39.389652448346304,32.267293346918,79.10791451375512,8.0,5.0972794880755785,Extreme
31.471537790713114,22.30670758893341,63.344584303913706,8.0,5.078027337502779,Moderate
33.31836496240415,24.081519851488487,82.749936249113,2.0,-0.5395232205247812,Low
31.36655252462742,22.637467377995748,47.52017630136883,5.0,3.834299432367816,Moderate
45.89059631369077,37.28343359485303,82.90176680483813,6.0,1.3519997027145396,Extreme
40.268785061285584,34.281741006131824,55.51786483987034,3.0,9.083645858938848,Extreme
43.4377179779123,38.160463559524516,32.84289023986362,2.0,9.742379891356675,Extreme
34.21669012111054,26.993432819389405,90.53165173283728,2.0,2.29611585987276,Moderate
35.79630537885382,22.473161677271055,36.99766990696932,8.0,0.9270393697616462,Low
36.50195425295721,20.60304683189487,17.09611873502345,7.0,1.4145456604317739,Moderate
43.96031440662473,28.746526480994113,34.41392343640216,3.0,4.255274808882491,High
44.21941274116593,33.672999830250475,44.33500490059422,8.0,8.619561590244961,Extreme
32.343084077794664,21.49302166423739,43.10797466314113,7.0,4.5003983643140355,Low
47.77231599150008,39.31191873210581,56.973400755485734,9.0,-0.3906873211317259,Extreme
30.533762086317413,17.020428261303195,85.65015056287388,10.0,-0.5612583701554159,Moderate
46.81856373089624,33.4062401636371,38.38705816877593,9.0,1.501300401851334,Extreme
30.108308558645994,15.821312625239104,56.66164863673351,2.0,8.270484053703717,Low
33.555336034177536,18.704785685011807,42.21111629507835,8.0,5.836286132886584,Moderate
45.7760492574271,35.998207526948846,80.74184474985603,4.0,5.192536391649206,Extreme
31.769333519267835,18.33370227008866,27.608121063078272,5.0,2.5086655184090634,Low
36.684926557509364,22.8145405407547,23.28082146480468,7.0,9.22367945550806,Moderate
37.44704529882665,29.0539894513514,55.23962025900814,7.0,2.642960694583457,High
33.1504384334874,17.928773749419754,68.75100686123935,5.0,8.184388539182414,Moderate
42.91514922805572,36.87739269901951,78.64201608726133,10.0,8.854938697734724,Extreme
45.87802763744628,29.94106666665017,62.16998823242531,2.0,4.3166851453775035,Extreme
46.36607793696701,32.895080037219444,76.90798090552005,1.0,8.837181964288169,Extreme
35.12576506046778,29.099785101900178,46.4168046848739,1.0,2.044836161301518,Moderate
39.147858280044105,26.929332150889095,17.629413621317518,9.0,6.242767688016034,High
33.216534481178684,27.84056096096782,24.28794463212452,5.0,-0.032398766231751086,Low
33.14072653255305,19.668670088667042,18.097808098319696,5.0,4.213276355016333,Low
31.386335319890406,17.594883181640796,41.315492038119416,7.0,1.390649823741827,Low
47.740399226957805,36.11388644295188,54.63930730149458,5.0,-0.30960394276336833,Extreme
46.64776540071718,32.2223010896349,43.50539869255515,6.0,-0.959019411146172,Extreme
44.32453297988154,38.247816897518085,59.847958005311376,1.0,2.572273280848892,Extreme
38.87089194704231,30.835729684593364,53.448731879423015,2.0,5.484836539904391,High
38.30276622574931,28.746813488229932,69.23542414911522,10.0,4.0075338241627305,High
39.124658989832454,33.65762150872337,68.3569730850725,5.0,2.319462283714457,Extreme
39.26792828511888,29.33755132183605,40.44513176869436,2.0,9.903200338538761,High
37.1258247786515,29.208476761413273,42.697156428887325,4.0,9.334775439776456,High
30.766851490733416,21.44676635761413,61.81182573130427,4.0,0.38218637521246557,Low
30.638940910239256,20.962811958323883,62.71459743126734,3.0,3.5661816933534425,Low
47.99724403275935,33.32371496439481,40.17599309097065,3.0,6.137316273929719,Extreme
38.12264595131336,30.14889527550933,41.42543086203402,8.0,7.068398772829304,High
48.017316023008966,33.186141607129976,70.52360105489177,2.0,3.0300937040043943,Extreme
31.43511443191231,21.74943381897097,66.79286583008556,4.0,7.209099940088825,Moderate
39.6427475928386,31.036862665204758,25.804064374381976,5.0,0.36565014201746115,Moderate
32.36206232038232,21.834429777695714,50.28335037403147,6.0,2.649938877834752,Moderate
33.316876728658634,23.7217005786674,86.41648629684722,9.0,6.880764933314955,High
28.631146153984755,20.800050710378148,17.904454088358015,10.0,5.882510692864126,Low
30.49801952554444,19.968546952787705,83.41311571873709,3.0,8.209312363478205,Low
47.25381656021311,40.583997496345965,28.054252565131492,6.0,-0.4845727506612941,Extreme
34.752192821128965,25.88096344787634,55.579890596937275,1.0,0.9183088960535337,Moderate
40.77071345020642,29.547021037091426,48.94691431384092,7.0,-0.46655959500836897,High
37.765296771774736,28.21780608348629,15.810346987316706,2.0,1.1132564667413245,Moderate
36.409476150150844,22.346440178592083,88.23175496717056,1.0,-0.9528890830377149,Moderate
39.16960791826743,31.345668541380604,51.39401818674445,7.0,4.546313318467529,High
31.93201783692217,16.26453046978106,91.3414621408492,2.0,4.81145835125081,Low
48.76068186891111,35.12873963954624,37.93951207833743,5.0,6.236809595465942,Extreme
45.18446524278112,29.54094195680893,84.3020618732778,2.0,3.234036919211478,Extreme
43.57390728736182,29.354405184228476,88.79116591965044,8.0,-0.9647154024629759,High
37.843945237293,31.28080205292493,59.54659330966245,8.0,6.4128026984840085,High
31.210419564653055,20.419358567667903,31.2142230294174,6.0,-0.4027980347729616,Low
47.33398302374493,40.46421929059129,69.81979456845761,9.0,8.527874738995184,Extreme
35.16912841501628,21.168627536116453,58.91824532235681,5.0,-0.750806135212689,Low
29.052240483635607,17.626456842619355,90.56237326821007,2.0,4.835226355822957,Low
35.1904772130232,27.292534755097236,50.141764944839345,2.0,8.844096706240729,Moderate
44.68359764041357,29.458008948334687,36.48109181118576,3.0,5.297385333676582,High
41.07688364475237,34.8098370582955,26.06296011952857,3.0,5.692584211983229,High
43.76761027964205,32.56512384145759,70.89068549493436,4.0,6.497719331711463,Extreme
44.66634306110993,31.734896959775945,92.92876951844659,3.0,0.3464973250351371,Extreme
32.4510468326914,26.80371292203465,17.267501645711878,6.0,6.424198108916155,Moderate
47.399449637956785,35.82303327268855,74.23562838225014,2.0,8.683903702140967,Extreme
37.197781661327824,23.222868291233787,89.15442900477333,7.0,9.716429161188481,High
41.419286634547454,35.67648617594887,20.982522738187946,4.0,3.8735719929418178,High
28.048484224321584,17.413811542148686,23.813603608490652,7.0,2.7895533684530154,Low
48.860738466634736,41.0166095069986,70.3565678759767,6.0,7.286405771559488,Extreme
33.89882410524726,21.60665513834113,66.83707007166306,10.0,4.971617169048461,High
29.30332523734326,22.997874199475966,20.506193225299654,5.0,1.8303511990053352,Low
37.62350287226679,22.315937134891215,81.75382017209252,3.0,0.8937367346667326,Moderate
30.709631200822876,15.867616801960827,56.87390782759139,6.0,0.8725333065201806,Low
31.19886091330909,24.15314229467629,87.575789866929,7.0,4.050947402667672,Moderate
41.277939073634414,32.72201434561826,85.23927047941635,5.0,0.8713684617721513,Extreme
36.251475222974896,24.787490501791424,80.00062152401325,6.0,-0.7830916158736565,Moderate
47.358901453254894,34.46021575027814,56.271911699553705,5.0,-0.42702347533341,Extreme
34.70228638676947,24.833070220006633,35.13685133995458,4.0,9.228729983482623,High
43.24978269606192,36.530578154491195,55.478040312890606,4.0,-0.19742524723850674,Extreme
37.68308803325306,31.53742160142147,23.064910224142405,10.0,-0.19501240360944494,Moderate
41.85897732371485,25.86155861765707,67.7076918778741,7.0,3.9630729008688568,High
40.593602491035796,30.584729155157437,25.71817753832061,1.0,1.6961031056853582,Moderate
37.928463427938965,23.330614187305486,55.89383700005784,10.0,9.589632373897475,High
47.95128298711318,37.64514693619292,19.35055793334542,8.0,9.020844234475847,Extreme
35.19698649785407,20.05105247384803,38.96099922197167,1.0,3.452175735383938,Low
31.721945526234723,25.756592315747667,33.56643685358303,8.0,3.9360467135788513,Moderate
42.23997527847639,35.98576417379633,64.60252341693364,6.0,3.126250183831272,Extreme
45.76615878746608,30.540204722499617,77.9429369618007,10.0,-0.5834727169255896,Extreme
28.8453285387384,13.422905043245766,19.58423636324209,5.0,2.2213152318017952,Low
37.44228645687629,28.98039453475729,83.02269481243074,6.0,0.3494081657318252,High
46.74224148343385,37.83542772650126,83.86141559636836,4.0,0.1260736301663502,Extreme
43.74199099738022,33.76503841419788,42.38152594304182,4.0,5.169477302300266,High
48.827962046450196,39.250183565709996,67.72032527762578,7.0,0.08641343484918473,Extreme
39.15969004354212,32.069192667986556,47.20904253627596,9.0,0.13224456174789956,High
41.85991009482418,26.97778087149106,27.33527057517052,9.0,4.285650863012834,High
34.352085903896494,26.56570229613441,57.292993485048825,8.0,3.865106016349026,Moderate
47.89824759298584,35.140251088731674,21.908773960127732,7.0,0.5139826364560631,Extreme
35.69304525968726,29.954332804602558,85.27777243167903,6.0,-0.951060727102507,Moderate
43.5087249664192,38.082460319606476,88.94318075276868,4.0,1.1227188594462822,Extreme
36.46594428650072,24.274909088154594,80.72905096091229,8.0,1.5948147960024481,Moderate
39.798197531322984,31.06902309801712,60.002249660478284,4.0,7.802732879697544,Extreme
43.11543323545247,30.905379915532457,59.607887290036395,3.0,9.069821855799365,Extreme
38.68761718677844,32.6533839629213,93.76859012807438,9.0,3.4653883723676673,High
47.04881286509968,31.60044768602518,34.83213518649463,6.0,3.455293991510756,Extreme
36.805320746484014,23.571661610659966,21.075869272416597,4.0,6.837294121358534,Moderate
41.58850776100983,26.949568197726038,59.95527388809422,9.0,5.896142172751579,High
35.18961109930114,28.68843500481152,41.30284782480827,10.0,1.0255420536275006,High
36.57129003285127,28.04951937502971,40.78710182464354,4.0,0.18458034525447498,Moderate
37.241052272904604,28.18926646663482,15.566828333595844,6.0,3.813730797205559,Moderate
30.64194738455799,19.733048252962988,62.69915276383464,5.0,5.213111994790393,Low
29.92619726023914,21.66064391965758,36.122696182049125,8.0,0.5257836347469018,Low
42.017288386081916,36.35035022199846,30.028683855414478,10.0,2.22600842749289,Extreme
41.7658725052041,32.708210317091925,18.234554511440297,6.0,2.3653729607363236,High
41.921103998412,34.1210615375119,44.148926118048905,8.0,1.8742802112658041,High
28.415095352196523,19.16996114610116,85.31750979091659,6.0,4.068373929209701,Low
34.85748369610738,27.69092872728709,41.93366460778979,9.0,6.183699427517124,High
32.154006792443134,24.273146672231043,69.3259368095675,5.0,4.603288719775916,Moderate
44.34117987342426,32.4447041286693,75.52375707215259,4.0,1.2160221847207864,Extreme
46.073238429318735,36.80354624896002,41.24806473521596,5.0,0.13232951752139732,Extreme
33.18028792174909,24.381070596884676,80.7312588009633,10.0,8.040575091885703,High
42.024832335807716,31.151870375861613,70.35037277335593,7.0,4.272351509895643,Extreme
30.716618872623762,17.226152923340578,59.739378296076126,2.0,-0.3164689745273508,Low
33.77820303763598,24.610655517808453,15.079397124050313,1.0,1.839336496145138,Low
30.91174442090181,19.449030002787566,17.80726127382465,6.0,7.844371562225703,Low
33.95393609858381,18.32570721953387,94.26926752848507,9.0,7.268989572509049,High
42.16946749433484,31.427686239036284,77.58271388028474,5.0,8.633982961871155,Extreme
47.1168651138903,32.10909177219731,90.00522070183577,6.0,5.622966086018613,Extreme
32.2529705664079,18.522571699587207,87.1842563934422,8.0,3.651965277938605,Moderate
39.383659733965104,33.737754235813455,16.635438651420067,6.0,3.6929849730989575,High
42.72921312611208,33.009125539950254,78.34778318328591,10.0,1.134000489422381,Extreme
48.01137183819688,35.32986935164241,51.091659520892364,7.0,6.1587885766967005,Extreme
40.811270140630654,24.957439103700455,78.16465632005246,8.0,5.4357563170213945,High
33.357245551575,23.31510634879836,15.537262733070811,8.0,0.7035085257171948,Low
41.135041295192664,35.11440129979853,38.05594409604514,7.0,8.742292120499123,Extreme
34.73031439523834,23.548213473396792,75.10590206330417,1.0,3.0531502364165677,Moderate
48.498696204525864,42.1064944911623,78.44166308812719,5.0,-0.4528735792682467,Extreme
36.393198838436376,23.126483675363048,64.57716809716992,2.0,2.606690128577622,Moderate
42.3939821359813,31.809535163901742,39.1004951557011,6.0,8.568423861827334,Extreme
28.487779229281927,15.530034177131775,39.82900730302903,2.0,9.08652244447963,Low
36.40129036882986,21.8383102731661,92.3411170913626,6.0,4.394382589855969,Moderate
46.377259879772744,34.458831690982194,50.136974338736366,4.0,9.519739340807597,Extreme
40.814776333098166,29.077943711313168,50.77004401950696,1.0,8.627659901331736,High
37.322800614315504,24.022527364479558,59.18662001925596,2.0,8.077537888091479,Moderate
47.654687488150245,33.3876824721709,47.7601869491511,6.0,8.456810711504266,Extreme
45.93367189909181,31.374080250044784,59.213725167793136,1.0,3.2006295338570583,Extreme
34.766529150281706,29.36579699776999,49.58683382140463,9.0,7.32115834831098,High
39.435516442868135,28.317423178092454,81.13719356817494,8.0,5.350729033837642,Extreme
38.28630937794172,30.907346970168653,87.72408158386271,8.0,6.916524019143373,Extreme
41.276252502412106,26.812447703812488,89.56882078522894,2.0,0.9556471833885208,High
35.01633660613387,22.883962068896896,60.143696466350924,8.0,7.045333029524361,Moderate
33.12830501608365,23.505857746726832,50.37188459715963,7.0,9.533516776135889,High
47.16610854036626,40.096962031031396,71.41920470334703,4.0,2.3292965461957253,Extreme
47.401364489468634,38.672104604350544,82.06588730367253,1.0,9.847774563511898,Extreme
45.70978060100156,32.96822596105909,60.03857936531017,6.0,3.162136162859082,Extreme
48.54229304605579,41.29433804872777,70.99848174578091,8.0,1.1969584672313616,Extreme
43.64482204137346,37.61540964265136,74.97834805769985,1.0,0.2351485278026223,High
44.058011799801996,29.289695459298933,69.11150213738294,1.0,7.634581046169956,Extreme
44.01439193121546,30.608078085834173,74.69068445834476,4.0,5.103079404142252,Extreme
38.092760249788434,30.895016012548975,31.691626604479872,6.0,2.378444230282317,High
37.58549608479971,29.3700691070698,54.869963761743804,5.0,5.692954067731336,High
33.04475179912907,17.351979850689325,62.06148436840698,5.0,2.653113066251052,Low
41.5412030815451,28.751173727194807,15.198234468561846,3.0,3.931935330613046,High
34.07572285814903,22.359980811796955,83.47700070509455,1.0,8.489305383284002,Moderate
33.41397660374944,25.030063264084006,63.801960675592966,1.0,6.349831245450813,Moderate
40.30518885601715,32.01481227018541,25.33090653585626,1.0,7.3864202367518805,High
36.609630152725906,31.17487034713337,80.30856580606617,7.0,5.418429066165339,Extreme
32.59598878468728,19.582688248766033,72.36455731524357,8.0,9.90537853774183,Moderate
45.13717635180945,39.662248876183725,75.66396347709096,5.0,1.6555107291998195,Extreme
46.0719683051819,41.018537589631826,46.3633969489485,1.0,1.8852027679069623,Extreme
31.5216899132334,18.49724394676263,83.33620053559937,5.0,0.018148326121661618,Low
28.157647688799997,12.720036360159618,48.12220657058898,10.0,5.094214522777816,Low
35.05872933911685,21.737195814116436,60.640732235647306,3.0,5.7469516004920465,Moderate
44.7477275492958,34.55968545242764,15.051384295989898,5.0,6.985577301887018,High
45.62265119092081,35.276153445751206,66.58984917422897,6.0,2.689905185441871,Extreme
30.904910472437034,21.107409823296877,72.45406337023493,4.0,-0.8651751794847008,Low
44.26105392484408,35.68997358663041,60.36874923910339,5.0,5.9545249079715195,Extreme
30.42978751349802,19.69093115745378,54.724705363489285,5.0,9.98565041772421,Low
36.191314393287115,26.44865386473485,79.79491789693667,5.0,2.2400428916899173,Moderate
48.97079981525023,37.390953134801705,69.50981737321935,8.0,1.023278977159217,Extreme
32.044407287849104,17.165086402337067,37.24592317760184,6.0,2.0994365360898852,Low
31.233235234130156,15.288131643568242,91.72586704639886,1.0,3.6795702225475195,Low
36.87880698348266,31.012630794770573,71.58137553562726,1.0,1.7600422184782114,High
41.01303904536709,31.78152084609233,94.03511431299397,5.0,2.816560279042829,Extreme
47.59091643067832,40.60314827724341,92.70090530150947,10.0,6.020274124372989,Extreme
48.597244056193716,39.72391884301285,88.51277782480719,1.0,2.795307855268762,Extreme
29.462453368419286,21.300250164386632,75.42972329802461,1.0,3.356648392620201,Low
30.897947864306012,23.97803941641134,63.754349479757394,7.0,-0.5596561092080966,Low
44.60549745181587,31.20066086418168,28.773653094633936,5.0,9.097367517851566,Extreme
33.68327519768807,23.224099026566474,58.468113393900616,3.0,3.47574555906339,Moderate
46.581830249633576,31.47012884524409,76.23012179154618,3.0,2.6095786763827373,Extreme
41.932518401810825,36.57400152609367,56.66857269644542,7.0,-0.04867384130077046,Extreme
30.348740849994222,24.61198270554233,84.45913027245263,6.0,5.97601536934702,Moderate
45.48311498340415,36.04710557117036,23.77247193533586,7.0,8.502074452901304,Extreme
31.703483980169594,25.820433455725187,45.47522784389073,3.0,-0.5473147994235966,Low
36.89340328827273,29.003377727709562,55.47715348749258,6.0,0.5979971410263905,Moderate
39.59588349974593,23.74955632590307,49.58602366952864,9.0,0.6102881177482806,High
38.51608913068584,31.217533448355088,23.686923825724246,4.0,5.625023408825722,High
42.40942122791816,35.23012607238516,27.282263523570442,4.0,9.133535529902057,Extreme
41.70642143225436,30.39637407550156,82.00938342843897,2.0,3.8154520377206054,High
48.83288211608915,38.35490091736443,53.75074073611608,7.0,2.781870930132357,Extreme
48.987860093707944,37.603038824476656,18.89779414021821,1.0,7.424247541563604,Extreme
38.84564745534846,29.70155939505445,16.31930071821199,3.0,7.168259679312166,High
29.999180826178144,15.904794867333726,52.87803215954612,8.0,1.7143175320493058,Low
43.28470927834309,36.760323212475996,28.150298073955497,1.0,0.7690899853867466,High
48.509945642548374,38.79762653829225,71.41007567993775,10.0,2.93591035656892,Extreme
34.684854140209424,22.097473807324466,78.62587700222011,5.0,7.531637314492944,Moderate
37.68538660258905,23.134785759477154,33.26373667656845,4.0,6.645697289064762,High
36.92031542112458,27.855027751200243,62.37415559054246,6.0,6.324390769918257,High
29.079802245695518,17.83460065566424,27.355571478830882,7.0,8.123714161795242,Low
42.11755305569234,36.357013660612466,39.28661212755096,5.0,2.048433435755331,High
35.42009159643782,28.5465816272077,86.10363953451467,9.0,2.736520980164611,High
44.53674136726155,38.77622158013429,58.52784731858486,10.0,-0.5342660432990641,Extreme
45.47452158092171,32.46783176893797,85.871095611536,3.0,8.556203533838868,Extreme
45.24584651855476,37.07718686261121,33.01982433436056,8.0,5.406727084143959,Extreme
36.749985958837485,23.788787766727268,41.40194745989328,4.0,2.2793452107206265,Moderate
34.75245932705889,29.022078257582866,52.676171076545366,10.0,-0.23641815405697897,Moderate
43.72523637300815,29.237210568516574,53.406406015563434,3.0,6.9575045347870565,Extreme
44.829178110697185,30.63834593147518,94.81183737469604,3.0,7.236112715039672,Extreme
38.31640637421869,32.33819020066558,24.155625517690407,8.0,6.327965173265248,High
46.753651410262364,41.492329839233314,83.15720284812726,8.0,1.2415906804140249,Extreme
31.022082617649723,25.40290567484782,84.09456315374962,2.0,9.045376643594654,Moderate
46.46044437283816,32.07051246822409,59.25589052302299,6.0,7.28473820922964,Extreme
30.017999892409506,22.43626151283865,42.5229734607323,4.0,6.235319559423673,Low
31.224035963146893,20.193029466706818,56.53808834306369,7.0,6.160383157639663,Low
39.21064027875317,29.521954043772546,38.3974163845251,6.0,8.947934701008053,Extreme
29.417888083935715,15.667107295421092,78.92859587519516,10.0,9.21137846406836,Moderate
29.10894912940232,18.731067813224943,54.862332696826414,10.0,5.55201159811264,Low
28.010893627479817,17.50362438020585,89.06737431019604,7.0,3.5833635205880325,Low
37.16264985357952,21.2826385190806,64.8153075484835,7.0,3.0010737751535785,Moderate
44.26710150713683,37.615676382895,56.14554664917467,9.0,8.009867251887947,Extreme
28.73160535587823,14.593862029672984,71.88554831821219,2.0,6.090658738177669,Low
41.69740973578296,36.12816253414023,55.31463715441874,8.0,-0.15007366720980997,Extreme
45.285673665739914,35.031537200437235,87.36050803355577,8.0,0.5640461431652992,Extreme
31.528017820135293,16.778334756872034,29.755676870947305,2.0,8.90204484615331,Low
31.08413843124949,18.766784809604154,92.86789469967245,9.0,8.729479629149509,Moderate
46.076820446031256,33.539459633003794,79.97524414809536,7.0,9.470156935672158,Extreme
45.28561680895199,37.38912670413065,83.85866894918956,4.0,3.7063606406115612,Extreme
39.317777091547924,29.713454386571925,53.63262658968569,5.0,7.624669984047778,High
45.20319746517359,36.17080576668403,81.97612394700779,5.0,8.110475300457537,Extreme
29.94787762591439,19.212002314176452,39.54192668617641,10.0,2.4726659642201243,Low
36.284111876713844,26.199604645133494,75.95585428513401,10.0,0.5987148234985645,High
43.49374867823383,34.897866807586944,26.236012671121813,9.0,9.967289978030902,Extreme
33.40649114580323,25.04620440972036,39.5641532770007,7.0,-0.6675887587351511,Moderate
43.798907203104605,36.03952539489826,50.65861306877863,2.0,5.570695105825873,Extreme
38.58775069220709,29.572230976474746,40.78557745147375,10.0,6.152335015998798,High
43.75558574691289,37.106229489638224,45.96136924993469,2.0,6.499682761666132,Extreme
37.75827239500392,23.165125072964607,80.60837958269585,2.0,1.8119051836599869,Moderate
35.72599114465817,24.102677834490464,35.53407137137341,1.0,6.937371687287358,Moderate
32.60297354605128,26.13132286451887,74.62249377236577,10.0,1.3803951960939207,Moderate
32.375966170135314,19.743513493836296,20.89696552893215,5.0,8.119420813268507,Low
43.78130702199932,29.456975874021612,76.25912860120486,3.0,1.41028341493098,High
30.49711730871317,22.884224916138322,78.36185942638184,1.0,6.663766319836852,Low
29.80562935232985,23.149022814619947,47.13590204019856,5.0,7.617548344173734,Moderate
31.702118665464734,26.60732883699346,72.79822585339764,8.0,1.0784032550840763,Moderate
31.68227674053236,26.162523013111024,88.21107229960793,10.0,1.6178513639586305,Moderate
45.285260078944894,31.900495247606266,79.05703788436215,6.0,7.570141126078036,Extreme
36.36863909295846,20.50958944049983,46.235720831756794,7.0,-0.054011312015518675,Moderate
48.79815760457013,43.304474057331085,53.73708114240515,9.0,1.0983704771333054,Extreme
30.88143641360286,17.652655863724043,77.34860358286443,10.0,4.010839968089067,Moderate
41.72433633956651,35.933852515315955,38.407567187929885,3.0,9.232001216192476,Extreme
37.423319651226265,25.90985857728593,79.31061922470988,10.0,5.180656183823115,High
36.25128171063855,22.934453603927935,41.245691404875295,6.0,3.2644563302904803,Moderate
46.37676818013573,37.425519810190615,79.47924659084305,10.0,9.762072444447243,Extreme
48.48750856239639,43.36722663017909,21.94403546805787,2.0,4.100824368434174,Extreme
46.330038134257755,34.78295526087807,18.55178375284721,1.0,3.7710847105623024,Extreme
32.038314259737795,16.13462335019749,94.81403578958579,9.0,3.5280874857649587,Moderate
32.63675634538762,24.802964694164164,84.55656985877512,7.0,2.433980798674759,Moderate
41.77755146099633,34.693147411936955,85.62780027729632,2.0,2.582642907113428,Extreme
34.07075521440203,27.70757039411336,91.1023958085294,9.0,6.566207659224479,High
43.42922774639218,32.321415927491564,50.065304753159026,2.0,-0.5508084292393075,High
